"study_id","participant_id","trial","rating","scenario","trial_type","negation_position","adverb_type","ideophone_form","continuation_type","condition","word_order","included","exclusion_reason"
"exp1","exp1_001","1 C_Aff_Red_Red_50",5,"1","experimental","second_clause","ideophone","reduplication","match","match","canonical",TRUE,""
"exp1","exp1_001","1 C_CT_Aff_Good_46",5,"1","catch","second_clause",,,,"felicitous","canonical",TRUE,""
"exp1","exp1_001","1 C_F_Aff_InDirObj_42",5,"1","filler","second_clause",,,,"indirect_object","canonical",TRUE,""
"exp1","exp1_001","1¬†C_CT_Aff_Good_45",5,"1","catch","second_clause",,,,"felicitous","canonical",TRUE,""
"exp1","exp1_001","1¬†C_F_Aff_DirObj",5,"1","filler","second_clause",,,,"direct_object","canonical",TRUE,""
"exp1","exp1_001","2 C_F_Aff_DirObj_44",5,"2","filler","second_clause",,,,"direct_object","canonical",TRUE,""
"exp1","exp1_001","2 C_F_Aff_InDirObj_43",5,"2","filler","second_clause",,,,"indirect_object","canonical",TRUE,""
"exp1","exp1_001","2 C_Neg_Time_Time",5,"2","experimental","first_clause","temporal",,"match","match","canonical",TRUE,""
"exp1","exp1_001","3 C_Aff_Red_Loc",5,"3","experimental","second_clause","ideophone","reduplication","mismatch","mismatch","canonical",TRUE,""
"exp1","exp1_001","3 C_Aff_Red_Red",5,"3","experimental","second_clause","ideophone","reduplication","match","match","canonical",TRUE,""
"exp1","exp1_001","3 C_F_Neg_DirObj_41",5,"3","filler","first_clause",,,,"direct_object","canonical",TRUE,""
"exp1","exp1_001","3 C_F_Neg_InDirObj_40",5,"3","filler","first_clause",,,,"indirect_object","canonical",TRUE,""
"exp1","exp1_001","3¬†C_CT_Neg_Good",5,"3","catch","first_clause",,,,"felicitous","canonical",TRUE,""
"exp1","exp1_001","4 C_Aff_Time_Time",5,"4","experimental","second_clause","temporal",,"match","match","canonical",TRUE,""
"exp1","exp1_001","4 C_CT_Neg_Good_39",5,"4","catch","first_clause",,,,"felicitous","canonical",TRUE,""
"exp1","exp1_001","4 C_F_Neg_DirObj_51",5,"4","filler","first_clause",,,,"direct_object","canonical",TRUE,""
"exp1","exp1_001","4 C_F_Neg_InDirObj",5,"4","filler","first_clause",,,,"indirect_object","canonical",TRUE,""
"exp1","exp1_001","5 C_Neg_Manner_Manne",5,"5","experimental","first_clause","manner",,"match","match","canonical",TRUE,""
"exp1","exp1_001","6 C_Neg_Red_Red",5,"6","experimental","first_clause","ideophone","reduplication","match","match","canonical",TRUE,""
"exp1","exp1_001","1 C_Aff_Red_Loc_49",4,"1","experimental","second_clause","ideophone","reduplication","mismatch","mismatch","canonical",TRUE,""
"exp1","exp1_001","5 C_Neg_Manner_Loc",4,"5","experimental","first_clause","manner",,"mismatch","mismatch","canonical",TRUE,""
"exp1","exp1_001","6 C_Neg_Red_Loc",4,"6","experimental","first_clause","ideophone","reduplication","mismatch","mismatch","canonical",TRUE,""
"exp1","exp1_001","2 C_Neg_Time_Loc",3,"2","experimental","first_clause","temporal",,"mismatch","mismatch","canonical",TRUE,""
"exp1","exp1_001","4 C_Aff_Time_Loc",3,"4","experimental","second_clause","temporal",,"mismatch","mismatch","canonical",TRUE,""
"exp1","exp1_001","2 C_CT_Aff_Bad_48",1,"2","catch","second_clause",,,,"infelicitous","canonical",TRUE,""
"exp1","exp1_001","2¬†C_CT_Aff_Bad_47",1,"2","catch","second_clause",,,,"infelicitous","canonical",TRUE,""
"exp1","exp1_001","3 C_CT_Neg_Bad_37",1,"3","catch","first_clause",,,,"infelicitous","canonical",TRUE,""
"exp1","exp1_001","4¬†C_CT_Neg_Bad_38",1,"4","catch","first_clause",,,,"infelicitous","canonical",TRUE,""
"exp1","exp1_002","1 C_CT_Aff_Good_22",5,"1","catch","second_clause",,,,"felicitous","canonical",TRUE,""
"exp1","exp1_002","1¬†C_CT_Aff_Good",5,"1","catch","second_clause",,,,"felicitous","canonical",TRUE,""
"exp1","exp1_002","3 C_F_Neg_DirObj_24",5,"3","filler","first_clause",,,,"direct_object","canonical",TRUE,""
"exp1","exp1_002","1 C_F_Aff_DirObj_29",4,"1","filler","second_clause",,,,"direct_object","canonical",TRUE,""
"exp1","exp1_002","1 C_Neg_Time_Time",4,"1","experimental","first_clause","temporal",,"match","match","canonical",TRUE,""
"exp1","exp1_002","2 C_Aff_Red_Red",4,"2","experimental","second_clause","ideophone","reduplication","match","match","canonical",TRUE,""
"exp1","exp1_002","2 C_F_Neg_InDirObj_35",4,"2","filler","first_clause",,,,"indirect_object","canonical",TRUE,""
"exp1","exp1_002","3 C_CT_Neg_Good_34",4,"3","catch","first_clause",,,,"felicitous","canonical",TRUE,""
"exp1","exp1_002","4 C_F_Aff_DirObj_28",4,"4","filler","second_clause",,,,"direct_object","canonical",TRUE,""
"exp1","exp1_002","4 C_Neg_Manner_Manne",4,"4","experimental","first_clause","manner",,"match","match","canonical",TRUE,""
"exp1","exp1_002","4¬†C_CT_Aff_Good_31",4,"4","catch","second_clause",,,,"felicitous","canonical",TRUE,""
"exp1","exp1_002","5 C_Neg_Red_Red",4,"5","experimental","first_clause","ideophone","reduplication","match","match","canonical",TRUE,""
"exp1","exp1_002","1 C_Neg_Time_Loc",3,"1","experimental","first_clause","temporal",,"mismatch","mismatch","canonical",TRUE,""
"exp1","exp1_002","1 C_F_Aff_InDirObj_30",2,"1","filler","second_clause",,,,"indirect_object","canonical",TRUE,""
"exp1","exp1_002","2 C_Aff_Red_Loc",2,"2","experimental","second_clause","ideophone","reduplication","mismatch","mismatch","canonical",TRUE,""
"exp1","exp1_002","2 C_F_Neg_DirObj_36",2,"2","filler","first_clause",,,,"direct_object","canonical",TRUE,""
"exp1","exp1_002","3 C_Aff_Time_Loc",2,"3","experimental","second_clause","temporal",,"mismatch","mismatch","canonical",TRUE,""
"exp1","exp1_002","3 C_Aff_Time_Time",2,"3","experimental","second_clause","temporal",,"match","match","canonical",TRUE,""
"exp1","exp1_002","3 C_F_Neg_InDirObj_23",2,"3","filler","first_clause",,,,"indirect_object","canonical",TRUE,""
"exp1","exp1_002","4 C_F_Aff_InDirObj_27",2,"4","filler","second_clause",,,,"indirect_object","canonical",TRUE,""
"exp1","exp1_002","6 C_Aff_Manner_Loc",2,"6","experimental","second_clause","manner",,"mismatch","mismatch","canonical",TRUE,""
"exp1","exp1_002","6 C_Aff_Manner_Manne",2,"6","experimental","second_clause","manner",,"match","match","canonical",TRUE,""
"exp1","exp1_002","2 C_CT_Neg_Bad_26",1,"2","catch","first_clause",,,,"infelicitous","canonical",TRUE,""
"exp1","exp1_002","2¬†C_CT_Neg_Bad_25",1,"2","catch","first_clause",,,,"infelicitous","canonical",TRUE,""
"exp1","exp1_002","3 C_CT_Neg_Bad_33",1,"3","catch","first_clause",,,,"infelicitous","canonical",TRUE,""
"exp1","exp1_002","4 C_CT_Aff_Bad_32",1,"4","catch","second_clause",,,,"infelicitous","canonical",TRUE,""
"exp1","exp1_002","4 C_Neg_Manner_Loc",1,"4","experimental","first_clause","manner",,"mismatch","mismatch","canonical",TRUE,""
"exp1","exp1_002","5 C_Neg_Red_Loc",1,"5","experimental","first_clause","ideophone","reduplication","mismatch","mismatch","canonical",TRUE,""
"exp1","exp1_003","1 C_CT_Neg_Good",5,"1","catch","first_clause",,,,"felicitous","canonical",TRUE,""
"exp1","exp1_003","1 C_CT_Neg_Good_3",5,"1","catch","first_clause",,,,"felicitous","canonical",TRUE,""
"exp1","exp1_003","1 C_F_Neg_DirObj",5,"1","filler","first_clause",,,,"direct_object","canonical",TRUE,""
"exp1","exp1_003","2 C_F_Aff_DirObj",5,"2","filler","second_clause",,,,"direct_object","canonical",TRUE,""
"exp1","exp1_003","2 C_F_Aff_InDirObj",5,"2","filler","second_clause",,,,"indirect_object","canonical",TRUE,""
"exp1","exp1_003","3 C_CT_Neg_Good",5,"3","catch","first_clause",,,,"felicitous","canonical",TRUE,""
"exp1","exp1_003","3 C_F_Neg_DirObj",5,"3","filler","first_clause",,,,"direct_object","canonical",TRUE,""
"exp1","exp1_003","4 C_CT_Aff_Good",5,"4","catch","second_clause",,,,"felicitous","canonical",TRUE,""
"exp1","exp1_003","4 C_F_Aff_DirObj",5,"4","filler","second_clause",,,,"direct_object","canonical",TRUE,""
"exp1","exp1_003","4 C_Neg_Time_Time",5,"4","experimental","first_clause","temporal",,"match","match","canonical",TRUE,""
"exp1","exp1_003","5 C_Aff_Red_Red",5,"5","experimental","second_clause","ideophone","reduplication","match","match","canonical",TRUE,""
"exp1","exp1_003","3 C_Aff_Manner_Loc",4,"3","experimental","second_clause","manner",,"mismatch","mismatch","canonical",TRUE,""
"exp1","exp1_003","3 C_F_Neg_InDirObj",4,"3","filler","first_clause",,,,"indirect_object","canonical",TRUE,""
"exp1","exp1_003","5 C_Aff_Red_Loc",4,"5","experimental","second_clause","ideophone","reduplication","mismatch","mismatch","canonical",TRUE,""
"exp1","exp1_003","6 C_Aff_Time_Time",4,"6","experimental","second_clause","temporal",,"match","match","canonical",TRUE,""
"exp1","exp1_003","1 C_Neg_Manner_Manne",3,"1","experimental","first_clause","manner",,"match","match","canonical",TRUE,""
"exp1","exp1_003","3C_Aff_Manner_Manner",3,"3","experimental","second_clause","manner",,"match","match","canonical",TRUE,""
"exp1","exp1_003","4 C_F_Aff_InDirObj",3,"4","filler","second_clause",,,,"indirect_object","canonical",TRUE,""
"exp1","exp1_003","4 C_Neg_Time_Loc",3,"4","experimental","first_clause","temporal",,"mismatch","mismatch","canonical",TRUE,""
"exp1","exp1_003","6 C_Aff_Time_Loc",3,"6","experimental","second_clause","temporal",,"mismatch","mismatch","canonical",TRUE,""
"exp1","exp1_003","1 C_F_Neg_InDirObj",2,"1","filler","first_clause",,,,"indirect_object","canonical",TRUE,""
"exp1","exp1_003","1 C_Neg_Manner_Loc",1,"1","experimental","first_clause","manner",,"mismatch","mismatch","canonical",TRUE,""
"exp1","exp1_003","2 CT_Aff_Bad",1,"2","catch","second_clause",,,,"infelicitous","canonical",TRUE,""
"exp1","exp1_003","2 CT_Aff_Bad_4",1,"2","catch","second_clause",,,,"infelicitous","canonical",TRUE,""
"exp1","exp1_003","2 C_Neg_Red_Loc",1,"2","experimental","first_clause","ideophone","reduplication","mismatch","mismatch","canonical",TRUE,""
"exp1","exp1_003","2 C_Neg_Red_Red",1,"2","experimental","first_clause","ideophone","reduplication","match","match","canonical",TRUE,""
"exp1","exp1_003","3 C_CT_Neg_Bad",1,"3","catch","first_clause",,,,"infelicitous","canonical",TRUE,""
"exp1","exp1_003","4 C_CT_Aff_Bad",1,"4","catch","second_clause",,,,"infelicitous","canonical",TRUE,""
"exp1","exp1_004","1 C_Aff_Time_Time",5,"1","experimental","second_clause","temporal",,"match","match","canonical",TRUE,""
"exp1","exp1_004","1 C_CT_Aff_Good_5",5,"1","catch","second_clause",,,,"felicitous","canonical",TRUE,""
"exp1","exp1_004","1 C_CT_Aff_Good_6",5,"1","catch","second_clause",,,,"felicitous","canonical",TRUE,""
"exp1","exp1_004","1 C_F_Aff_DirObj_11",5,"1","filler","second_clause",,,,"direct_object","canonical",TRUE,""
"exp1","exp1_004","2 C_F_Neg_DirObj_8",5,"2","filler","first_clause",,,,"direct_object","canonical",TRUE,""
"exp1","exp1_004","2 C_Neg_Manner_Manne",5,"2","experimental","first_clause","manner",,"match","match","canonical",TRUE,""
"exp1","exp1_004","3 C_Neg_Red_Loc",5,"3","experimental","first_clause","ideophone","reduplication","mismatch","mismatch","canonical",TRUE,""
"exp1","exp1_004","3 C_Neg_Red_Red",5,"3","experimental","first_clause","ideophone","reduplication","match","match","canonical",TRUE,""
"exp1","exp1_004","3¬†C_F_Aff_DirObj",5,"3","filler","second_clause",,,,"direct_object","canonical",TRUE,""
"exp1","exp1_004","4 C_CT_Neg_Good_9",5,"4","catch","first_clause",,,,"felicitous","canonical",TRUE,""
"exp1","exp1_004","4 C_F_Neg_DirObj",5,"4","filler","first_clause",,,,"direct_object","canonical",TRUE,""
"exp1","exp1_004","5 C_Neg_Time_Time",5,"5","experimental","first_clause","temporal",,"match","match","canonical",TRUE,""
"exp1","exp1_004","1 C_Aff_Time_Loc",4,"1","experimental","second_clause","temporal",,"mismatch","mismatch","canonical",TRUE,""
"exp1","exp1_004","2 C_F_Neg_InDirObj_7",4,"2","filler","first_clause",,,,"indirect_object","canonical",TRUE,""
"exp1","exp1_004","3 C_F_Aff_InDirObj",4,"3","filler","second_clause",,,,"indirect_object","canonical",TRUE,""
"exp1","exp1_004","3¬†C_CT_Aff_Good",4,"3","catch","second_clause",,,,"felicitous","canonical",TRUE,""
"exp1","exp1_004","4 C_Aff_Manner_Loc",4,"4","experimental","second_clause","manner",,"mismatch","mismatch","canonical",TRUE,""
"exp1","exp1_004","4 C_Aff_Manner_Manne",4,"4","experimental","second_clause","manner",,"match","match","canonical",TRUE,""
"exp1","exp1_004","4¬†C_F_Neg_InDirObj",4,"4","filler","first_clause",,,,"indirect_object","canonical",TRUE,""
"exp1","exp1_004","6 C_Aff_Red_Loc",4,"6","experimental","second_clause","ideophone","reduplication","mismatch","mismatch","canonical",TRUE,""
"exp1","exp1_004","6 C_Aff_Red_Red",4,"6","experimental","second_clause","ideophone","reduplication","match","match","canonical",TRUE,""
"exp1","exp1_004","1¬†C_F_Aff_InDirObj",3,"1","filler","second_clause",,,,"indirect_object","canonical",TRUE,""
"exp1","exp1_004","2 C_Neg_Manner_Loc",3,"2","experimental","first_clause","manner",,"mismatch","mismatch","canonical",TRUE,""
"exp1","exp1_004","5 C_Neg_Time_Loc",3,"5","experimental","first_clause","temporal",,"mismatch","mismatch","canonical",TRUE,""
"exp1","exp1_004","2 C_CT_Neg_Bad_12",1,"2","catch","first_clause",,,,"infelicitous","canonical",TRUE,""
"exp1","exp1_004","2¬†C_CT_Neg_Bad",1,"2","catch","first_clause",,,,"infelicitous","canonical",TRUE,""
"exp1","exp1_004","3 C_CT_Aff_Bad_10",1,"3","catch","second_clause",,,,"infelicitous","canonical",TRUE,""
"exp1","exp1_004","4¬†C_CT_Neg_Bad",1,"4","catch","first_clause",,,,"infelicitous","canonical",TRUE,""
"exp1","exp1_005","1 C_Aff_Red_Loc",5,"1","experimental","second_clause","ideophone","reduplication","mismatch","mismatch","canonical",TRUE,""
"exp1","exp1_005","1 C_Aff_Red_Red",5,"1","experimental","second_clause","ideophone","reduplication","match","match","canonical",TRUE,""
"exp1","exp1_005","1 C_CT_Neg_Good_19",5,"1","catch","first_clause",,,,"felicitous","canonical",TRUE,""
"exp1","exp1_005","1 C_CT_Neg_Good_20",5,"1","catch","first_clause",,,,"felicitous","canonical",TRUE,""
"exp1","exp1_005","1 C_F_Neg_InDirObj_18",5,"1","filler","first_clause",,,,"indirect_object","canonical",TRUE,""
"exp1","exp1_005","1¬†C_F_Neg_DirObj",5,"1","filler","first_clause",,,,"direct_object","canonical",TRUE,""
"exp1","exp1_005","2 C_Aff_Time_Time",5,"2","experimental","second_clause","temporal",,"match","match","canonical",TRUE,""
"exp1","exp1_005","2 C_F_Aff_DirObj_21",5,"2","filler","second_clause",,,,"direct_object","canonical",TRUE,""
"exp1","exp1_005","2¬†C_F_Aff_InDirObj",5,"2","filler","second_clause",,,,"indirect_object","canonical",TRUE,""
"exp1","exp1_005","3 C_CT_Neg_Good_15",5,"3","catch","first_clause",,,,"felicitous","canonical",TRUE,""
"exp1","exp1_005","3 C_F_Neg_DirObj_17",5,"3","filler","first_clause",,,,"direct_object","canonical",TRUE,""
"exp1","exp1_005","3 C_F_Neg_InDirObj_16",5,"3","filler","first_clause",,,,"indirect_object","canonical",TRUE,""
"exp1","exp1_005","3 C_Neg_Manner_Loc",5,"3","experimental","first_clause","manner",,"mismatch","mismatch","canonical",TRUE,""
"exp1","exp1_005","3 C_Neg_Manner_Manne",5,"3","experimental","first_clause","manner",,"match","match","canonical",TRUE,""
"exp1","exp1_005","4 C_F_Aff_InDirObj_13",5,"4","filler","second_clause",,,,"indirect_object","canonical",TRUE,""
"exp1","exp1_005","4 C_Neg_Red_Loc",5,"4","experimental","first_clause","ideophone","reduplication","mismatch","mismatch","canonical",TRUE,""
"exp1","exp1_005","4 C_Neg_Red_Red",5,"4","experimental","first_clause","ideophone","reduplication","match","match","canonical",TRUE,""
"exp1","exp1_005","4¬†C_CT_Aff_Good",5,"4","catch","second_clause",,,,"felicitous","canonical",TRUE,""
"exp1","exp1_005","4¬†C_F_Aff_DirObj",5,"4","filler","second_clause",,,,"direct_object","canonical",TRUE,""
"exp1","exp1_005","5 C_Aff_Manner_Loc",5,"5","experimental","second_clause","manner",,"mismatch","mismatch","canonical",TRUE,""
"exp1","exp1_005","5 C_Aff_Manner_Manne",5,"5","experimental","second_clause","manner",,"match","match","canonical",TRUE,""
"exp1","exp1_005","6 C_Neg_Time_Time",5,"6","experimental","first_clause","temporal",,"match","match","canonical",TRUE,""
"exp1","exp1_005","2 C_Aff_Time_Loc",4,"2","experimental","second_clause","temporal",,"mismatch","mismatch","canonical",TRUE,""
"exp1","exp1_005","6 C_Neg_Time_Loc",2,"6","experimental","first_clause","temporal",,"mismatch","mismatch","canonical",TRUE,""
"exp1","exp1_005","2 C_CT_Aff_Bad",1,"2","catch","second_clause",,,,"infelicitous","canonical",TRUE,""
"exp1","exp1_005","2¬†C_CT_Aff_Bad",1,"2","catch","second_clause",,,,"infelicitous","canonical",TRUE,""
"exp1","exp1_005","3 C_CT_Neg_Bad_14",1,"3","catch","first_clause",,,,"infelicitous","canonical",TRUE,""
"exp1","exp1_005","4¬†C_CT_Aff_Bad",1,"4","catch","second_clause",,,,"infelicitous","canonical",TRUE,""
"exp1","exp1_006","1 C_CT_Aff_Good_22",5,"1","catch","second_clause",,,,"felicitous","canonical",TRUE,""
"exp1","exp1_006","1 C_Neg_Time_Time",5,"1","experimental","first_clause","temporal",,"match","match","canonical",TRUE,""
"exp1","exp1_006","1¬†C_CT_Aff_Good",5,"1","catch","second_clause",,,,"felicitous","canonical",TRUE,""
"exp1","exp1_006","2 C_Aff_Red_Loc",5,"2","experimental","second_clause","ideophone","reduplication","mismatch","mismatch","canonical",TRUE,""
"exp1","exp1_006","2 C_F_Neg_InDirObj_35",5,"2","filler","first_clause",,,,"indirect_object","canonical",TRUE,""
"exp1","exp1_006","3 C_CT_Neg_Good_34",5,"3","catch","first_clause",,,,"felicitous","canonical",TRUE,""
"exp1","exp1_006","3 C_F_Neg_DirObj_24",5,"3","filler","first_clause",,,,"direct_object","canonical",TRUE,""
"exp1","exp1_006","3 C_F_Neg_InDirObj_23",5,"3","filler","first_clause",,,,"indirect_object","canonical",TRUE,""
"exp1","exp1_006","4 C_F_Aff_DirObj_28",5,"4","filler","second_clause",,,,"direct_object","canonical",TRUE,""
"exp1","exp1_006","4 C_Neg_Manner_Manne",5,"4","experimental","first_clause","manner",,"match","match","canonical",TRUE,""
"exp1","exp1_006","4¬†C_CT_Aff_Good_31",5,"4","catch","second_clause",,,,"felicitous","canonical",TRUE,""
"exp1","exp1_006","5 C_Neg_Red_Red",5,"5","experimental","first_clause","ideophone","reduplication","match","match","canonical",TRUE,""
"exp1","exp1_006","1 C_F_Aff_InDirObj_30",4,"1","filler","second_clause",,,,"indirect_object","canonical",TRUE,""
"exp1","exp1_006","2 C_Aff_Red_Red",4,"2","experimental","second_clause","ideophone","reduplication","match","match","canonical",TRUE,""
"exp1","exp1_006","3 C_Aff_Time_Loc",4,"3","experimental","second_clause","temporal",,"mismatch","mismatch","canonical",TRUE,""
"exp1","exp1_006","4 C_F_Aff_InDirObj_27",4,"4","filler","second_clause",,,,"indirect_object","canonical",TRUE,""
"exp1","exp1_006","6 C_Aff_Manner_Loc",4,"6","experimental","second_clause","manner",,"mismatch","mismatch","canonical",TRUE,""
"exp1","exp1_006","6 C_Aff_Manner_Manne",4,"6","experimental","second_clause","manner",,"match","match","canonical",TRUE,""
"exp1","exp1_006","1 C_F_Aff_DirObj_29",3,"1","filler","second_clause",,,,"direct_object","canonical",TRUE,""
"exp1","exp1_006","1 C_Neg_Time_Loc",3,"1","experimental","first_clause","temporal",,"mismatch","mismatch","canonical",TRUE,""
"exp1","exp1_006","2 C_F_Neg_DirObj_36",2,"2","filler","first_clause",,,,"direct_object","canonical",TRUE,""
"exp1","exp1_006","3 C_Aff_Time_Time",2,"3","experimental","second_clause","temporal",,"match","match","canonical",TRUE,""
"exp1","exp1_006","4 C_Neg_Manner_Loc",2,"4","experimental","first_clause","manner",,"mismatch","mismatch","canonical",TRUE,""
"exp1","exp1_006","5 C_Neg_Red_Loc",2,"5","experimental","first_clause","ideophone","reduplication","mismatch","mismatch","canonical",TRUE,""
"exp1","exp1_006","2 C_CT_Neg_Bad_26",1,"2","catch","first_clause",,,,"infelicitous","canonical",TRUE,""
"exp1","exp1_006","2¬†C_CT_Neg_Bad_25",1,"2","catch","first_clause",,,,"infelicitous","canonical",TRUE,""
"exp1","exp1_006","3 C_CT_Neg_Bad_33",1,"3","catch","first_clause",,,,"infelicitous","canonical",TRUE,""
"exp1","exp1_006","4 C_CT_Aff_Bad_32",1,"4","catch","second_clause",,,,"infelicitous","canonical",TRUE,""
"exp1","exp1_007","1 C_Aff_Red_Red",5,"1","experimental","second_clause","ideophone","reduplication","match","match","canonical",TRUE,""
"exp1","exp1_007","1 C_CT_Neg_Good_19",5,"1","catch","first_clause",,,,"felicitous","canonical",TRUE,""
"exp1","exp1_007","1 C_CT_Neg_Good_20",5,"1","catch","first_clause",,,,"felicitous","canonical",TRUE,""
"exp1","exp1_007","1¬†C_F_Neg_DirObj",5,"1","filler","first_clause",,,,"direct_object","canonical",TRUE,""
"exp1","exp1_007","2 C_Aff_Time_Loc",5,"2","experimental","second_clause","temporal",,"mismatch","mismatch","canonical",TRUE,""
"exp1","exp1_007","2 C_Aff_Time_Time",5,"2","experimental","second_clause","temporal",,"match","match","canonical",TRUE,""
"exp1","exp1_007","2 C_F_Aff_DirObj_21",5,"2","filler","second_clause",,,,"direct_object","canonical",TRUE,""
"exp1","exp1_007","2¬†C_F_Aff_InDirObj",5,"2","filler","second_clause",,,,"indirect_object","canonical",TRUE,""
"exp1","exp1_007","3 C_CT_Neg_Good_15",5,"3","catch","first_clause",,,,"felicitous","canonical",TRUE,""
"exp1","exp1_007","3 C_F_Neg_DirObj_17",5,"3","filler","first_clause",,,,"direct_object","canonical",TRUE,""
"exp1","exp1_007","3 C_F_Neg_InDirObj_16",5,"3","filler","first_clause",,,,"indirect_object","canonical",TRUE,""
"exp1","exp1_007","3 C_Neg_Manner_Manne",5,"3","experimental","first_clause","manner",,"match","match","canonical",TRUE,""
"exp1","exp1_007","4 C_F_Aff_InDirObj_13",5,"4","filler","second_clause",,,,"indirect_object","canonical",TRUE,""
"exp1","exp1_007","4 C_Neg_Red_Red",5,"4","experimental","first_clause","ideophone","reduplication","match","match","canonical",TRUE,""
"exp1","exp1_007","4¬†C_CT_Aff_Good",5,"4","catch","second_clause",,,,"felicitous","canonical",TRUE,""
"exp1","exp1_007","4¬†C_F_Aff_DirObj",5,"4","filler","second_clause",,,,"direct_object","canonical",TRUE,""
"exp1","exp1_007","5 C_Aff_Manner_Manne",5,"5","experimental","second_clause","manner",,"match","match","canonical",TRUE,""
"exp1","exp1_007","6 C_Neg_Time_Time",5,"6","experimental","first_clause","temporal",,"match","match","canonical",TRUE,""
"exp1","exp1_007","1 C_Aff_Red_Loc",4,"1","experimental","second_clause","ideophone","reduplication","mismatch","mismatch","canonical",TRUE,""
"exp1","exp1_007","1 C_F_Neg_InDirObj_18",4,"1","filler","first_clause",,,,"indirect_object","canonical",TRUE,""
"exp1","exp1_007","3 C_Neg_Manner_Loc",4,"3","experimental","first_clause","manner",,"mismatch","mismatch","canonical",TRUE,""
"exp1","exp1_007","6 C_Neg_Time_Loc",4,"6","experimental","first_clause","temporal",,"mismatch","mismatch","canonical",TRUE,""
"exp1","exp1_007","4 C_Neg_Red_Loc",3,"4","experimental","first_clause","ideophone","reduplication","mismatch","mismatch","canonical",TRUE,""
"exp1","exp1_007","5 C_Aff_Manner_Loc",3,"5","experimental","second_clause","manner",,"mismatch","mismatch","canonical",TRUE,""
"exp1","exp1_007","2 C_CT_Aff_Bad",1,"2","catch","second_clause",,,,"infelicitous","canonical",TRUE,""
"exp1","exp1_007","2¬†C_CT_Aff_Bad",1,"2","catch","second_clause",,,,"infelicitous","canonical",TRUE,""
"exp1","exp1_007","3 C_CT_Neg_Bad_14",1,"3","catch","first_clause",,,,"infelicitous","canonical",TRUE,""
"exp1","exp1_007","4¬†C_CT_Aff_Bad",1,"4","catch","second_clause",,,,"infelicitous","canonical",TRUE,""
"exp1","exp1_008","1 C_Aff_Time_Loc",5,"1","experimental","second_clause","temporal",,"mismatch","mismatch","canonical",TRUE,""
"exp1","exp1_008","1 C_Aff_Time_Time",5,"1","experimental","second_clause","temporal",,"match","match","canonical",TRUE,""
"exp1","exp1_008","1 C_CT_Aff_Good_5",5,"1","catch","second_clause",,,,"felicitous","canonical",TRUE,""
"exp1","exp1_008","1 C_CT_Aff_Good_6",5,"1","catch","second_clause",,,,"felicitous","canonical",TRUE,""
"exp1","exp1_008","1 C_F_Aff_DirObj_11",5,"1","filler","second_clause",,,,"direct_object","canonical",TRUE,""
"exp1","exp1_008","1¬†C_F_Aff_InDirObj",5,"1","filler","second_clause",,,,"indirect_object","canonical",TRUE,""
"exp1","exp1_008","2 C_F_Neg_DirObj_8",5,"2","filler","first_clause",,,,"direct_object","canonical",TRUE,""
"exp1","exp1_008","2 C_F_Neg_InDirObj_7",5,"2","filler","first_clause",,,,"indirect_object","canonical",TRUE,""
"exp1","exp1_008","2 C_Neg_Manner_Loc",5,"2","experimental","first_clause","manner",,"mismatch","mismatch","canonical",TRUE,""
"exp1","exp1_008","2 C_Neg_Manner_Manne",5,"2","experimental","first_clause","manner",,"match","match","canonical",TRUE,""
"exp1","exp1_008","3 C_F_Aff_InDirObj",5,"3","filler","second_clause",,,,"indirect_object","canonical",TRUE,""
"exp1","exp1_008","3 C_Neg_Red_Loc",5,"3","experimental","first_clause","ideophone","reduplication","mismatch","mismatch","canonical",TRUE,""
"exp1","exp1_008","3¬†C_CT_Aff_Good",5,"3","catch","second_clause",,,,"felicitous","canonical",TRUE,""
"exp1","exp1_008","3¬†C_F_Aff_DirObj",5,"3","filler","second_clause",,,,"direct_object","canonical",TRUE,""
"exp1","exp1_008","4 C_Aff_Manner_Loc",5,"4","experimental","second_clause","manner",,"mismatch","mismatch","canonical",TRUE,""
"exp1","exp1_008","4 C_Aff_Manner_Manne",5,"4","experimental","second_clause","manner",,"match","match","canonical",TRUE,""
"exp1","exp1_008","4 C_CT_Neg_Good_9",5,"4","catch","first_clause",,,,"felicitous","canonical",TRUE,""
"exp1","exp1_008","4 C_F_Neg_DirObj",5,"4","filler","first_clause",,,,"direct_object","canonical",TRUE,""
"exp1","exp1_008","4¬†C_F_Neg_InDirObj",5,"4","filler","first_clause",,,,"indirect_object","canonical",TRUE,""
"exp1","exp1_008","5 C_Neg_Time_Time",5,"5","experimental","first_clause","temporal",,"match","match","canonical",TRUE,""
"exp1","exp1_008","6 C_Aff_Red_Loc",5,"6","experimental","second_clause","ideophone","reduplication","mismatch","mismatch","canonical",TRUE,""
"exp1","exp1_008","3 C_Neg_Red_Red",4,"3","experimental","first_clause","ideophone","reduplication","match","match","canonical",TRUE,""
"exp1","exp1_008","5 C_Neg_Time_Loc",2,"5","experimental","first_clause","temporal",,"mismatch","mismatch","canonical",TRUE,""
"exp1","exp1_008","6 C_Aff_Red_Red",2,"6","experimental","second_clause","ideophone","reduplication","match","match","canonical",TRUE,""
"exp1","exp1_008","2 C_CT_Neg_Bad_12",1,"2","catch","first_clause",,,,"infelicitous","canonical",TRUE,""
"exp1","exp1_008","2¬†C_CT_Neg_Bad",1,"2","catch","first_clause",,,,"infelicitous","canonical",TRUE,""
"exp1","exp1_008","3 C_CT_Aff_Bad_10",1,"3","catch","second_clause",,,,"infelicitous","canonical",TRUE,""
"exp1","exp1_008","4¬†C_CT_Neg_Bad",1,"4","catch","first_clause",,,,"infelicitous","canonical",TRUE,""
"exp1","exp1_009","1 C_CT_Aff_Good",5,"1","catch","second_clause",,,,"felicitous","canonical",TRUE,""
"exp1","exp1_009","1 C_CT_Aff_Good_2",5,"1","catch","second_clause",,,,"felicitous","canonical",TRUE,""
"exp1","exp1_009","1 C_F_Aff_DirObj",5,"1","filler","second_clause",,,,"direct_object","canonical",TRUE,""
"exp1","exp1_009","1 C_Neg_Red_Red",5,"1","experimental","first_clause","ideophone","reduplication","match","match","canonical",TRUE,""
"exp1","exp1_009","2 C_Aff_Manner_Loc",5,"2","experimental","second_clause","manner",,"mismatch","mismatch","canonical",TRUE,""
"exp1","exp1_009","2 C_F_Neg_DirObj",5,"2","filler","first_clause",,,,"direct_object","canonical",TRUE,""
"exp1","exp1_009","2 C_F_Neg_InDirObj",5,"2","filler","first_clause",,,,"indirect_object","canonical",TRUE,""
"exp1","exp1_009","3 C_F_Aff_DirObj",5,"3","filler","second_clause",,,,"direct_object","canonical",TRUE,""
"exp1","exp1_009","3 C_F_Aff_InDirOb",5,"3","filler","second_clause",,,,"indirect_object","canonical",TRUE,""
"exp1","exp1_009","4 C_Aff_Red_Loc",5,"4","experimental","second_clause","ideophone","reduplication","mismatch","mismatch","canonical",TRUE,""
"exp1","exp1_009","4 C_CT_Neg_Good",5,"4","catch","first_clause",,,,"felicitous","canonical",TRUE,""
"exp1","exp1_009","4_C_F_Neg_DirObj",5,"4","filler","first_clause",,,,"direct_object","canonical",TRUE,""
"exp1","exp1_009","5 C_Aff_Time_Time",5,"5","experimental","second_clause","temporal",,"match","match","canonical",TRUE,""
"exp1","exp1_009","6 C_Neg_Manner_Manne",5,"6","experimental","first_clause","manner",,"match","match","canonical",TRUE,""
"exp1","exp1_009","1 C_Neg_Red_Loc",4,"1","experimental","first_clause","ideophone","reduplication","mismatch","mismatch","canonical",TRUE,""
"exp1","exp1_009","3 C_Neg_Time_Loc",4,"3","experimental","first_clause","temporal",,"mismatch","mismatch","canonical",TRUE,""
"exp1","exp1_009","3 C_Neg_Time_Time",4,"3","experimental","first_clause","temporal",,"match","match","canonical",TRUE,""
"exp1","exp1_009","5 C_Aff_Time_Loc",4,"5","experimental","second_clause","temporal",,"mismatch","mismatch","canonical",TRUE,""
"exp1","exp1_009","3 C_CT_Aff_Good",3,"3","catch","second_clause",,,,"felicitous","canonical",TRUE,""
"exp1","exp1_009","1 C_F_Aff_InDirObj",2,"1","filler","second_clause",,,,"indirect_object","canonical",TRUE,""
"exp1","exp1_009","2 C_Aff_Manner_Manne",2,"2","experimental","second_clause","manner",,"match","match","canonical",TRUE,""
"exp1","exp1_009","4 C_Aff_Red_Red",2,"4","experimental","second_clause","ideophone","reduplication","match","match","canonical",TRUE,""
"exp1","exp1_009","4_C_F_Neg_InDirObj",2,"4","filler","first_clause",,,,"indirect_object","canonical",TRUE,""
"exp1","exp1_009","6 C_Neg_Manner_Loc",2,"6","experimental","first_clause","manner",,"mismatch","mismatch","canonical",TRUE,""
"exp1","exp1_009","2 C_CT_Neg_Bad",1,"2","catch","first_clause",,,,"infelicitous","canonical",TRUE,""
"exp1","exp1_009","2 C_CT_Neg_Bad_1",1,"2","catch","first_clause",,,,"infelicitous","canonical",TRUE,""
"exp1","exp1_009","3 C_CT_Aff_Bad",1,"3","catch","second_clause",,,,"infelicitous","canonical",TRUE,""
"exp1","exp1_009","4 C_CT_Neg_Bad",1,"4","catch","first_clause",,,,"infelicitous","canonical",TRUE,""
"exp1","exp1_010","1 C_CT_Aff_Good_22",5,"1","catch","second_clause",,,,"felicitous","canonical",TRUE,""
"exp1","exp1_010","1 C_F_Aff_DirObj_29",5,"1","filler","second_clause",,,,"direct_object","canonical",TRUE,""
"exp1","exp1_010","1 C_Neg_Time_Time",5,"1","experimental","first_clause","temporal",,"match","match","canonical",TRUE,""
"exp1","exp1_010","1¬†C_CT_Aff_Good",5,"1","catch","second_clause",,,,"felicitous","canonical",TRUE,""
"exp1","exp1_010","2 C_Aff_Red_Red",5,"2","experimental","second_clause","ideophone","reduplication","match","match","canonical",TRUE,""
"exp1","exp1_010","2 C_F_Neg_DirObj_36",5,"2","filler","first_clause",,,,"direct_object","canonical",TRUE,""
"exp1","exp1_010","3 C_CT_Neg_Good_34",5,"3","catch","first_clause",,,,"felicitous","canonical",TRUE,""
"exp1","exp1_010","3 C_F_Neg_DirObj_24",5,"3","filler","first_clause",,,,"direct_object","canonical",TRUE,""
"exp1","exp1_010","4 C_F_Aff_DirObj_28",5,"4","filler","second_clause",,,,"direct_object","canonical",TRUE,""
"exp1","exp1_010","4 C_Neg_Manner_Manne",5,"4","experimental","first_clause","manner",,"match","match","canonical",TRUE,""
"exp1","exp1_010","4¬†C_CT_Aff_Good_31",5,"4","catch","second_clause",,,,"felicitous","canonical",TRUE,""
"exp1","exp1_010","5 C_Neg_Red_Red",5,"5","experimental","first_clause","ideophone","reduplication","match","match","canonical",TRUE,""
"exp1","exp1_010","6 C_Aff_Manner_Loc",5,"6","experimental","second_clause","manner",,"mismatch","mismatch","canonical",TRUE,""
"exp1","exp1_010","1 C_F_Aff_InDirObj_30",4,"1","filler","second_clause",,,,"indirect_object","canonical",TRUE,""
"exp1","exp1_010","2 C_Aff_Red_Loc",4,"2","experimental","second_clause","ideophone","reduplication","mismatch","mismatch","canonical",TRUE,""
"exp1","exp1_010","3 C_Aff_Time_Time",4,"3","experimental","second_clause","temporal",,"match","match","canonical",TRUE,""
"exp1","exp1_010","3 C_F_Neg_InDirObj_23",4,"3","filler","first_clause",,,,"indirect_object","canonical",TRUE,""
"exp1","exp1_010","4 C_F_Aff_InDirObj_27",4,"4","filler","second_clause",,,,"indirect_object","canonical",TRUE,""
"exp1","exp1_010","2 C_F_Neg_InDirObj_35",3,"2","filler","first_clause",,,,"indirect_object","canonical",TRUE,""
"exp1","exp1_010","3 C_Aff_Time_Loc",3,"3","experimental","second_clause","temporal",,"mismatch","mismatch","canonical",TRUE,""
"exp1","exp1_010","4 C_Neg_Manner_Loc",3,"4","experimental","first_clause","manner",,"mismatch","mismatch","canonical",TRUE,""
"exp1","exp1_010","5 C_Neg_Red_Loc",3,"5","experimental","first_clause","ideophone","reduplication","mismatch","mismatch","canonical",TRUE,""
"exp1","exp1_010","6 C_Aff_Manner_Manne",2,"6","experimental","second_clause","manner",,"match","match","canonical",TRUE,""
"exp1","exp1_010","1 C_Neg_Time_Loc",1,"1","experimental","first_clause","temporal",,"mismatch","mismatch","canonical",TRUE,""
"exp1","exp1_010","2 C_CT_Neg_Bad_26",1,"2","catch","first_clause",,,,"infelicitous","canonical",TRUE,""
"exp1","exp1_010","2¬†C_CT_Neg_Bad_25",1,"2","catch","first_clause",,,,"infelicitous","canonical",TRUE,""
"exp1","exp1_010","3 C_CT_Neg_Bad_33",1,"3","catch","first_clause",,,,"infelicitous","canonical",TRUE,""
"exp1","exp1_010","4 C_CT_Aff_Bad_32",1,"4","catch","second_clause",,,,"infelicitous","canonical",TRUE,""
"exp1","exp1_011","1 C_CT_Aff_Good_22",5,"1","catch","second_clause",,,,"felicitous","canonical",TRUE,""
"exp1","exp1_011","1¬†C_CT_Aff_Good",5,"1","catch","second_clause",,,,"felicitous","canonical",TRUE,""
"exp1","exp1_011","2 C_Aff_Red_Loc",5,"2","experimental","second_clause","ideophone","reduplication","mismatch","mismatch","canonical",TRUE,""
"exp1","exp1_011","2 C_F_Neg_DirObj_36",5,"2","filler","first_clause",,,,"direct_object","canonical",TRUE,""
"exp1","exp1_011","3 C_CT_Neg_Good_34",5,"3","catch","first_clause",,,,"felicitous","canonical",TRUE,""
"exp1","exp1_011","4 C_Neg_Manner_Manne",5,"4","experimental","first_clause","manner",,"match","match","canonical",TRUE,""
"exp1","exp1_011","4¬†C_CT_Aff_Good_31",5,"4","catch","second_clause",,,,"felicitous","canonical",TRUE,""
"exp1","exp1_011","5 C_Neg_Red_Red",5,"5","experimental","first_clause","ideophone","reduplication","match","match","canonical",TRUE,""
"exp1","exp1_011","1 C_F_Aff_DirObj_29",4,"1","filler","second_clause",,,,"direct_object","canonical",TRUE,""
"exp1","exp1_011","1 C_F_Aff_InDirObj_30",4,"1","filler","second_clause",,,,"indirect_object","canonical",TRUE,""
"exp1","exp1_011","4 C_F_Aff_DirObj_28",4,"4","filler","second_clause",,,,"direct_object","canonical",TRUE,""
"exp1","exp1_011","4 C_F_Aff_InDirObj_27",4,"4","filler","second_clause",,,,"indirect_object","canonical",TRUE,""
"exp1","exp1_011","6 C_Aff_Manner_Manne",4,"6","experimental","second_clause","manner",,"match","match","canonical",TRUE,""
"exp1","exp1_011","1 C_Neg_Time_Time",3,"1","experimental","first_clause","temporal",,"match","match","canonical",TRUE,""
"exp1","exp1_011","2 C_F_Neg_InDirObj_35",3,"2","filler","first_clause",,,,"indirect_object","canonical",TRUE,""
"exp1","exp1_011","3 C_Aff_Time_Time",3,"3","experimental","second_clause","temporal",,"match","match","canonical",TRUE,""
"exp1","exp1_011","1 C_Neg_Time_Loc",2,"1","experimental","first_clause","temporal",,"mismatch","mismatch","canonical",TRUE,""
"exp1","exp1_011","2 C_Aff_Red_Red",2,"2","experimental","second_clause","ideophone","reduplication","match","match","canonical",TRUE,""
"exp1","exp1_011","3 C_Aff_Time_Loc",2,"3","experimental","second_clause","temporal",,"mismatch","mismatch","canonical",TRUE,""
"exp1","exp1_011","3 C_F_Neg_DirObj_24",2,"3","filler","first_clause",,,,"direct_object","canonical",TRUE,""
"exp1","exp1_011","6 C_Aff_Manner_Loc",2,"6","experimental","second_clause","manner",,"mismatch","mismatch","canonical",TRUE,""
"exp1","exp1_011","2 C_CT_Neg_Bad_26",1,"2","catch","first_clause",,,,"infelicitous","canonical",TRUE,""
"exp1","exp1_011","2¬†C_CT_Neg_Bad_25",1,"2","catch","first_clause",,,,"infelicitous","canonical",TRUE,""
"exp1","exp1_011","3 C_CT_Neg_Bad_33",1,"3","catch","first_clause",,,,"infelicitous","canonical",TRUE,""
"exp1","exp1_011","3 C_F_Neg_InDirObj_23",1,"3","filler","first_clause",,,,"indirect_object","canonical",TRUE,""
"exp1","exp1_011","4 C_CT_Aff_Bad_32",1,"4","catch","second_clause",,,,"infelicitous","canonical",TRUE,""
"exp1","exp1_011","4 C_Neg_Manner_Loc",1,"4","experimental","first_clause","manner",,"mismatch","mismatch","canonical",TRUE,""
"exp1","exp1_011","5 C_Neg_Red_Loc",1,"5","experimental","first_clause","ideophone","reduplication","mismatch","mismatch","canonical",TRUE,""
"exp1","exp1_012","1 C_Aff_Red_Loc_49",5,"1","experimental","second_clause","ideophone","reduplication","mismatch","mismatch","canonical",TRUE,""
"exp1","exp1_012","1 C_CT_Aff_Good_46",5,"1","catch","second_clause",,,,"felicitous","canonical",TRUE,""
"exp1","exp1_012","1 C_F_Aff_InDirObj_42",5,"1","filler","second_clause",,,,"indirect_object","canonical",TRUE,""
"exp1","exp1_012","1¬†C_CT_Aff_Good_45",5,"1","catch","second_clause",,,,"felicitous","canonical",TRUE,""
"exp1","exp1_012","1¬†C_F_Aff_DirObj",5,"1","filler","second_clause",,,,"direct_object","canonical",TRUE,""
"exp1","exp1_012","3 C_F_Neg_DirObj_41",5,"3","filler","first_clause",,,,"direct_object","canonical",TRUE,""
"exp1","exp1_012","3 C_F_Neg_InDirObj_40",5,"3","filler","first_clause",,,,"indirect_object","canonical",TRUE,""
"exp1","exp1_012","3¬†C_CT_Neg_Good",5,"3","catch","first_clause",,,,"felicitous","canonical",TRUE,""
"exp1","exp1_012","4 C_Aff_Time_Time",5,"4","experimental","second_clause","temporal",,"match","match","canonical",TRUE,""
"exp1","exp1_012","4 C_CT_Neg_Good_39",5,"4","catch","first_clause",,,,"felicitous","canonical",TRUE,""
"exp1","exp1_012","4 C_F_Neg_DirObj_51",5,"4","filler","first_clause",,,,"direct_object","canonical",TRUE,""
"exp1","exp1_012","5 C_Neg_Manner_Manne",5,"5","experimental","first_clause","manner",,"match","match","canonical",TRUE,""
"exp1","exp1_012","2 C_F_Aff_DirObj_44",4,"2","filler","second_clause",,,,"direct_object","canonical",TRUE,""
"exp1","exp1_012","2 C_F_Aff_InDirObj_43",4,"2","filler","second_clause",,,,"indirect_object","canonical",TRUE,""
"exp1","exp1_012","2 C_Neg_Time_Time",4,"2","experimental","first_clause","temporal",,"match","match","canonical",TRUE,""
"exp1","exp1_012","3 C_Aff_Red_Red",4,"3","experimental","second_clause","ideophone","reduplication","match","match","canonical",TRUE,""
"exp1","exp1_012","4 C_F_Neg_InDirObj",4,"4","filler","first_clause",,,,"indirect_object","canonical",TRUE,""
"exp1","exp1_012","5 C_Neg_Manner_Loc",4,"5","experimental","first_clause","manner",,"mismatch","mismatch","canonical",TRUE,""
"exp1","exp1_012","1 C_Aff_Red_Red_50",3,"1","experimental","second_clause","ideophone","reduplication","match","match","canonical",TRUE,""
"exp1","exp1_012","2 C_Neg_Time_Loc",3,"2","experimental","first_clause","temporal",,"mismatch","mismatch","canonical",TRUE,""
"exp1","exp1_012","3 C_Aff_Red_Loc",3,"3","experimental","second_clause","ideophone","reduplication","mismatch","mismatch","canonical",TRUE,""
"exp1","exp1_012","6 C_Neg_Red_Loc",3,"6","experimental","first_clause","ideophone","reduplication","mismatch","mismatch","canonical",TRUE,""
"exp1","exp1_012","6 C_Neg_Red_Red",3,"6","experimental","first_clause","ideophone","reduplication","match","match","canonical",TRUE,""
"exp1","exp1_012","4 C_Aff_Time_Loc",2,"4","experimental","second_clause","temporal",,"mismatch","mismatch","canonical",TRUE,""
"exp1","exp1_012","2 C_CT_Aff_Bad_48",1,"2","catch","second_clause",,,,"infelicitous","canonical",TRUE,""
"exp1","exp1_012","2¬†C_CT_Aff_Bad_47",1,"2","catch","second_clause",,,,"infelicitous","canonical",TRUE,""
"exp1","exp1_012","3 C_CT_Neg_Bad_37",1,"3","catch","first_clause",,,,"infelicitous","canonical",TRUE,""
"exp1","exp1_012","4¬†C_CT_Neg_Bad_38",1,"4","catch","first_clause",,,,"infelicitous","canonical",TRUE,""
"exp1","exp1_013","1 C_Aff_Time_Time",5,"1","experimental","second_clause","temporal",,"match","match","canonical",TRUE,""
"exp1","exp1_013","1 C_CT_Aff_Good_5",5,"1","catch","second_clause",,,,"felicitous","canonical",TRUE,""
"exp1","exp1_013","1 C_CT_Aff_Good_6",5,"1","catch","second_clause",,,,"felicitous","canonical",TRUE,""
"exp1","exp1_013","1 C_F_Aff_DirObj_11",5,"1","filler","second_clause",,,,"direct_object","canonical",TRUE,""
"exp1","exp1_013","1¬†C_F_Aff_InDirObj",5,"1","filler","second_clause",,,,"indirect_object","canonical",TRUE,""
"exp1","exp1_013","2 C_Neg_Manner_Loc",5,"2","experimental","first_clause","manner",,"mismatch","mismatch","canonical",TRUE,""
"exp1","exp1_013","2 C_Neg_Manner_Manne",5,"2","experimental","first_clause","manner",,"match","match","canonical",TRUE,""
"exp1","exp1_013","3 C_Neg_Red_Loc",5,"3","experimental","first_clause","ideophone","reduplication","mismatch","mismatch","canonical",TRUE,""
"exp1","exp1_013","3¬†C_CT_Aff_Good",5,"3","catch","second_clause",,,,"felicitous","canonical",TRUE,""
"exp1","exp1_013","4 C_Aff_Manner_Loc",5,"4","experimental","second_clause","manner",,"mismatch","mismatch","canonical",TRUE,""
"exp1","exp1_013","4 C_Aff_Manner_Manne",5,"4","experimental","second_clause","manner",,"match","match","canonical",TRUE,""
"exp1","exp1_013","4 C_CT_Neg_Good_9",5,"4","catch","first_clause",,,,"felicitous","canonical",TRUE,""
"exp1","exp1_013","4 C_F_Neg_DirObj",5,"4","filler","first_clause",,,,"direct_object","canonical",TRUE,""
"exp1","exp1_013","4¬†C_F_Neg_InDirObj",5,"4","filler","first_clause",,,,"indirect_object","canonical",TRUE,""
"exp1","exp1_013","6 C_Aff_Red_Loc",5,"6","experimental","second_clause","ideophone","reduplication","mismatch","mismatch","canonical",TRUE,""
"exp1","exp1_013","6 C_Aff_Red_Red",5,"6","experimental","second_clause","ideophone","reduplication","match","match","canonical",TRUE,""
"exp1","exp1_013","2 C_F_Neg_DirObj_8",4,"2","filler","first_clause",,,,"direct_object","canonical",TRUE,""
"exp1","exp1_013","2 C_F_Neg_InDirObj_7",4,"2","filler","first_clause",,,,"indirect_object","canonical",TRUE,""
"exp1","exp1_013","3 C_F_Aff_InDirObj",4,"3","filler","second_clause",,,,"indirect_object","canonical",TRUE,""
"exp1","exp1_013","3 C_Neg_Red_Red",4,"3","experimental","first_clause","ideophone","reduplication","match","match","canonical",TRUE,""
"exp1","exp1_013","3¬†C_F_Aff_DirObj",4,"3","filler","second_clause",,,,"direct_object","canonical",TRUE,""
"exp1","exp1_013","5 C_Neg_Time_Loc",4,"5","experimental","first_clause","temporal",,"mismatch","mismatch","canonical",TRUE,""
"exp1","exp1_013","5 C_Neg_Time_Time",4,"5","experimental","first_clause","temporal",,"match","match","canonical",TRUE,""
"exp1","exp1_013","1 C_Aff_Time_Loc",2,"1","experimental","second_clause","temporal",,"mismatch","mismatch","canonical",TRUE,""
"exp1","exp1_013","3 C_CT_Aff_Bad_10",2,"3","catch","second_clause",,,,"infelicitous","canonical",TRUE,""
"exp1","exp1_013","2 C_CT_Neg_Bad_12",1,"2","catch","first_clause",,,,"infelicitous","canonical",TRUE,""
"exp1","exp1_013","2¬†C_CT_Neg_Bad",1,"2","catch","first_clause",,,,"infelicitous","canonical",TRUE,""
"exp1","exp1_013","4¬†C_CT_Neg_Bad",1,"4","catch","first_clause",,,,"infelicitous","canonical",TRUE,""
"exp1","exp1_014","1 C_Aff_Time_Loc",5,"1","experimental","second_clause","temporal",,"mismatch","mismatch","canonical",TRUE,""
"exp1","exp1_014","1 C_Aff_Time_Time",5,"1","experimental","second_clause","temporal",,"match","match","canonical",TRUE,""
"exp1","exp1_014","1 C_CT_Aff_Good_5",5,"1","catch","second_clause",,,,"felicitous","canonical",TRUE,""
"exp1","exp1_014","1 C_CT_Aff_Good_6",5,"1","catch","second_clause",,,,"felicitous","canonical",TRUE,""
"exp1","exp1_014","1 C_F_Aff_DirObj_11",5,"1","filler","second_clause",,,,"direct_object","canonical",TRUE,""
"exp1","exp1_014","1¬†C_F_Aff_InDirObj",5,"1","filler","second_clause",,,,"indirect_object","canonical",TRUE,""
"exp1","exp1_014","2 C_F_Neg_DirObj_8",5,"2","filler","first_clause",,,,"direct_object","canonical",TRUE,""
"exp1","exp1_014","3 C_Neg_Red_Loc",5,"3","experimental","first_clause","ideophone","reduplication","mismatch","mismatch","canonical",TRUE,""
"exp1","exp1_014","3¬†C_CT_Aff_Good",5,"3","catch","second_clause",,,,"felicitous","canonical",TRUE,""
"exp1","exp1_014","4 C_Aff_Manner_Manne",5,"4","experimental","second_clause","manner",,"match","match","canonical",TRUE,""
"exp1","exp1_014","4 C_CT_Neg_Good_9",5,"4","catch","first_clause",,,,"felicitous","canonical",TRUE,""
"exp1","exp1_014","5 C_Neg_Time_Loc",5,"5","experimental","first_clause","temporal",,"mismatch","mismatch","canonical",TRUE,""
"exp1","exp1_014","5 C_Neg_Time_Time",5,"5","experimental","first_clause","temporal",,"match","match","canonical",TRUE,""
"exp1","exp1_014","2 C_CT_Neg_Bad_12",1,"2","catch","first_clause",,,,"infelicitous","canonical",TRUE,""
"exp1","exp1_014","2 C_F_Neg_InDirObj_7",1,"2","filler","first_clause",,,,"indirect_object","canonical",TRUE,""
"exp1","exp1_014","2 C_Neg_Manner_Loc",1,"2","experimental","first_clause","manner",,"mismatch","mismatch","canonical",TRUE,""
"exp1","exp1_014","2 C_Neg_Manner_Manne",1,"2","experimental","first_clause","manner",,"match","match","canonical",TRUE,""
"exp1","exp1_014","2¬†C_CT_Neg_Bad",1,"2","catch","first_clause",,,,"infelicitous","canonical",TRUE,""
"exp1","exp1_014","3 C_CT_Aff_Bad_10",1,"3","catch","second_clause",,,,"infelicitous","canonical",TRUE,""
"exp1","exp1_014","3 C_F_Aff_InDirObj",1,"3","filler","second_clause",,,,"indirect_object","canonical",TRUE,""
"exp1","exp1_014","3 C_Neg_Red_Red",1,"3","experimental","first_clause","ideophone","reduplication","match","match","canonical",TRUE,""
"exp1","exp1_014","3¬†C_F_Aff_DirObj",1,"3","filler","second_clause",,,,"direct_object","canonical",TRUE,""
"exp1","exp1_014","4 C_Aff_Manner_Loc",1,"4","experimental","second_clause","manner",,"mismatch","mismatch","canonical",TRUE,""
"exp1","exp1_014","4 C_F_Neg_DirObj",1,"4","filler","first_clause",,,,"direct_object","canonical",TRUE,""
"exp1","exp1_014","4¬†C_CT_Neg_Bad",1,"4","catch","first_clause",,,,"infelicitous","canonical",TRUE,""
"exp1","exp1_014","4¬†C_F_Neg_InDirObj",1,"4","filler","first_clause",,,,"indirect_object","canonical",TRUE,""
"exp1","exp1_014","6 C_Aff_Red_Loc",1,"6","experimental","second_clause","ideophone","reduplication","mismatch","mismatch","canonical",TRUE,""
"exp1","exp1_014","6 C_Aff_Red_Red",1,"6","experimental","second_clause","ideophone","reduplication","match","match","canonical",TRUE,""
"exp1","exp1_015","1 C_CT_Aff_Good",5,"1","catch","second_clause",,,,"felicitous","canonical",TRUE,""
"exp1","exp1_015","1 C_CT_Aff_Good_2",5,"1","catch","second_clause",,,,"felicitous","canonical",TRUE,""
"exp1","exp1_015","1 C_F_Aff_DirObj",5,"1","filler","second_clause",,,,"direct_object","canonical",TRUE,""
"exp1","exp1_015","1 C_F_Aff_InDirObj",5,"1","filler","second_clause",,,,"indirect_object","canonical",TRUE,""
"exp1","exp1_015","1 C_Neg_Red_Loc",5,"1","experimental","first_clause","ideophone","reduplication","mismatch","mismatch","canonical",TRUE,""
"exp1","exp1_015","1 C_Neg_Red_Red",5,"1","experimental","first_clause","ideophone","reduplication","match","match","canonical",TRUE,""
"exp1","exp1_015","2 C_Aff_Manner_Loc",5,"2","experimental","second_clause","manner",,"mismatch","mismatch","canonical",TRUE,""
"exp1","exp1_015","2 C_Aff_Manner_Manne",5,"2","experimental","second_clause","manner",,"match","match","canonical",TRUE,""
"exp1","exp1_015","2 C_F_Neg_DirObj",5,"2","filler","first_clause",,,,"direct_object","canonical",TRUE,""
"exp1","exp1_015","2 C_F_Neg_InDirObj",5,"2","filler","first_clause",,,,"indirect_object","canonical",TRUE,""
"exp1","exp1_015","3 C_CT_Aff_Good",5,"3","catch","second_clause",,,,"felicitous","canonical",TRUE,""
"exp1","exp1_015","3 C_F_Aff_DirObj",5,"3","filler","second_clause",,,,"direct_object","canonical",TRUE,""
"exp1","exp1_015","3 C_F_Aff_InDirOb",5,"3","filler","second_clause",,,,"indirect_object","canonical",TRUE,""
"exp1","exp1_015","3 C_Neg_Time_Time",5,"3","experimental","first_clause","temporal",,"match","match","canonical",TRUE,""
"exp1","exp1_015","4 C_Aff_Red_Loc",5,"4","experimental","second_clause","ideophone","reduplication","mismatch","mismatch","canonical",TRUE,""
"exp1","exp1_015","4 C_Aff_Red_Red",5,"4","experimental","second_clause","ideophone","reduplication","match","match","canonical",TRUE,""
"exp1","exp1_015","4 C_CT_Neg_Good",5,"4","catch","first_clause",,,,"felicitous","canonical",TRUE,""
"exp1","exp1_015","4_C_F_Neg_DirObj",5,"4","filler","first_clause",,,,"direct_object","canonical",TRUE,""
"exp1","exp1_015","4_C_F_Neg_InDirObj",5,"4","filler","first_clause",,,,"indirect_object","canonical",TRUE,""
"exp1","exp1_015","5 C_Aff_Time_Loc",5,"5","experimental","second_clause","temporal",,"mismatch","mismatch","canonical",TRUE,""
"exp1","exp1_015","5 C_Aff_Time_Time",5,"5","experimental","second_clause","temporal",,"match","match","canonical",TRUE,""
"exp1","exp1_015","6 C_Neg_Manner_Loc",5,"6","experimental","first_clause","manner",,"mismatch","mismatch","canonical",TRUE,""
"exp1","exp1_015","6 C_Neg_Manner_Manne",5,"6","experimental","first_clause","manner",,"match","match","canonical",TRUE,""
"exp1","exp1_015","2 C_CT_Neg_Bad",1,"2","catch","first_clause",,,,"infelicitous","canonical",TRUE,""
"exp1","exp1_015","2 C_CT_Neg_Bad_1",1,"2","catch","first_clause",,,,"infelicitous","canonical",TRUE,""
"exp1","exp1_015","3 C_CT_Aff_Bad",1,"3","catch","second_clause",,,,"infelicitous","canonical",TRUE,""
"exp1","exp1_015","3 C_Neg_Time_Loc",1,"3","experimental","first_clause","temporal",,"mismatch","mismatch","canonical",TRUE,""
"exp1","exp1_015","4 C_CT_Neg_Bad",1,"4","catch","first_clause",,,,"infelicitous","canonical",TRUE,""
"exp1","exp1_016","1 C_CT_Neg_Good",5,"1","catch","first_clause",,,,"felicitous","canonical",TRUE,""
"exp1","exp1_016","1 C_CT_Neg_Good_3",5,"1","catch","first_clause",,,,"felicitous","canonical",TRUE,""
"exp1","exp1_016","1 C_F_Neg_DirObj",5,"1","filler","first_clause",,,,"direct_object","canonical",TRUE,""
"exp1","exp1_016","1 C_F_Neg_InDirObj",5,"1","filler","first_clause",,,,"indirect_object","canonical",TRUE,""
"exp1","exp1_016","1 C_Neg_Manner_Manne",5,"1","experimental","first_clause","manner",,"match","match","canonical",TRUE,""
"exp1","exp1_016","2 C_F_Aff_InDirObj",5,"2","filler","second_clause",,,,"indirect_object","canonical",TRUE,""
"exp1","exp1_016","3 C_Aff_Manner_Loc",5,"3","experimental","second_clause","manner",,"mismatch","mismatch","canonical",TRUE,""
"exp1","exp1_016","3 C_CT_Neg_Good",5,"3","catch","first_clause",,,,"felicitous","canonical",TRUE,""
"exp1","exp1_016","4 C_CT_Aff_Good",5,"4","catch","second_clause",,,,"felicitous","canonical",TRUE,""
"exp1","exp1_016","4 C_F_Aff_InDirObj",5,"4","filler","second_clause",,,,"indirect_object","canonical",TRUE,""
"exp1","exp1_016","4 C_Neg_Time_Time",5,"4","experimental","first_clause","temporal",,"match","match","canonical",TRUE,""
"exp1","exp1_016","5 C_Aff_Red_Red",5,"5","experimental","second_clause","ideophone","reduplication","match","match","canonical",TRUE,""
"exp1","exp1_016","6 C_Aff_Time_Loc",5,"6","experimental","second_clause","temporal",,"mismatch","mismatch","canonical",TRUE,""
"exp1","exp1_016","2 C_Neg_Red_Loc",4,"2","experimental","first_clause","ideophone","reduplication","mismatch","mismatch","canonical",TRUE,""
"exp1","exp1_016","3 C_F_Neg_InDirObj",4,"3","filler","first_clause",,,,"indirect_object","canonical",TRUE,""
"exp1","exp1_016","5 C_Aff_Red_Loc",4,"5","experimental","second_clause","ideophone","reduplication","mismatch","mismatch","canonical",TRUE,""
"exp1","exp1_016","2 C_Neg_Red_Red",3,"2","experimental","first_clause","ideophone","reduplication","match","match","canonical",TRUE,""
"exp1","exp1_016","6 C_Aff_Time_Time",3,"6","experimental","second_clause","temporal",,"match","match","canonical",TRUE,""
"exp1","exp1_016","3 C_F_Neg_DirObj",2,"3","filler","first_clause",,,,"direct_object","canonical",TRUE,""
"exp1","exp1_016","1 C_Neg_Manner_Loc",1,"1","experimental","first_clause","manner",,"mismatch","mismatch","canonical",TRUE,""
"exp1","exp1_016","2 CT_Aff_Bad",1,"2","catch","second_clause",,,,"infelicitous","canonical",TRUE,""
"exp1","exp1_016","2 CT_Aff_Bad_4",1,"2","catch","second_clause",,,,"infelicitous","canonical",TRUE,""
"exp1","exp1_016","2 C_F_Aff_DirObj",1,"2","filler","second_clause",,,,"direct_object","canonical",TRUE,""
"exp1","exp1_016","3 C_CT_Neg_Bad",1,"3","catch","first_clause",,,,"infelicitous","canonical",TRUE,""
"exp1","exp1_016","3C_Aff_Manner_Manner",1,"3","experimental","second_clause","manner",,"match","match","canonical",TRUE,""
"exp1","exp1_016","4 C_CT_Aff_Bad",1,"4","catch","second_clause",,,,"infelicitous","canonical",TRUE,""
"exp1","exp1_016","4 C_F_Aff_DirObj",1,"4","filler","second_clause",,,,"direct_object","canonical",TRUE,""
"exp1","exp1_016","4 C_Neg_Time_Loc",1,"4","experimental","first_clause","temporal",,"mismatch","mismatch","canonical",TRUE,""
"exp1","exp1_017","1 C_CT_Aff_Good_5",5,"1","catch","second_clause",,,,"felicitous","canonical",TRUE,""
"exp1","exp1_017","1 C_CT_Aff_Good_6",5,"1","catch","second_clause",,,,"felicitous","canonical",TRUE,""
"exp1","exp1_017","1 C_F_Aff_DirObj_11",5,"1","filler","second_clause",,,,"direct_object","canonical",TRUE,""
"exp1","exp1_017","3¬†C_F_Aff_DirObj",5,"3","filler","second_clause",,,,"direct_object","canonical",TRUE,""
"exp1","exp1_017","4 C_CT_Neg_Good_9",5,"4","catch","first_clause",,,,"felicitous","canonical",TRUE,""
"exp1","exp1_017","4 C_F_Neg_DirObj",5,"4","filler","first_clause",,,,"direct_object","canonical",TRUE,""
"exp1","exp1_017","4¬†C_F_Neg_InDirObj",5,"4","filler","first_clause",,,,"indirect_object","canonical",TRUE,""
"exp1","exp1_017","2 C_F_Neg_InDirObj_7",4,"2","filler","first_clause",,,,"indirect_object","canonical",TRUE,""
"exp1","exp1_017","2 C_Neg_Manner_Loc",4,"2","experimental","first_clause","manner",,"mismatch","mismatch","canonical",TRUE,""
"exp1","exp1_017","2 C_Neg_Manner_Manne",4,"2","experimental","first_clause","manner",,"match","match","canonical",TRUE,""
"exp1","exp1_017","3 C_F_Aff_InDirObj",4,"3","filler","second_clause",,,,"indirect_object","canonical",TRUE,""
"exp1","exp1_017","3 C_Neg_Red_Loc",4,"3","experimental","first_clause","ideophone","reduplication","mismatch","mismatch","canonical",TRUE,""
"exp1","exp1_017","3 C_Neg_Red_Red",4,"3","experimental","first_clause","ideophone","reduplication","match","match","canonical",TRUE,""
"exp1","exp1_017","4 C_Aff_Manner_Manne",4,"4","experimental","second_clause","manner",,"match","match","canonical",TRUE,""
"exp1","exp1_017","5 C_Neg_Time_Time",4,"5","experimental","first_clause","temporal",,"match","match","canonical",TRUE,""
"exp1","exp1_017","1 C_Aff_Time_Time",3,"1","experimental","second_clause","temporal",,"match","match","canonical",TRUE,""
"exp1","exp1_017","3¬†C_CT_Aff_Good",3,"3","catch","second_clause",,,,"felicitous","canonical",TRUE,""
"exp1","exp1_017","5 C_Neg_Time_Loc",3,"5","experimental","first_clause","temporal",,"mismatch","mismatch","canonical",TRUE,""
"exp1","exp1_017","1 C_Aff_Time_Loc",2,"1","experimental","second_clause","temporal",,"mismatch","mismatch","canonical",TRUE,""
"exp1","exp1_017","1¬†C_F_Aff_InDirObj",2,"1","filler","second_clause",,,,"indirect_object","canonical",TRUE,""
"exp1","exp1_017","2 C_F_Neg_DirObj_8",2,"2","filler","first_clause",,,,"direct_object","canonical",TRUE,""
"exp1","exp1_017","4 C_Aff_Manner_Loc",2,"4","experimental","second_clause","manner",,"mismatch","mismatch","canonical",TRUE,""
"exp1","exp1_017","4¬†C_CT_Neg_Bad",2,"4","catch","first_clause",,,,"infelicitous","canonical",TRUE,""
"exp1","exp1_017","6 C_Aff_Red_Loc",2,"6","experimental","second_clause","ideophone","reduplication","mismatch","mismatch","canonical",TRUE,""
"exp1","exp1_017","6 C_Aff_Red_Red",2,"6","experimental","second_clause","ideophone","reduplication","match","match","canonical",TRUE,""
"exp1","exp1_017","2 C_CT_Neg_Bad_12",1,"2","catch","first_clause",,,,"infelicitous","canonical",TRUE,""
"exp1","exp1_017","2¬†C_CT_Neg_Bad",1,"2","catch","first_clause",,,,"infelicitous","canonical",TRUE,""
"exp1","exp1_017","3 C_CT_Aff_Bad_10",1,"3","catch","second_clause",,,,"infelicitous","canonical",TRUE,""
"exp1","exp1_018","1 C_Aff_Red_Loc",5,"1","experimental","second_clause","ideophone","reduplication","mismatch","mismatch","canonical",TRUE,""
"exp1","exp1_018","1 C_CT_Neg_Good_19",5,"1","catch","first_clause",,,,"felicitous","canonical",TRUE,""
"exp1","exp1_018","1 C_CT_Neg_Good_20",5,"1","catch","first_clause",,,,"felicitous","canonical",TRUE,""
"exp1","exp1_018","1 C_F_Neg_InDirObj_18",5,"1","filler","first_clause",,,,"indirect_object","canonical",TRUE,""
"exp1","exp1_018","1¬†C_F_Neg_DirObj",5,"1","filler","first_clause",,,,"direct_object","canonical",TRUE,""
"exp1","exp1_018","2 C_Aff_Time_Time",5,"2","experimental","second_clause","temporal",,"match","match","canonical",TRUE,""
"exp1","exp1_018","2¬†C_F_Aff_InDirObj",5,"2","filler","second_clause",,,,"indirect_object","canonical",TRUE,""
"exp1","exp1_018","3 C_CT_Neg_Good_15",5,"3","catch","first_clause",,,,"felicitous","canonical",TRUE,""
"exp1","exp1_018","3 C_F_Neg_DirObj_17",5,"3","filler","first_clause",,,,"direct_object","canonical",TRUE,""
"exp1","exp1_018","3 C_F_Neg_InDirObj_16",5,"3","filler","first_clause",,,,"indirect_object","canonical",TRUE,""
"exp1","exp1_018","4 C_Neg_Red_Loc",5,"4","experimental","first_clause","ideophone","reduplication","mismatch","mismatch","canonical",TRUE,""
"exp1","exp1_018","4¬†C_CT_Aff_Good",5,"4","catch","second_clause",,,,"felicitous","canonical",TRUE,""
"exp1","exp1_018","4¬†C_F_Aff_DirObj",5,"4","filler","second_clause",,,,"direct_object","canonical",TRUE,""
"exp1","exp1_018","5 C_Aff_Manner_Manne",5,"5","experimental","second_clause","manner",,"match","match","canonical",TRUE,""
"exp1","exp1_018","6 C_Neg_Time_Time",5,"6","experimental","first_clause","temporal",,"match","match","canonical",TRUE,""
"exp1","exp1_018","1 C_Aff_Red_Red",1,"1","experimental","second_clause","ideophone","reduplication","match","match","canonical",TRUE,""
"exp1","exp1_018","2 C_Aff_Time_Loc",1,"2","experimental","second_clause","temporal",,"mismatch","mismatch","canonical",TRUE,""
"exp1","exp1_018","2 C_CT_Aff_Bad",1,"2","catch","second_clause",,,,"infelicitous","canonical",TRUE,""
"exp1","exp1_018","2 C_F_Aff_DirObj_21",1,"2","filler","second_clause",,,,"direct_object","canonical",TRUE,""
"exp1","exp1_018","2¬†C_CT_Aff_Bad",1,"2","catch","second_clause",,,,"infelicitous","canonical",TRUE,""
"exp1","exp1_018","3 C_CT_Neg_Bad_14",1,"3","catch","first_clause",,,,"infelicitous","canonical",TRUE,""
"exp1","exp1_018","3 C_Neg_Manner_Loc",1,"3","experimental","first_clause","manner",,"mismatch","mismatch","canonical",TRUE,""
"exp1","exp1_018","3 C_Neg_Manner_Manne",1,"3","experimental","first_clause","manner",,"match","match","canonical",TRUE,""
"exp1","exp1_018","4 C_F_Aff_InDirObj_13",1,"4","filler","second_clause",,,,"indirect_object","canonical",TRUE,""
"exp1","exp1_018","4 C_Neg_Red_Red",1,"4","experimental","first_clause","ideophone","reduplication","match","match","canonical",TRUE,""
"exp1","exp1_018","4¬†C_CT_Aff_Bad",1,"4","catch","second_clause",,,,"infelicitous","canonical",TRUE,""
"exp1","exp1_018","5 C_Aff_Manner_Loc",1,"5","experimental","second_clause","manner",,"mismatch","mismatch","canonical",TRUE,""
"exp1","exp1_018","6 C_Neg_Time_Loc",1,"6","experimental","first_clause","temporal",,"mismatch","mismatch","canonical",TRUE,""
"exp1","exp1_019","1 C_CT_Neg_Good",5,"1","catch","first_clause",,,,"felicitous","canonical",TRUE,""
"exp1","exp1_019","1 C_CT_Neg_Good_3",5,"1","catch","first_clause",,,,"felicitous","canonical",TRUE,""
"exp1","exp1_019","1 C_F_Neg_DirObj",5,"1","filler","first_clause",,,,"direct_object","canonical",TRUE,""
"exp1","exp1_019","1 C_F_Neg_InDirObj",5,"1","filler","first_clause",,,,"indirect_object","canonical",TRUE,""
"exp1","exp1_019","1 C_Neg_Manner_Loc",5,"1","experimental","first_clause","manner",,"mismatch","mismatch","canonical",TRUE,""
"exp1","exp1_019","1 C_Neg_Manner_Manne",5,"1","experimental","first_clause","manner",,"match","match","canonical",TRUE,""
"exp1","exp1_019","2 C_F_Aff_DirObj",5,"2","filler","second_clause",,,,"direct_object","canonical",TRUE,""
"exp1","exp1_019","2 C_F_Aff_InDirObj",5,"2","filler","second_clause",,,,"indirect_object","canonical",TRUE,""
"exp1","exp1_019","2 C_Neg_Red_Red",5,"2","experimental","first_clause","ideophone","reduplication","match","match","canonical",TRUE,""
"exp1","exp1_019","3 C_Aff_Manner_Loc",5,"3","experimental","second_clause","manner",,"mismatch","mismatch","canonical",TRUE,""
"exp1","exp1_019","3 C_CT_Neg_Good",5,"3","catch","first_clause",,,,"felicitous","canonical",TRUE,""
"exp1","exp1_019","3 C_F_Neg_DirObj",5,"3","filler","first_clause",,,,"direct_object","canonical",TRUE,""
"exp1","exp1_019","3 C_F_Neg_InDirObj",5,"3","filler","first_clause",,,,"indirect_object","canonical",TRUE,""
"exp1","exp1_019","3C_Aff_Manner_Manner",5,"3","experimental","second_clause","manner",,"match","match","canonical",TRUE,""
"exp1","exp1_019","4 C_CT_Aff_Good",5,"4","catch","second_clause",,,,"felicitous","canonical",TRUE,""
"exp1","exp1_019","4 C_F_Aff_DirObj",5,"4","filler","second_clause",,,,"direct_object","canonical",TRUE,""
"exp1","exp1_019","4 C_F_Aff_InDirObj",5,"4","filler","second_clause",,,,"indirect_object","canonical",TRUE,""
"exp1","exp1_019","4 C_Neg_Time_Loc",5,"4","experimental","first_clause","temporal",,"mismatch","mismatch","canonical",TRUE,""
"exp1","exp1_019","4 C_Neg_Time_Time",5,"4","experimental","first_clause","temporal",,"match","match","canonical",TRUE,""
"exp1","exp1_019","5 C_Aff_Red_Red",5,"5","experimental","second_clause","ideophone","reduplication","match","match","canonical",TRUE,""
"exp1","exp1_019","6 C_Aff_Time_Loc",5,"6","experimental","second_clause","temporal",,"mismatch","mismatch","canonical",TRUE,""
"exp1","exp1_019","6 C_Aff_Time_Time",5,"6","experimental","second_clause","temporal",,"match","match","canonical",TRUE,""
"exp1","exp1_019","2 C_Neg_Red_Loc",4,"2","experimental","first_clause","ideophone","reduplication","mismatch","mismatch","canonical",TRUE,""
"exp1","exp1_019","5 C_Aff_Red_Loc",4,"5","experimental","second_clause","ideophone","reduplication","mismatch","mismatch","canonical",TRUE,""
"exp1","exp1_019","2 CT_Aff_Bad",1,"2","catch","second_clause",,,,"infelicitous","canonical",TRUE,""
"exp1","exp1_019","2 CT_Aff_Bad_4",1,"2","catch","second_clause",,,,"infelicitous","canonical",TRUE,""
"exp1","exp1_019","3 C_CT_Neg_Bad",1,"3","catch","first_clause",,,,"infelicitous","canonical",TRUE,""
"exp1","exp1_019","4 C_CT_Aff_Bad",1,"4","catch","second_clause",,,,"infelicitous","canonical",TRUE,""
"exp1","exp1_020","1 C_Aff_Time_Time",5,"1","experimental","second_clause","temporal",,"match","match","canonical",TRUE,""
"exp1","exp1_020","1 C_CT_Aff_Good_5",5,"1","catch","second_clause",,,,"felicitous","canonical",TRUE,""
"exp1","exp1_020","1 C_CT_Aff_Good_6",5,"1","catch","second_clause",,,,"felicitous","canonical",TRUE,""
"exp1","exp1_020","1 C_F_Aff_DirObj_11",5,"1","filler","second_clause",,,,"direct_object","canonical",TRUE,""
"exp1","exp1_020","1¬†C_F_Aff_InDirObj",5,"1","filler","second_clause",,,,"indirect_object","canonical",TRUE,""
"exp1","exp1_020","2 C_F_Neg_DirObj_8",5,"2","filler","first_clause",,,,"direct_object","canonical",TRUE,""
"exp1","exp1_020","2 C_F_Neg_InDirObj_7",5,"2","filler","first_clause",,,,"indirect_object","canonical",TRUE,""
"exp1","exp1_020","2 C_Neg_Manner_Loc",5,"2","experimental","first_clause","manner",,"mismatch","mismatch","canonical",TRUE,""
"exp1","exp1_020","2 C_Neg_Manner_Manne",5,"2","experimental","first_clause","manner",,"match","match","canonical",TRUE,""
"exp1","exp1_020","3 C_F_Aff_InDirObj",5,"3","filler","second_clause",,,,"indirect_object","canonical",TRUE,""
"exp1","exp1_020","3 C_Neg_Red_Loc",5,"3","experimental","first_clause","ideophone","reduplication","mismatch","mismatch","canonical",TRUE,""
"exp1","exp1_020","3 C_Neg_Red_Red",5,"3","experimental","first_clause","ideophone","reduplication","match","match","canonical",TRUE,""
"exp1","exp1_020","3¬†C_CT_Aff_Good",5,"3","catch","second_clause",,,,"felicitous","canonical",TRUE,""
"exp1","exp1_020","3¬†C_F_Aff_DirObj",5,"3","filler","second_clause",,,,"direct_object","canonical",TRUE,""
"exp1","exp1_020","4 C_Aff_Manner_Loc",5,"4","experimental","second_clause","manner",,"mismatch","mismatch","canonical",TRUE,""
"exp1","exp1_020","4 C_Aff_Manner_Manne",5,"4","experimental","second_clause","manner",,"match","match","canonical",TRUE,""
"exp1","exp1_020","4 C_CT_Neg_Good_9",5,"4","catch","first_clause",,,,"felicitous","canonical",TRUE,""
"exp1","exp1_020","4 C_F_Neg_DirObj",5,"4","filler","first_clause",,,,"direct_object","canonical",TRUE,""
"exp1","exp1_020","4¬†C_F_Neg_InDirObj",5,"4","filler","first_clause",,,,"indirect_object","canonical",TRUE,""
"exp1","exp1_020","5 C_Neg_Time_Loc",5,"5","experimental","first_clause","temporal",,"mismatch","mismatch","canonical",TRUE,""
"exp1","exp1_020","5 C_Neg_Time_Time",5,"5","experimental","first_clause","temporal",,"match","match","canonical",TRUE,""
"exp1","exp1_020","6 C_Aff_Red_Loc",5,"6","experimental","second_clause","ideophone","reduplication","mismatch","mismatch","canonical",TRUE,""
"exp1","exp1_020","1 C_Aff_Time_Loc",1,"1","experimental","second_clause","temporal",,"mismatch","mismatch","canonical",TRUE,""
"exp1","exp1_020","2 C_CT_Neg_Bad_12",1,"2","catch","first_clause",,,,"infelicitous","canonical",TRUE,""
"exp1","exp1_020","2¬†C_CT_Neg_Bad",1,"2","catch","first_clause",,,,"infelicitous","canonical",TRUE,""
"exp1","exp1_020","3 C_CT_Aff_Bad_10",1,"3","catch","second_clause",,,,"infelicitous","canonical",TRUE,""
"exp1","exp1_020","4¬†C_CT_Neg_Bad",1,"4","catch","first_clause",,,,"infelicitous","canonical",TRUE,""
"exp1","exp1_020","6 C_Aff_Red_Red",1,"6","experimental","second_clause","ideophone","reduplication","match","match","canonical",TRUE,""
"exp1","exp1_021","1 C_Aff_Red_Red",5,"1","experimental","second_clause","ideophone","reduplication","match","match","canonical",TRUE,""
"exp1","exp1_021","1 C_CT_Neg_Good_19",5,"1","catch","first_clause",,,,"felicitous","canonical",TRUE,""
"exp1","exp1_021","1 C_CT_Neg_Good_20",5,"1","catch","first_clause",,,,"felicitous","canonical",TRUE,""
"exp1","exp1_021","1¬†C_F_Neg_DirObj",5,"1","filler","first_clause",,,,"direct_object","canonical",TRUE,""
"exp1","exp1_021","2¬†C_F_Aff_InDirObj",5,"2","filler","second_clause",,,,"indirect_object","canonical",TRUE,""
"exp1","exp1_021","3 C_CT_Neg_Good_15",5,"3","catch","first_clause",,,,"felicitous","canonical",TRUE,""
"exp1","exp1_021","4 C_Neg_Red_Red",5,"4","experimental","first_clause","ideophone","reduplication","match","match","canonical",TRUE,""
"exp1","exp1_021","4¬†C_CT_Aff_Good",5,"4","catch","second_clause",,,,"felicitous","canonical",TRUE,""
"exp1","exp1_021","4¬†C_F_Aff_DirObj",5,"4","filler","second_clause",,,,"direct_object","canonical",TRUE,""
"exp1","exp1_021","5 C_Aff_Manner_Manne",5,"5","experimental","second_clause","manner",,"match","match","canonical",TRUE,""
"exp1","exp1_021","6 C_Neg_Time_Time",5,"6","experimental","first_clause","temporal",,"match","match","canonical",TRUE,""
"exp1","exp1_021","1 C_Aff_Red_Loc",4,"1","experimental","second_clause","ideophone","reduplication","mismatch","mismatch","canonical",TRUE,""
"exp1","exp1_021","1 C_F_Neg_InDirObj_18",4,"1","filler","first_clause",,,,"indirect_object","canonical",TRUE,""
"exp1","exp1_021","2 C_Aff_Time_Time",4,"2","experimental","second_clause","temporal",,"match","match","canonical",TRUE,""
"exp1","exp1_021","2 C_F_Aff_DirObj_21",4,"2","filler","second_clause",,,,"direct_object","canonical",TRUE,""
"exp1","exp1_021","3 C_F_Neg_DirObj_17",4,"3","filler","first_clause",,,,"direct_object","canonical",TRUE,""
"exp1","exp1_021","3 C_Neg_Manner_Loc",4,"3","experimental","first_clause","manner",,"mismatch","mismatch","canonical",TRUE,""
"exp1","exp1_021","3 C_Neg_Manner_Manne",4,"3","experimental","first_clause","manner",,"match","match","canonical",TRUE,""
"exp1","exp1_021","4 C_F_Aff_InDirObj_13",4,"4","filler","second_clause",,,,"indirect_object","canonical",TRUE,""
"exp1","exp1_021","4 C_Neg_Red_Loc",4,"4","experimental","first_clause","ideophone","reduplication","mismatch","mismatch","canonical",TRUE,""
"exp1","exp1_021","2 C_Aff_Time_Loc",3,"2","experimental","second_clause","temporal",,"mismatch","mismatch","canonical",TRUE,""
"exp1","exp1_021","3 C_F_Neg_InDirObj_16",3,"3","filler","first_clause",,,,"indirect_object","canonical",TRUE,""
"exp1","exp1_021","5 C_Aff_Manner_Loc",3,"5","experimental","second_clause","manner",,"mismatch","mismatch","canonical",TRUE,""
"exp1","exp1_021","6 C_Neg_Time_Loc",3,"6","experimental","first_clause","temporal",,"mismatch","mismatch","canonical",TRUE,""
"exp1","exp1_021","2 C_CT_Aff_Bad",1,"2","catch","second_clause",,,,"infelicitous","canonical",TRUE,""
"exp1","exp1_021","2¬†C_CT_Aff_Bad",1,"2","catch","second_clause",,,,"infelicitous","canonical",TRUE,""
"exp1","exp1_021","3 C_CT_Neg_Bad_14",1,"3","catch","first_clause",,,,"infelicitous","canonical",TRUE,""
"exp1","exp1_021","4¬†C_CT_Aff_Bad",1,"4","catch","second_clause",,,,"infelicitous","canonical",TRUE,""
"exp1","exp1_022","1 C_CT_Aff_Good",5,"1","catch","second_clause",,,,"felicitous","canonical",TRUE,""
"exp1","exp1_022","1 C_CT_Aff_Good_2",5,"1","catch","second_clause",,,,"felicitous","canonical",TRUE,""
"exp1","exp1_022","1 C_F_Aff_DirObj",5,"1","filler","second_clause",,,,"direct_object","canonical",TRUE,""
"exp1","exp1_022","1 C_Neg_Red_Red",5,"1","experimental","first_clause","ideophone","reduplication","match","match","canonical",TRUE,""
"exp1","exp1_022","2 C_Aff_Manner_Manne",5,"2","experimental","second_clause","manner",,"match","match","canonical",TRUE,""
"exp1","exp1_022","2 C_F_Neg_DirObj",5,"2","filler","first_clause",,,,"direct_object","canonical",TRUE,""
"exp1","exp1_022","2 C_F_Neg_InDirObj",5,"2","filler","first_clause",,,,"indirect_object","canonical",TRUE,""
"exp1","exp1_022","3 C_CT_Aff_Good",5,"3","catch","second_clause",,,,"felicitous","canonical",TRUE,""
"exp1","exp1_022","3 C_F_Aff_DirObj",5,"3","filler","second_clause",,,,"direct_object","canonical",TRUE,""
"exp1","exp1_022","3 C_F_Aff_InDirOb",5,"3","filler","second_clause",,,,"indirect_object","canonical",TRUE,""
"exp1","exp1_022","4 C_Aff_Red_Loc",5,"4","experimental","second_clause","ideophone","reduplication","mismatch","mismatch","canonical",TRUE,""
"exp1","exp1_022","4 C_CT_Neg_Good",5,"4","catch","first_clause",,,,"felicitous","canonical",TRUE,""
"exp1","exp1_022","4_C_F_Neg_DirObj",5,"4","filler","first_clause",,,,"direct_object","canonical",TRUE,""
"exp1","exp1_022","4_C_F_Neg_InDirObj",5,"4","filler","first_clause",,,,"indirect_object","canonical",TRUE,""
"exp1","exp1_022","5 C_Aff_Time_Time",5,"5","experimental","second_clause","temporal",,"match","match","canonical",TRUE,""
"exp1","exp1_022","6 C_Neg_Manner_Manne",5,"6","experimental","first_clause","manner",,"match","match","canonical",TRUE,""
"exp1","exp1_022","1 C_F_Aff_InDirObj",4,"1","filler","second_clause",,,,"indirect_object","canonical",TRUE,""
"exp1","exp1_022","1 C_Neg_Red_Loc",4,"1","experimental","first_clause","ideophone","reduplication","mismatch","mismatch","canonical",TRUE,""
"exp1","exp1_022","2 C_Aff_Manner_Loc",4,"2","experimental","second_clause","manner",,"mismatch","mismatch","canonical",TRUE,""
"exp1","exp1_022","3 C_Neg_Time_Time",4,"3","experimental","first_clause","temporal",,"match","match","canonical",TRUE,""
"exp1","exp1_022","5 C_Aff_Time_Loc",4,"5","experimental","second_clause","temporal",,"mismatch","mismatch","canonical",TRUE,""
"exp1","exp1_022","6 C_Neg_Manner_Loc",4,"6","experimental","first_clause","manner",,"mismatch","mismatch","canonical",TRUE,""
"exp1","exp1_022","3 C_Neg_Time_Loc",2,"3","experimental","first_clause","temporal",,"mismatch","mismatch","canonical",TRUE,""
"exp1","exp1_022","4 C_Aff_Red_Red",2,"4","experimental","second_clause","ideophone","reduplication","match","match","canonical",TRUE,""
"exp1","exp1_022","2 C_CT_Neg_Bad",1,"2","catch","first_clause",,,,"infelicitous","canonical",TRUE,""
"exp1","exp1_022","2 C_CT_Neg_Bad_1",1,"2","catch","first_clause",,,,"infelicitous","canonical",TRUE,""
"exp1","exp1_022","3 C_CT_Aff_Bad",1,"3","catch","second_clause",,,,"infelicitous","canonical",TRUE,""
"exp1","exp1_022","4 C_CT_Neg_Bad",1,"4","catch","first_clause",,,,"infelicitous","canonical",TRUE,""
"exp1","exp1_023","1 C_CT_Aff_Good",5,"1","catch","second_clause",,,,"felicitous","canonical",TRUE,""
"exp1","exp1_023","1 C_CT_Aff_Good_2",5,"1","catch","second_clause",,,,"felicitous","canonical",TRUE,""
"exp1","exp1_023","1 C_F_Aff_DirObj",5,"1","filler","second_clause",,,,"direct_object","canonical",TRUE,""
"exp1","exp1_023","1 C_Neg_Red_Red",5,"1","experimental","first_clause","ideophone","reduplication","match","match","canonical",TRUE,""
"exp1","exp1_023","2 C_F_Neg_InDirObj",5,"2","filler","first_clause",,,,"indirect_object","canonical",TRUE,""
"exp1","exp1_023","4 C_CT_Neg_Good",5,"4","catch","first_clause",,,,"felicitous","canonical",TRUE,""
"exp1","exp1_023","4_C_F_Neg_InDirObj",5,"4","filler","first_clause",,,,"indirect_object","canonical",TRUE,""
"exp1","exp1_023","5 C_Aff_Time_Time",5,"5","experimental","second_clause","temporal",,"match","match","canonical",TRUE,""
"exp1","exp1_023","6 C_Neg_Manner_Manne",5,"6","experimental","first_clause","manner",,"match","match","canonical",TRUE,""
"exp1","exp1_023","1 C_Neg_Red_Loc",4,"1","experimental","first_clause","ideophone","reduplication","mismatch","mismatch","canonical",TRUE,""
"exp1","exp1_023","2 C_Aff_Manner_Loc",4,"2","experimental","second_clause","manner",,"mismatch","mismatch","canonical",TRUE,""
"exp1","exp1_023","2 C_Aff_Manner_Manne",4,"2","experimental","second_clause","manner",,"match","match","canonical",TRUE,""
"exp1","exp1_023","2 C_F_Neg_DirObj",4,"2","filler","first_clause",,,,"direct_object","canonical",TRUE,""
"exp1","exp1_023","3 C_CT_Aff_Good",4,"3","catch","second_clause",,,,"felicitous","canonical",TRUE,""
"exp1","exp1_023","3 C_F_Aff_DirObj",4,"3","filler","second_clause",,,,"direct_object","canonical",TRUE,""
"exp1","exp1_023","3 C_F_Aff_InDirOb",4,"3","filler","second_clause",,,,"indirect_object","canonical",TRUE,""
"exp1","exp1_023","4 C_Aff_Red_Loc",4,"4","experimental","second_clause","ideophone","reduplication","mismatch","mismatch","canonical",TRUE,""
"exp1","exp1_023","4 C_Aff_Red_Red",4,"4","experimental","second_clause","ideophone","reduplication","match","match","canonical",TRUE,""
"exp1","exp1_023","4_C_F_Neg_DirObj",4,"4","filler","first_clause",,,,"direct_object","canonical",TRUE,""
"exp1","exp1_023","6 C_Neg_Manner_Loc",4,"6","experimental","first_clause","manner",,"mismatch","mismatch","canonical",TRUE,""
"exp1","exp1_023","1 C_F_Aff_InDirObj",2,"1","filler","second_clause",,,,"indirect_object","canonical",TRUE,""
"exp1","exp1_023","3 C_Neg_Time_Loc",2,"3","experimental","first_clause","temporal",,"mismatch","mismatch","canonical",TRUE,""
"exp1","exp1_023","3 C_Neg_Time_Time",2,"3","experimental","first_clause","temporal",,"match","match","canonical",TRUE,""
"exp1","exp1_023","5 C_Aff_Time_Loc",2,"5","experimental","second_clause","temporal",,"mismatch","mismatch","canonical",TRUE,""
"exp1","exp1_023","2 C_CT_Neg_Bad",1,"2","catch","first_clause",,,,"infelicitous","canonical",TRUE,""
"exp1","exp1_023","2 C_CT_Neg_Bad_1",1,"2","catch","first_clause",,,,"infelicitous","canonical",TRUE,""
"exp1","exp1_023","3 C_CT_Aff_Bad",1,"3","catch","second_clause",,,,"infelicitous","canonical",TRUE,""
"exp1","exp1_023","4 C_CT_Neg_Bad",1,"4","catch","first_clause",,,,"infelicitous","canonical",TRUE,""
"exp1","exp1_024","1 C_CT_Aff_Good_46",5,"1","catch","second_clause",,,,"felicitous","canonical",TRUE,""
"exp1","exp1_024","1 C_F_Aff_InDirObj_42",5,"1","filler","second_clause",,,,"indirect_object","canonical",TRUE,""
"exp1","exp1_024","1¬†C_CT_Aff_Good_45",5,"1","catch","second_clause",,,,"felicitous","canonical",TRUE,""
"exp1","exp1_024","1¬†C_F_Aff_DirObj",5,"1","filler","second_clause",,,,"direct_object","canonical",TRUE,""
"exp1","exp1_024","2 C_F_Aff_DirObj_44",5,"2","filler","second_clause",,,,"direct_object","canonical",TRUE,""
"exp1","exp1_024","2 C_F_Aff_InDirObj_43",5,"2","filler","second_clause",,,,"indirect_object","canonical",TRUE,""
"exp1","exp1_024","2 C_Neg_Time_Loc",5,"2","experimental","first_clause","temporal",,"mismatch","mismatch","canonical",TRUE,""
"exp1","exp1_024","2 C_Neg_Time_Time",5,"2","experimental","first_clause","temporal",,"match","match","canonical",TRUE,""
"exp1","exp1_024","3 C_Aff_Red_Loc",5,"3","experimental","second_clause","ideophone","reduplication","mismatch","mismatch","canonical",TRUE,""
"exp1","exp1_024","3 C_F_Neg_DirObj_41",5,"3","filler","first_clause",,,,"direct_object","canonical",TRUE,""
"exp1","exp1_024","3 C_F_Neg_InDirObj_40",5,"3","filler","first_clause",,,,"indirect_object","canonical",TRUE,""
"exp1","exp1_024","3¬†C_CT_Neg_Good",5,"3","catch","first_clause",,,,"felicitous","canonical",TRUE,""
"exp1","exp1_024","4 C_Aff_Time_Time",5,"4","experimental","second_clause","temporal",,"match","match","canonical",TRUE,""
"exp1","exp1_024","4 C_CT_Neg_Good_39",5,"4","catch","first_clause",,,,"felicitous","canonical",TRUE,""
"exp1","exp1_024","4 C_F_Neg_DirObj_51",5,"4","filler","first_clause",,,,"direct_object","canonical",TRUE,""
"exp1","exp1_024","4 C_F_Neg_InDirObj",5,"4","filler","first_clause",,,,"indirect_object","canonical",TRUE,""
"exp1","exp1_024","5 C_Neg_Manner_Loc",5,"5","experimental","first_clause","manner",,"mismatch","mismatch","canonical",TRUE,""
"exp1","exp1_024","5 C_Neg_Manner_Manne",5,"5","experimental","first_clause","manner",,"match","match","canonical",TRUE,""
"exp1","exp1_024","6 C_Neg_Red_Loc",5,"6","experimental","first_clause","ideophone","reduplication","mismatch","mismatch","canonical",TRUE,""
"exp1","exp1_024","1 C_Aff_Red_Loc_49",4,"1","experimental","second_clause","ideophone","reduplication","mismatch","mismatch","canonical",TRUE,""
"exp1","exp1_024","1 C_Aff_Red_Red_50",4,"1","experimental","second_clause","ideophone","reduplication","match","match","canonical",TRUE,""
"exp1","exp1_024","4 C_Aff_Time_Loc",4,"4","experimental","second_clause","temporal",,"mismatch","mismatch","canonical",TRUE,""
"exp1","exp1_024","6 C_Neg_Red_Red",3,"6","experimental","first_clause","ideophone","reduplication","match","match","canonical",TRUE,""
"exp1","exp1_024","3 C_Aff_Red_Red",2,"3","experimental","second_clause","ideophone","reduplication","match","match","canonical",TRUE,""
"exp1","exp1_024","2 C_CT_Aff_Bad_48",1,"2","catch","second_clause",,,,"infelicitous","canonical",TRUE,""
"exp1","exp1_024","2¬†C_CT_Aff_Bad_47",1,"2","catch","second_clause",,,,"infelicitous","canonical",TRUE,""
"exp1","exp1_024","3 C_CT_Neg_Bad_37",1,"3","catch","first_clause",,,,"infelicitous","canonical",TRUE,""
"exp1","exp1_024","4¬†C_CT_Neg_Bad_38",1,"4","catch","first_clause",,,,"infelicitous","canonical",TRUE,""
"exp1","exp1_025","1 C_Aff_Red_Loc",5,"1","experimental","second_clause","ideophone","reduplication","mismatch","mismatch","canonical",TRUE,""
"exp1","exp1_025","1 C_Aff_Red_Red",5,"1","experimental","second_clause","ideophone","reduplication","match","match","canonical",TRUE,""
"exp1","exp1_025","1 C_CT_Neg_Good_19",5,"1","catch","first_clause",,,,"felicitous","canonical",TRUE,""
"exp1","exp1_025","1 C_CT_Neg_Good_20",5,"1","catch","first_clause",,,,"felicitous","canonical",TRUE,""
"exp1","exp1_025","2 C_F_Aff_DirObj_21",5,"2","filler","second_clause",,,,"direct_object","canonical",TRUE,""
"exp1","exp1_025","2¬†C_F_Aff_InDirObj",5,"2","filler","second_clause",,,,"indirect_object","canonical",TRUE,""
"exp1","exp1_025","3 C_CT_Neg_Good_15",5,"3","catch","first_clause",,,,"felicitous","canonical",TRUE,""
"exp1","exp1_025","3 C_F_Neg_DirObj_17",5,"3","filler","first_clause",,,,"direct_object","canonical",TRUE,""
"exp1","exp1_025","4 C_Neg_Red_Red",5,"4","experimental","first_clause","ideophone","reduplication","match","match","canonical",TRUE,""
"exp1","exp1_025","4¬†C_CT_Aff_Good",5,"4","catch","second_clause",,,,"felicitous","canonical",TRUE,""
"exp1","exp1_025","4¬†C_F_Aff_DirObj",5,"4","filler","second_clause",,,,"direct_object","canonical",TRUE,""
"exp1","exp1_025","5 C_Aff_Manner_Manne",5,"5","experimental","second_clause","manner",,"match","match","canonical",TRUE,""
"exp1","exp1_025","6 C_Neg_Time_Time",5,"6","experimental","first_clause","temporal",,"match","match","canonical",TRUE,""
"exp1","exp1_025","1¬†C_F_Neg_DirObj",4,"1","filler","first_clause",,,,"direct_object","canonical",TRUE,""
"exp1","exp1_025","2 C_Aff_Time_Time",4,"2","experimental","second_clause","temporal",,"match","match","canonical",TRUE,""
"exp1","exp1_025","3 C_F_Neg_InDirObj_16",4,"3","filler","first_clause",,,,"indirect_object","canonical",TRUE,""
"exp1","exp1_025","3 C_Neg_Manner_Manne",4,"3","experimental","first_clause","manner",,"match","match","canonical",TRUE,""
"exp1","exp1_025","4 C_F_Aff_InDirObj_13",4,"4","filler","second_clause",,,,"indirect_object","canonical",TRUE,""
"exp1","exp1_025","4 C_Neg_Red_Loc",4,"4","experimental","first_clause","ideophone","reduplication","mismatch","mismatch","canonical",TRUE,""
"exp1","exp1_025","5 C_Aff_Manner_Loc",4,"5","experimental","second_clause","manner",,"mismatch","mismatch","canonical",TRUE,""
"exp1","exp1_025","1 C_F_Neg_InDirObj_18",2,"1","filler","first_clause",,,,"indirect_object","canonical",TRUE,""
"exp1","exp1_025","2 C_Aff_Time_Loc",2,"2","experimental","second_clause","temporal",,"mismatch","mismatch","canonical",TRUE,""
"exp1","exp1_025","3 C_Neg_Manner_Loc",2,"3","experimental","first_clause","manner",,"mismatch","mismatch","canonical",TRUE,""
"exp1","exp1_025","6 C_Neg_Time_Loc",2,"6","experimental","first_clause","temporal",,"mismatch","mismatch","canonical",TRUE,""
"exp1","exp1_025","2 C_CT_Aff_Bad",1,"2","catch","second_clause",,,,"infelicitous","canonical",TRUE,""
"exp1","exp1_025","2¬†C_CT_Aff_Bad",1,"2","catch","second_clause",,,,"infelicitous","canonical",TRUE,""
"exp1","exp1_025","3 C_CT_Neg_Bad_14",1,"3","catch","first_clause",,,,"infelicitous","canonical",TRUE,""
"exp1","exp1_025","4¬†C_CT_Aff_Bad",1,"4","catch","second_clause",,,,"infelicitous","canonical",TRUE,""
"exp1","exp1_026","5 C_Aff_Time_Time",5,"5","experimental","second_clause","temporal",,"match","match","canonical",TRUE,""
"exp1","exp1_026","1 C_CT_Aff_Good",4,"1","catch","second_clause",,,,"felicitous","canonical",TRUE,""
"exp1","exp1_026","1 C_CT_Aff_Good_2",4,"1","catch","second_clause",,,,"felicitous","canonical",TRUE,""
"exp1","exp1_026","1 C_F_Aff_DirObj",4,"1","filler","second_clause",,,,"direct_object","canonical",TRUE,""
"exp1","exp1_026","1 C_F_Aff_InDirObj",4,"1","filler","second_clause",,,,"indirect_object","canonical",TRUE,""
"exp1","exp1_026","2 C_F_Neg_DirObj",4,"2","filler","first_clause",,,,"direct_object","canonical",TRUE,""
"exp1","exp1_026","2 C_F_Neg_InDirObj",4,"2","filler","first_clause",,,,"indirect_object","canonical",TRUE,""
"exp1","exp1_026","3 C_CT_Aff_Good",4,"3","catch","second_clause",,,,"felicitous","canonical",TRUE,""
"exp1","exp1_026","3 C_F_Aff_DirObj",4,"3","filler","second_clause",,,,"direct_object","canonical",TRUE,""
"exp1","exp1_026","3 C_F_Aff_InDirOb",4,"3","filler","second_clause",,,,"indirect_object","canonical",TRUE,""
"exp1","exp1_026","4 C_CT_Neg_Good",4,"4","catch","first_clause",,,,"felicitous","canonical",TRUE,""
"exp1","exp1_026","4_C_F_Neg_DirObj",4,"4","filler","first_clause",,,,"direct_object","canonical",TRUE,""
"exp1","exp1_026","4_C_F_Neg_InDirObj",4,"4","filler","first_clause",,,,"indirect_object","canonical",TRUE,""
"exp1","exp1_026","5 C_Aff_Time_Loc",4,"5","experimental","second_clause","temporal",,"mismatch","mismatch","canonical",TRUE,""
"exp1","exp1_026","1 C_Neg_Red_Red",2,"1","experimental","first_clause","ideophone","reduplication","match","match","canonical",TRUE,""
"exp1","exp1_026","2 C_Aff_Manner_Loc",2,"2","experimental","second_clause","manner",,"mismatch","mismatch","canonical",TRUE,""
"exp1","exp1_026","2 C_Aff_Manner_Manne",2,"2","experimental","second_clause","manner",,"match","match","canonical",TRUE,""
"exp1","exp1_026","3 C_Neg_Time_Loc",2,"3","experimental","first_clause","temporal",,"mismatch","mismatch","canonical",TRUE,""
"exp1","exp1_026","3 C_Neg_Time_Time",2,"3","experimental","first_clause","temporal",,"match","match","canonical",TRUE,""
"exp1","exp1_026","4 C_Aff_Red_Loc",2,"4","experimental","second_clause","ideophone","reduplication","mismatch","mismatch","canonical",TRUE,""
"exp1","exp1_026","4 C_Aff_Red_Red",2,"4","experimental","second_clause","ideophone","reduplication","match","match","canonical",TRUE,""
"exp1","exp1_026","6 C_Neg_Manner_Manne",2,"6","experimental","first_clause","manner",,"match","match","canonical",TRUE,""
"exp1","exp1_026","1 C_Neg_Red_Loc",1,"1","experimental","first_clause","ideophone","reduplication","mismatch","mismatch","canonical",TRUE,""
"exp1","exp1_026","2 C_CT_Neg_Bad",1,"2","catch","first_clause",,,,"infelicitous","canonical",TRUE,""
"exp1","exp1_026","2 C_CT_Neg_Bad_1",1,"2","catch","first_clause",,,,"infelicitous","canonical",TRUE,""
"exp1","exp1_026","3 C_CT_Aff_Bad",1,"3","catch","second_clause",,,,"infelicitous","canonical",TRUE,""
"exp1","exp1_026","4 C_CT_Neg_Bad",1,"4","catch","first_clause",,,,"infelicitous","canonical",TRUE,""
"exp1","exp1_026","6 C_Neg_Manner_Loc",1,"6","experimental","first_clause","manner",,"mismatch","mismatch","canonical",TRUE,""
"exp1","exp1_027","1 C_Aff_Red_Loc_49",5,"1","experimental","second_clause","ideophone","reduplication","mismatch","mismatch","canonical",TRUE,""
"exp1","exp1_027","1 C_Aff_Red_Red_50",5,"1","experimental","second_clause","ideophone","reduplication","match","match","canonical",TRUE,""
"exp1","exp1_027","1 C_CT_Aff_Good_46",5,"1","catch","second_clause",,,,"felicitous","canonical",TRUE,""
"exp1","exp1_027","1 C_F_Aff_InDirObj_42",5,"1","filler","second_clause",,,,"indirect_object","canonical",TRUE,""
"exp1","exp1_027","1¬†C_CT_Aff_Good_45",5,"1","catch","second_clause",,,,"felicitous","canonical",TRUE,""
"exp1","exp1_027","1¬†C_F_Aff_DirObj",5,"1","filler","second_clause",,,,"direct_object","canonical",TRUE,""
"exp1","exp1_027","2 C_F_Aff_DirObj_44",5,"2","filler","second_clause",,,,"direct_object","canonical",TRUE,""
"exp1","exp1_027","2 C_F_Aff_InDirObj_43",5,"2","filler","second_clause",,,,"indirect_object","canonical",TRUE,""
"exp1","exp1_027","2 C_Neg_Time_Loc",5,"2","experimental","first_clause","temporal",,"mismatch","mismatch","canonical",TRUE,""
"exp1","exp1_027","3 C_Aff_Red_Loc",5,"3","experimental","second_clause","ideophone","reduplication","mismatch","mismatch","canonical",TRUE,""
"exp1","exp1_027","3 C_Aff_Red_Red",5,"3","experimental","second_clause","ideophone","reduplication","match","match","canonical",TRUE,""
"exp1","exp1_027","3 C_F_Neg_DirObj_41",5,"3","filler","first_clause",,,,"direct_object","canonical",TRUE,""
"exp1","exp1_027","3 C_F_Neg_InDirObj_40",5,"3","filler","first_clause",,,,"indirect_object","canonical",TRUE,""
"exp1","exp1_027","4 C_Aff_Time_Time",5,"4","experimental","second_clause","temporal",,"match","match","canonical",TRUE,""
"exp1","exp1_027","4 C_CT_Neg_Good_39",5,"4","catch","first_clause",,,,"felicitous","canonical",TRUE,""
"exp1","exp1_027","4 C_F_Neg_DirObj_51",5,"4","filler","first_clause",,,,"direct_object","canonical",TRUE,""
"exp1","exp1_027","4 C_F_Neg_InDirObj",5,"4","filler","first_clause",,,,"indirect_object","canonical",TRUE,""
"exp1","exp1_027","6 C_Neg_Red_Red",5,"6","experimental","first_clause","ideophone","reduplication","match","match","canonical",TRUE,""
"exp1","exp1_027","2 C_Neg_Time_Time",4,"2","experimental","first_clause","temporal",,"match","match","canonical",TRUE,""
"exp1","exp1_027","3¬†C_CT_Neg_Good",4,"3","catch","first_clause",,,,"felicitous","canonical",TRUE,""
"exp1","exp1_027","4 C_Aff_Time_Loc",4,"4","experimental","second_clause","temporal",,"mismatch","mismatch","canonical",TRUE,""
"exp1","exp1_027","5 C_Neg_Manner_Loc",4,"5","experimental","first_clause","manner",,"mismatch","mismatch","canonical",TRUE,""
"exp1","exp1_027","5 C_Neg_Manner_Manne",4,"5","experimental","first_clause","manner",,"match","match","canonical",TRUE,""
"exp1","exp1_027","6 C_Neg_Red_Loc",4,"6","experimental","first_clause","ideophone","reduplication","mismatch","mismatch","canonical",TRUE,""
"exp1","exp1_027","2 C_CT_Aff_Bad_48",1,"2","catch","second_clause",,,,"infelicitous","canonical",TRUE,""
"exp1","exp1_027","2¬†C_CT_Aff_Bad_47",1,"2","catch","second_clause",,,,"infelicitous","canonical",TRUE,""
"exp1","exp1_027","3 C_CT_Neg_Bad_37",1,"3","catch","first_clause",,,,"infelicitous","canonical",TRUE,""
"exp1","exp1_027","4¬†C_CT_Neg_Bad_38",1,"4","catch","first_clause",,,,"infelicitous","canonical",TRUE,""
"exp1","exp1_028","1 C_CT_Aff_Good",5,"1","catch","second_clause",,,,"felicitous","canonical",TRUE,""
"exp1","exp1_028","1 C_CT_Aff_Good_2",5,"1","catch","second_clause",,,,"felicitous","canonical",TRUE,""
"exp1","exp1_028","1 C_F_Aff_DirObj",5,"1","filler","second_clause",,,,"direct_object","canonical",TRUE,""
"exp1","exp1_028","1 C_F_Aff_InDirObj",5,"1","filler","second_clause",,,,"indirect_object","canonical",TRUE,""
"exp1","exp1_028","1 C_Neg_Red_Red",5,"1","experimental","first_clause","ideophone","reduplication","match","match","canonical",TRUE,""
"exp1","exp1_028","2 C_Aff_Manner_Manne",5,"2","experimental","second_clause","manner",,"match","match","canonical",TRUE,""
"exp1","exp1_028","2 C_F_Neg_DirObj",5,"2","filler","first_clause",,,,"direct_object","canonical",TRUE,""
"exp1","exp1_028","3 C_CT_Aff_Good",5,"3","catch","second_clause",,,,"felicitous","canonical",TRUE,""
"exp1","exp1_028","3 C_F_Aff_DirObj",5,"3","filler","second_clause",,,,"direct_object","canonical",TRUE,""
"exp1","exp1_028","3 C_F_Aff_InDirOb",5,"3","filler","second_clause",,,,"indirect_object","canonical",TRUE,""
"exp1","exp1_028","4 C_Aff_Red_Loc",5,"4","experimental","second_clause","ideophone","reduplication","mismatch","mismatch","canonical",TRUE,""
"exp1","exp1_028","4 C_Aff_Red_Red",5,"4","experimental","second_clause","ideophone","reduplication","match","match","canonical",TRUE,""
"exp1","exp1_028","4 C_CT_Neg_Good",5,"4","catch","first_clause",,,,"felicitous","canonical",TRUE,""
"exp1","exp1_028","4_C_F_Neg_DirObj",5,"4","filler","first_clause",,,,"direct_object","canonical",TRUE,""
"exp1","exp1_028","5 C_Aff_Time_Time",5,"5","experimental","second_clause","temporal",,"match","match","canonical",TRUE,""
"exp1","exp1_028","6 C_Neg_Manner_Loc",5,"6","experimental","first_clause","manner",,"mismatch","mismatch","canonical",TRUE,""
"exp1","exp1_028","6 C_Neg_Manner_Manne",5,"6","experimental","first_clause","manner",,"match","match","canonical",TRUE,""
"exp1","exp1_028","1 C_Neg_Red_Loc",4,"1","experimental","first_clause","ideophone","reduplication","mismatch","mismatch","canonical",TRUE,""
"exp1","exp1_028","2 C_Aff_Manner_Loc",4,"2","experimental","second_clause","manner",,"mismatch","mismatch","canonical",TRUE,""
"exp1","exp1_028","2 C_F_Neg_InDirObj",4,"2","filler","first_clause",,,,"indirect_object","canonical",TRUE,""
"exp1","exp1_028","3 C_Neg_Time_Loc",4,"3","experimental","first_clause","temporal",,"mismatch","mismatch","canonical",TRUE,""
"exp1","exp1_028","3 C_Neg_Time_Time",4,"3","experimental","first_clause","temporal",,"match","match","canonical",TRUE,""
"exp1","exp1_028","4_C_F_Neg_InDirObj",4,"4","filler","first_clause",,,,"indirect_object","canonical",TRUE,""
"exp1","exp1_028","5 C_Aff_Time_Loc",4,"5","experimental","second_clause","temporal",,"mismatch","mismatch","canonical",TRUE,""
"exp1","exp1_028","2 C_CT_Neg_Bad",1,"2","catch","first_clause",,,,"infelicitous","canonical",TRUE,""
"exp1","exp1_028","2 C_CT_Neg_Bad_1",1,"2","catch","first_clause",,,,"infelicitous","canonical",TRUE,""
"exp1","exp1_028","3 C_CT_Aff_Bad",1,"3","catch","second_clause",,,,"infelicitous","canonical",TRUE,""
"exp1","exp1_028","4 C_CT_Neg_Bad",1,"4","catch","first_clause",,,,"infelicitous","canonical",TRUE,""
"exp1","exp1_029","1 C_Aff_Red_Loc_49",5,"1","experimental","second_clause","ideophone","reduplication","mismatch","mismatch","canonical",TRUE,""
"exp1","exp1_029","1 C_Aff_Red_Red_50",5,"1","experimental","second_clause","ideophone","reduplication","match","match","canonical",TRUE,""
"exp1","exp1_029","1 C_F_Aff_InDirObj_42",5,"1","filler","second_clause",,,,"indirect_object","canonical",TRUE,""
"exp1","exp1_029","1¬†C_F_Aff_DirObj",5,"1","filler","second_clause",,,,"direct_object","canonical",TRUE,""
"exp1","exp1_029","2 C_F_Aff_DirObj_44",5,"2","filler","second_clause",,,,"direct_object","canonical",TRUE,""
"exp1","exp1_029","2 C_F_Aff_InDirObj_43",5,"2","filler","second_clause",,,,"indirect_object","canonical",TRUE,""
"exp1","exp1_029","2 C_Neg_Time_Time",5,"2","experimental","first_clause","temporal",,"match","match","canonical",TRUE,""
"exp1","exp1_029","3 C_Aff_Red_Loc",5,"3","experimental","second_clause","ideophone","reduplication","mismatch","mismatch","canonical",TRUE,""
"exp1","exp1_029","3 C_F_Neg_DirObj_41",5,"3","filler","first_clause",,,,"direct_object","canonical",TRUE,""
"exp1","exp1_029","3 C_F_Neg_InDirObj_40",5,"3","filler","first_clause",,,,"indirect_object","canonical",TRUE,""
"exp1","exp1_029","3¬†C_CT_Neg_Good",5,"3","catch","first_clause",,,,"felicitous","canonical",TRUE,""
"exp1","exp1_029","4 C_Aff_Time_Time",5,"4","experimental","second_clause","temporal",,"match","match","canonical",TRUE,""
"exp1","exp1_029","4 C_CT_Neg_Good_39",5,"4","catch","first_clause",,,,"felicitous","canonical",TRUE,""
"exp1","exp1_029","4 C_F_Neg_DirObj_51",5,"4","filler","first_clause",,,,"direct_object","canonical",TRUE,""
"exp1","exp1_029","4 C_F_Neg_InDirObj",5,"4","filler","first_clause",,,,"indirect_object","canonical",TRUE,""
"exp1","exp1_029","5 C_Neg_Manner_Loc",5,"5","experimental","first_clause","manner",,"mismatch","mismatch","canonical",TRUE,""
"exp1","exp1_029","5 C_Neg_Manner_Manne",5,"5","experimental","first_clause","manner",,"match","match","canonical",TRUE,""
"exp1","exp1_029","6 C_Neg_Red_Loc",5,"6","experimental","first_clause","ideophone","reduplication","mismatch","mismatch","canonical",TRUE,""
"exp1","exp1_029","6 C_Neg_Red_Red",5,"6","experimental","first_clause","ideophone","reduplication","match","match","canonical",TRUE,""
"exp1","exp1_029","1 C_CT_Aff_Good_46",4,"1","catch","second_clause",,,,"felicitous","canonical",TRUE,""
"exp1","exp1_029","1¬†C_CT_Aff_Good_45",4,"1","catch","second_clause",,,,"felicitous","canonical",TRUE,""
"exp1","exp1_029","2 C_Neg_Time_Loc",4,"2","experimental","first_clause","temporal",,"mismatch","mismatch","canonical",TRUE,""
"exp1","exp1_029","3 C_Aff_Red_Red",4,"3","experimental","second_clause","ideophone","reduplication","match","match","canonical",TRUE,""
"exp1","exp1_029","4 C_Aff_Time_Loc",3,"4","experimental","second_clause","temporal",,"mismatch","mismatch","canonical",TRUE,""
"exp1","exp1_029","2 C_CT_Aff_Bad_48",1,"2","catch","second_clause",,,,"infelicitous","canonical",TRUE,""
"exp1","exp1_029","2¬†C_CT_Aff_Bad_47",1,"2","catch","second_clause",,,,"infelicitous","canonical",TRUE,""
"exp1","exp1_029","3 C_CT_Neg_Bad_37",1,"3","catch","first_clause",,,,"infelicitous","canonical",TRUE,""
"exp1","exp1_029","4¬†C_CT_Neg_Bad_38",1,"4","catch","first_clause",,,,"infelicitous","canonical",TRUE,""
"exp1","exp1_030","1 C_CT_Aff_Good",5,"1","catch","second_clause",,,,"felicitous","canonical",TRUE,""
"exp1","exp1_030","1 C_CT_Aff_Good_2",5,"1","catch","second_clause",,,,"felicitous","canonical",TRUE,""
"exp1","exp1_030","1 C_F_Aff_DirObj",5,"1","filler","second_clause",,,,"direct_object","canonical",TRUE,""
"exp1","exp1_030","1 C_Neg_Red_Red",5,"1","experimental","first_clause","ideophone","reduplication","match","match","canonical",TRUE,""
"exp1","exp1_030","2 C_Aff_Manner_Loc",5,"2","experimental","second_clause","manner",,"mismatch","mismatch","canonical",TRUE,""
"exp1","exp1_030","2 C_F_Neg_InDirObj",5,"2","filler","first_clause",,,,"indirect_object","canonical",TRUE,""
"exp1","exp1_030","3 C_CT_Aff_Good",5,"3","catch","second_clause",,,,"felicitous","canonical",TRUE,""
"exp1","exp1_030","3 C_F_Aff_DirObj",5,"3","filler","second_clause",,,,"direct_object","canonical",TRUE,""
"exp1","exp1_030","3 C_F_Aff_InDirOb",5,"3","filler","second_clause",,,,"indirect_object","canonical",TRUE,""
"exp1","exp1_030","3 C_Neg_Time_Time",5,"3","experimental","first_clause","temporal",,"match","match","canonical",TRUE,""
"exp1","exp1_030","4 C_Aff_Red_Loc",5,"4","experimental","second_clause","ideophone","reduplication","mismatch","mismatch","canonical",TRUE,""
"exp1","exp1_030","4 C_Aff_Red_Red",5,"4","experimental","second_clause","ideophone","reduplication","match","match","canonical",TRUE,""
"exp1","exp1_030","4 C_CT_Neg_Good",5,"4","catch","first_clause",,,,"felicitous","canonical",TRUE,""
"exp1","exp1_030","4_C_F_Neg_InDirObj",5,"4","filler","first_clause",,,,"indirect_object","canonical",TRUE,""
"exp1","exp1_030","5 C_Aff_Time_Time",5,"5","experimental","second_clause","temporal",,"match","match","canonical",TRUE,""
"exp1","exp1_030","6 C_Neg_Manner_Manne",5,"6","experimental","first_clause","manner",,"match","match","canonical",TRUE,""
"exp1","exp1_030","1 C_F_Aff_InDirObj",4,"1","filler","second_clause",,,,"indirect_object","canonical",TRUE,""
"exp1","exp1_030","2 C_Aff_Manner_Manne",4,"2","experimental","second_clause","manner",,"match","match","canonical",TRUE,""
"exp1","exp1_030","4_C_F_Neg_DirObj",4,"4","filler","first_clause",,,,"direct_object","canonical",TRUE,""
"exp1","exp1_030","5 C_Aff_Time_Loc",4,"5","experimental","second_clause","temporal",,"mismatch","mismatch","canonical",TRUE,""
"exp1","exp1_030","6 C_Neg_Manner_Loc",4,"6","experimental","first_clause","manner",,"mismatch","mismatch","canonical",TRUE,""
"exp1","exp1_030","2 C_F_Neg_DirObj",2,"2","filler","first_clause",,,,"direct_object","canonical",TRUE,""
"exp1","exp1_030","1 C_Neg_Red_Loc",1,"1","experimental","first_clause","ideophone","reduplication","mismatch","mismatch","canonical",TRUE,""
"exp1","exp1_030","2 C_CT_Neg_Bad",1,"2","catch","first_clause",,,,"infelicitous","canonical",TRUE,""
"exp1","exp1_030","2 C_CT_Neg_Bad_1",1,"2","catch","first_clause",,,,"infelicitous","canonical",TRUE,""
"exp1","exp1_030","3 C_CT_Aff_Bad",1,"3","catch","second_clause",,,,"infelicitous","canonical",TRUE,""
"exp1","exp1_030","3 C_Neg_Time_Loc",1,"3","experimental","first_clause","temporal",,"mismatch","mismatch","canonical",TRUE,""
"exp1","exp1_030","4 C_CT_Neg_Bad",1,"4","catch","first_clause",,,,"infelicitous","canonical",TRUE,""
"exp1","exp1_031","1 C_CT_Aff_Good_22",5,"1","catch","second_clause",,,,"felicitous","canonical",TRUE,""
"exp1","exp1_031","1 C_F_Aff_DirObj_29",5,"1","filler","second_clause",,,,"direct_object","canonical",TRUE,""
"exp1","exp1_031","1¬†C_CT_Aff_Good",5,"1","catch","second_clause",,,,"felicitous","canonical",TRUE,""
"exp1","exp1_031","2 C_Aff_Red_Red",5,"2","experimental","second_clause","ideophone","reduplication","match","match","canonical",TRUE,""
"exp1","exp1_031","2 C_F_Neg_InDirObj_35",5,"2","filler","first_clause",,,,"indirect_object","canonical",TRUE,""
"exp1","exp1_031","3 C_CT_Neg_Good_34",5,"3","catch","first_clause",,,,"felicitous","canonical",TRUE,""
"exp1","exp1_031","3 C_F_Neg_DirObj_24",5,"3","filler","first_clause",,,,"direct_object","canonical",TRUE,""
"exp1","exp1_031","4 C_F_Aff_DirObj_28",5,"4","filler","second_clause",,,,"direct_object","canonical",TRUE,""
"exp1","exp1_031","4 C_Neg_Manner_Manne",5,"4","experimental","first_clause","manner",,"match","match","canonical",TRUE,""
"exp1","exp1_031","4¬†C_CT_Aff_Good_31",5,"4","catch","second_clause",,,,"felicitous","canonical",TRUE,""
"exp1","exp1_031","5 C_Neg_Red_Red",5,"5","experimental","first_clause","ideophone","reduplication","match","match","canonical",TRUE,""
"exp1","exp1_031","6 C_Aff_Manner_Loc",5,"6","experimental","second_clause","manner",,"mismatch","mismatch","canonical",TRUE,""
"exp1","exp1_031","1 C_F_Aff_InDirObj_30",4,"1","filler","second_clause",,,,"indirect_object","canonical",TRUE,""
"exp1","exp1_031","1 C_Neg_Time_Time",4,"1","experimental","first_clause","temporal",,"match","match","canonical",TRUE,""
"exp1","exp1_031","2 C_Aff_Red_Loc",4,"2","experimental","second_clause","ideophone","reduplication","mismatch","mismatch","canonical",TRUE,""
"exp1","exp1_031","2 C_F_Neg_DirObj_36",4,"2","filler","first_clause",,,,"direct_object","canonical",TRUE,""
"exp1","exp1_031","3 C_Aff_Time_Loc",4,"3","experimental","second_clause","temporal",,"mismatch","mismatch","canonical",TRUE,""
"exp1","exp1_031","3 C_Aff_Time_Time",4,"3","experimental","second_clause","temporal",,"match","match","canonical",TRUE,""
"exp1","exp1_031","4 C_Neg_Manner_Loc",4,"4","experimental","first_clause","manner",,"mismatch","mismatch","canonical",TRUE,""
"exp1","exp1_031","6 C_Aff_Manner_Manne",4,"6","experimental","second_clause","manner",,"match","match","canonical",TRUE,""
"exp1","exp1_031","5 C_Neg_Red_Loc",3,"5","experimental","first_clause","ideophone","reduplication","mismatch","mismatch","canonical",TRUE,""
"exp1","exp1_031","1 C_Neg_Time_Loc",2,"1","experimental","first_clause","temporal",,"mismatch","mismatch","canonical",TRUE,""
"exp1","exp1_031","3 C_CT_Neg_Bad_33",2,"3","catch","first_clause",,,,"infelicitous","canonical",TRUE,""
"exp1","exp1_031","3 C_F_Neg_InDirObj_23",2,"3","filler","first_clause",,,,"indirect_object","canonical",TRUE,""
"exp1","exp1_031","4 C_F_Aff_InDirObj_27",2,"4","filler","second_clause",,,,"indirect_object","canonical",TRUE,""
"exp1","exp1_031","2 C_CT_Neg_Bad_26",1,"2","catch","first_clause",,,,"infelicitous","canonical",TRUE,""
"exp1","exp1_031","2¬†C_CT_Neg_Bad_25",1,"2","catch","first_clause",,,,"infelicitous","canonical",TRUE,""
"exp1","exp1_031","4 C_CT_Aff_Bad_32",1,"4","catch","second_clause",,,,"infelicitous","canonical",TRUE,""
"exp1","exp1_032","1 C_Aff_Red_Loc_49",5,"1","experimental","second_clause","ideophone","reduplication","mismatch","mismatch","canonical",TRUE,""
"exp1","exp1_032","1 C_Aff_Red_Red_50",5,"1","experimental","second_clause","ideophone","reduplication","match","match","canonical",TRUE,""
"exp1","exp1_032","1 C_CT_Aff_Good_46",5,"1","catch","second_clause",,,,"felicitous","canonical",TRUE,""
"exp1","exp1_032","1 C_F_Aff_InDirObj_42",5,"1","filler","second_clause",,,,"indirect_object","canonical",TRUE,""
"exp1","exp1_032","1¬†C_CT_Aff_Good_45",5,"1","catch","second_clause",,,,"felicitous","canonical",TRUE,""
"exp1","exp1_032","1¬†C_F_Aff_DirObj",5,"1","filler","second_clause",,,,"direct_object","canonical",TRUE,""
"exp1","exp1_032","2 C_F_Aff_InDirObj_43",5,"2","filler","second_clause",,,,"indirect_object","canonical",TRUE,""
"exp1","exp1_032","2 C_Neg_Time_Loc",5,"2","experimental","first_clause","temporal",,"mismatch","mismatch","canonical",TRUE,""
"exp1","exp1_032","2 C_Neg_Time_Time",5,"2","experimental","first_clause","temporal",,"match","match","canonical",TRUE,""
"exp1","exp1_032","3 C_F_Neg_DirObj_41",5,"3","filler","first_clause",,,,"direct_object","canonical",TRUE,""
"exp1","exp1_032","3 C_F_Neg_InDirObj_40",5,"3","filler","first_clause",,,,"indirect_object","canonical",TRUE,""
"exp1","exp1_032","3¬†C_CT_Neg_Good",5,"3","catch","first_clause",,,,"felicitous","canonical",TRUE,""
"exp1","exp1_032","4 C_Aff_Time_Loc",5,"4","experimental","second_clause","temporal",,"mismatch","mismatch","canonical",TRUE,""
"exp1","exp1_032","4 C_Aff_Time_Time",5,"4","experimental","second_clause","temporal",,"match","match","canonical",TRUE,""
"exp1","exp1_032","4 C_CT_Neg_Good_39",5,"4","catch","first_clause",,,,"felicitous","canonical",TRUE,""
"exp1","exp1_032","4 C_F_Neg_DirObj_51",5,"4","filler","first_clause",,,,"direct_object","canonical",TRUE,""
"exp1","exp1_032","4 C_F_Neg_InDirObj",5,"4","filler","first_clause",,,,"indirect_object","canonical",TRUE,""
"exp1","exp1_032","5 C_Neg_Manner_Loc",5,"5","experimental","first_clause","manner",,"mismatch","mismatch","canonical",TRUE,""
"exp1","exp1_032","5 C_Neg_Manner_Manne",5,"5","experimental","first_clause","manner",,"match","match","canonical",TRUE,""
"exp1","exp1_032","2 C_F_Aff_DirObj_44",4,"2","filler","second_clause",,,,"direct_object","canonical",TRUE,""
"exp1","exp1_032","6 C_Neg_Red_Loc",4,"6","experimental","first_clause","ideophone","reduplication","mismatch","mismatch","canonical",TRUE,""
"exp1","exp1_032","6 C_Neg_Red_Red",4,"6","experimental","first_clause","ideophone","reduplication","match","match","canonical",TRUE,""
"exp1","exp1_032","3 C_Aff_Red_Loc",2,"3","experimental","second_clause","ideophone","reduplication","mismatch","mismatch","canonical",TRUE,""
"exp1","exp1_032","3 C_Aff_Red_Red",2,"3","experimental","second_clause","ideophone","reduplication","match","match","canonical",TRUE,""
"exp1","exp1_032","2 C_CT_Aff_Bad_48",1,"2","catch","second_clause",,,,"infelicitous","canonical",TRUE,""
"exp1","exp1_032","2¬†C_CT_Aff_Bad_47",1,"2","catch","second_clause",,,,"infelicitous","canonical",TRUE,""
"exp1","exp1_032","3 C_CT_Neg_Bad_37",1,"3","catch","first_clause",,,,"infelicitous","canonical",TRUE,""
"exp1","exp1_032","4¬†C_CT_Neg_Bad_38",1,"4","catch","first_clause",,,,"infelicitous","canonical",TRUE,""
"exp1","exp1_033","1 C_Aff_Red_Red",5,"1","experimental","second_clause","ideophone","reduplication","match","match","canonical",TRUE,""
"exp1","exp1_033","1 C_CT_Neg_Good_19",5,"1","catch","first_clause",,,,"felicitous","canonical",TRUE,""
"exp1","exp1_033","1 C_CT_Neg_Good_20",5,"1","catch","first_clause",,,,"felicitous","canonical",TRUE,""
"exp1","exp1_033","1 C_F_Neg_InDirObj_18",5,"1","filler","first_clause",,,,"indirect_object","canonical",TRUE,""
"exp1","exp1_033","1¬†C_F_Neg_DirObj",5,"1","filler","first_clause",,,,"direct_object","canonical",TRUE,""
"exp1","exp1_033","2 C_Aff_Time_Loc",5,"2","experimental","second_clause","temporal",,"mismatch","mismatch","canonical",TRUE,""
"exp1","exp1_033","2 C_F_Aff_DirObj_21",5,"2","filler","second_clause",,,,"direct_object","canonical",TRUE,""
"exp1","exp1_033","2¬†C_F_Aff_InDirObj",5,"2","filler","second_clause",,,,"indirect_object","canonical",TRUE,""
"exp1","exp1_033","3 C_CT_Neg_Good_15",5,"3","catch","first_clause",,,,"felicitous","canonical",TRUE,""
"exp1","exp1_033","3 C_F_Neg_DirObj_17",5,"3","filler","first_clause",,,,"direct_object","canonical",TRUE,""
"exp1","exp1_033","3 C_F_Neg_InDirObj_16",5,"3","filler","first_clause",,,,"indirect_object","canonical",TRUE,""
"exp1","exp1_033","4¬†C_CT_Aff_Good",5,"4","catch","second_clause",,,,"felicitous","canonical",TRUE,""
"exp1","exp1_033","4¬†C_F_Aff_DirObj",5,"4","filler","second_clause",,,,"direct_object","canonical",TRUE,""
"exp1","exp1_033","5 C_Aff_Manner_Manne",5,"5","experimental","second_clause","manner",,"match","match","canonical",TRUE,""
"exp1","exp1_033","6 C_Neg_Time_Time",5,"6","experimental","first_clause","temporal",,"match","match","canonical",TRUE,""
"exp1","exp1_033","3 C_Neg_Manner_Loc",4,"3","experimental","first_clause","manner",,"mismatch","mismatch","canonical",TRUE,""
"exp1","exp1_033","3 C_Neg_Manner_Manne",4,"3","experimental","first_clause","manner",,"match","match","canonical",TRUE,""
"exp1","exp1_033","4 C_Neg_Red_Loc",4,"4","experimental","first_clause","ideophone","reduplication","mismatch","mismatch","canonical",TRUE,""
"exp1","exp1_033","4 C_Neg_Red_Red",4,"4","experimental","first_clause","ideophone","reduplication","match","match","canonical",TRUE,""
"exp1","exp1_033","5 C_Aff_Manner_Loc",4,"5","experimental","second_clause","manner",,"mismatch","mismatch","canonical",TRUE,""
"exp1","exp1_033","1 C_Aff_Red_Loc",2,"1","experimental","second_clause","ideophone","reduplication","mismatch","mismatch","canonical",TRUE,""
"exp1","exp1_033","2 C_Aff_Time_Time",2,"2","experimental","second_clause","temporal",,"match","match","canonical",TRUE,""
"exp1","exp1_033","6 C_Neg_Time_Loc",2,"6","experimental","first_clause","temporal",,"mismatch","mismatch","canonical",TRUE,""
"exp1","exp1_033","2 C_CT_Aff_Bad",1,"2","catch","second_clause",,,,"infelicitous","canonical",TRUE,""
"exp1","exp1_033","2¬†C_CT_Aff_Bad",1,"2","catch","second_clause",,,,"infelicitous","canonical",TRUE,""
"exp1","exp1_033","3 C_CT_Neg_Bad_14",1,"3","catch","first_clause",,,,"infelicitous","canonical",TRUE,""
"exp1","exp1_033","4 C_F_Aff_InDirObj_13",1,"4","filler","second_clause",,,,"indirect_object","canonical",TRUE,""
"exp1","exp1_033","4¬†C_CT_Aff_Bad",1,"4","catch","second_clause",,,,"infelicitous","canonical",TRUE,""
"exp1","exp1_034","1 C_F_Aff_DirObj_29",5,"1","filler","second_clause",,,,"direct_object","canonical",TRUE,""
"exp1","exp1_034","1 C_Neg_Time_Time",5,"1","experimental","first_clause","temporal",,"match","match","canonical",TRUE,""
"exp1","exp1_034","1¬†C_CT_Aff_Good",5,"1","catch","second_clause",,,,"felicitous","canonical",TRUE,""
"exp1","exp1_034","2 C_Aff_Red_Loc",5,"2","experimental","second_clause","ideophone","reduplication","mismatch","mismatch","canonical",TRUE,""
"exp1","exp1_034","3 C_CT_Neg_Good_34",5,"3","catch","first_clause",,,,"felicitous","canonical",TRUE,""
"exp1","exp1_034","3 C_F_Neg_DirObj_24",5,"3","filler","first_clause",,,,"direct_object","canonical",TRUE,""
"exp1","exp1_034","4 C_F_Aff_DirObj_28",5,"4","filler","second_clause",,,,"direct_object","canonical",TRUE,""
"exp1","exp1_034","4 C_Neg_Manner_Manne",5,"4","experimental","first_clause","manner",,"match","match","canonical",TRUE,""
"exp1","exp1_034","4¬†C_CT_Aff_Good_31",5,"4","catch","second_clause",,,,"felicitous","canonical",TRUE,""
"exp1","exp1_034","5 C_Neg_Red_Red",5,"5","experimental","first_clause","ideophone","reduplication","match","match","canonical",TRUE,""
"exp1","exp1_034","1 C_CT_Aff_Good_22",4,"1","catch","second_clause",,,,"felicitous","canonical",TRUE,""
"exp1","exp1_034","1 C_F_Aff_InDirObj_30",4,"1","filler","second_clause",,,,"indirect_object","canonical",TRUE,""
"exp1","exp1_034","2 C_F_Neg_InDirObj_35",4,"2","filler","first_clause",,,,"indirect_object","canonical",TRUE,""
"exp1","exp1_034","3 C_Aff_Time_Loc",4,"3","experimental","second_clause","temporal",,"mismatch","mismatch","canonical",TRUE,""
"exp1","exp1_034","6 C_Aff_Manner_Loc",4,"6","experimental","second_clause","manner",,"mismatch","mismatch","canonical",TRUE,""
"exp1","exp1_034","2 C_Aff_Red_Red",2,"2","experimental","second_clause","ideophone","reduplication","match","match","canonical",TRUE,""
"exp1","exp1_034","2¬†C_CT_Neg_Bad_25",2,"2","catch","first_clause",,,,"infelicitous","canonical",TRUE,""
"exp1","exp1_034","3 C_Aff_Time_Time",2,"3","experimental","second_clause","temporal",,"match","match","canonical",TRUE,""
"exp1","exp1_034","3 C_F_Neg_InDirObj_23",2,"3","filler","first_clause",,,,"indirect_object","canonical",TRUE,""
"exp1","exp1_034","4 C_Neg_Manner_Loc",2,"4","experimental","first_clause","manner",,"mismatch","mismatch","canonical",TRUE,""
"exp1","exp1_034","5 C_Neg_Red_Loc",2,"5","experimental","first_clause","ideophone","reduplication","mismatch","mismatch","canonical",TRUE,""
"exp1","exp1_034","6 C_Aff_Manner_Manne",2,"6","experimental","second_clause","manner",,"match","match","canonical",TRUE,""
"exp1","exp1_034","1 C_Neg_Time_Loc",1,"1","experimental","first_clause","temporal",,"mismatch","mismatch","canonical",TRUE,""
"exp1","exp1_034","2 C_CT_Neg_Bad_26",1,"2","catch","first_clause",,,,"infelicitous","canonical",TRUE,""
"exp1","exp1_034","2 C_F_Neg_DirObj_36",1,"2","filler","first_clause",,,,"direct_object","canonical",TRUE,""
"exp1","exp1_034","3 C_CT_Neg_Bad_33",1,"3","catch","first_clause",,,,"infelicitous","canonical",TRUE,""
"exp1","exp1_034","4 C_CT_Aff_Bad_32",1,"4","catch","second_clause",,,,"infelicitous","canonical",TRUE,""
"exp1","exp1_034","4 C_F_Aff_InDirObj_27",1,"4","filler","second_clause",,,,"indirect_object","canonical",TRUE,""
"exp1","exp1_035","1 C_Aff_Red_Red_50",5,"1","experimental","second_clause","ideophone","reduplication","match","match","canonical",TRUE,""
"exp1","exp1_035","4 C_F_Neg_DirObj_51",5,"4","filler","first_clause",,,,"direct_object","canonical",TRUE,""
"exp1","exp1_035","1 C_Aff_Red_Loc_49",4,"1","experimental","second_clause","ideophone","reduplication","mismatch","mismatch","canonical",TRUE,""
"exp1","exp1_035","1 C_CT_Aff_Good_46",4,"1","catch","second_clause",,,,"felicitous","canonical",TRUE,""
"exp1","exp1_035","1 C_F_Aff_InDirObj_42",4,"1","filler","second_clause",,,,"indirect_object","canonical",TRUE,""
"exp1","exp1_035","1¬†C_CT_Aff_Good_45",4,"1","catch","second_clause",,,,"felicitous","canonical",TRUE,""
"exp1","exp1_035","1¬†C_F_Aff_DirObj",4,"1","filler","second_clause",,,,"direct_object","canonical",TRUE,""
"exp1","exp1_035","2 C_F_Aff_InDirObj_43",4,"2","filler","second_clause",,,,"indirect_object","canonical",TRUE,""
"exp1","exp1_035","2 C_Neg_Time_Loc",4,"2","experimental","first_clause","temporal",,"mismatch","mismatch","canonical",TRUE,""
"exp1","exp1_035","2 C_Neg_Time_Time",4,"2","experimental","first_clause","temporal",,"match","match","canonical",TRUE,""
"exp1","exp1_035","3 C_Aff_Red_Loc",4,"3","experimental","second_clause","ideophone","reduplication","mismatch","mismatch","canonical",TRUE,""
"exp1","exp1_035","3 C_Aff_Red_Red",4,"3","experimental","second_clause","ideophone","reduplication","match","match","canonical",TRUE,""
"exp1","exp1_035","3 C_F_Neg_DirObj_41",4,"3","filler","first_clause",,,,"direct_object","canonical",TRUE,""
"exp1","exp1_035","3 C_F_Neg_InDirObj_40",4,"3","filler","first_clause",,,,"indirect_object","canonical",TRUE,""
"exp1","exp1_035","3¬†C_CT_Neg_Good",4,"3","catch","first_clause",,,,"felicitous","canonical",TRUE,""
"exp1","exp1_035","4 C_CT_Neg_Good_39",4,"4","catch","first_clause",,,,"felicitous","canonical",TRUE,""
"exp1","exp1_035","4 C_F_Neg_InDirObj",4,"4","filler","first_clause",,,,"indirect_object","canonical",TRUE,""
"exp1","exp1_035","5 C_Neg_Manner_Manne",4,"5","experimental","first_clause","manner",,"match","match","canonical",TRUE,""
"exp1","exp1_035","6 C_Neg_Red_Loc",4,"6","experimental","first_clause","ideophone","reduplication","mismatch","mismatch","canonical",TRUE,""
"exp1","exp1_035","2 C_F_Aff_DirObj_44",3,"2","filler","second_clause",,,,"direct_object","canonical",TRUE,""
"exp1","exp1_035","5 C_Neg_Manner_Loc",3,"5","experimental","first_clause","manner",,"mismatch","mismatch","canonical",TRUE,""
"exp1","exp1_035","3 C_CT_Neg_Bad_37",2,"3","catch","first_clause",,,,"infelicitous","canonical",TRUE,""
"exp1","exp1_035","4 C_Aff_Time_Loc",2,"4","experimental","second_clause","temporal",,"mismatch","mismatch","canonical",TRUE,""
"exp1","exp1_035","4 C_Aff_Time_Time",2,"4","experimental","second_clause","temporal",,"match","match","canonical",TRUE,""
"exp1","exp1_035","6 C_Neg_Red_Red",2,"6","experimental","first_clause","ideophone","reduplication","match","match","canonical",TRUE,""
"exp1","exp1_035","2 C_CT_Aff_Bad_48",1,"2","catch","second_clause",,,,"infelicitous","canonical",TRUE,""
"exp1","exp1_035","2¬†C_CT_Aff_Bad_47",1,"2","catch","second_clause",,,,"infelicitous","canonical",TRUE,""
"exp1","exp1_035","4¬†C_CT_Neg_Bad_38",1,"4","catch","first_clause",,,,"infelicitous","canonical",TRUE,""
"exp1","exp1_036","1 C_CT_Neg_Good",5,"1","catch","first_clause",,,,"felicitous","canonical",TRUE,""
"exp1","exp1_036","1 C_CT_Neg_Good_3",5,"1","catch","first_clause",,,,"felicitous","canonical",TRUE,""
"exp1","exp1_036","1 C_F_Neg_DirObj",5,"1","filler","first_clause",,,,"direct_object","canonical",TRUE,""
"exp1","exp1_036","1 C_F_Neg_InDirObj",5,"1","filler","first_clause",,,,"indirect_object","canonical",TRUE,""
"exp1","exp1_036","1 C_Neg_Manner_Manne",5,"1","experimental","first_clause","manner",,"match","match","canonical",TRUE,""
"exp1","exp1_036","2 C_F_Aff_DirObj",5,"2","filler","second_clause",,,,"direct_object","canonical",TRUE,""
"exp1","exp1_036","2 C_F_Aff_InDirObj",5,"2","filler","second_clause",,,,"indirect_object","canonical",TRUE,""
"exp1","exp1_036","2 C_Neg_Red_Red",5,"2","experimental","first_clause","ideophone","reduplication","match","match","canonical",TRUE,""
"exp1","exp1_036","3 C_Aff_Manner_Loc",5,"3","experimental","second_clause","manner",,"mismatch","mismatch","canonical",TRUE,""
"exp1","exp1_036","3 C_CT_Neg_Good",5,"3","catch","first_clause",,,,"felicitous","canonical",TRUE,""
"exp1","exp1_036","3 C_F_Neg_DirObj",5,"3","filler","first_clause",,,,"direct_object","canonical",TRUE,""
"exp1","exp1_036","3 C_F_Neg_InDirObj",5,"3","filler","first_clause",,,,"indirect_object","canonical",TRUE,""
"exp1","exp1_036","3C_Aff_Manner_Manner",5,"3","experimental","second_clause","manner",,"match","match","canonical",TRUE,""
"exp1","exp1_036","4 C_CT_Aff_Good",5,"4","catch","second_clause",,,,"felicitous","canonical",TRUE,""
"exp1","exp1_036","4 C_F_Aff_DirObj",5,"4","filler","second_clause",,,,"direct_object","canonical",TRUE,""
"exp1","exp1_036","4 C_Neg_Time_Time",5,"4","experimental","first_clause","temporal",,"match","match","canonical",TRUE,""
"exp1","exp1_036","5 C_Aff_Red_Red",5,"5","experimental","second_clause","ideophone","reduplication","match","match","canonical",TRUE,""
"exp1","exp1_036","6 C_Aff_Time_Loc",5,"6","experimental","second_clause","temporal",,"mismatch","mismatch","canonical",TRUE,""
"exp1","exp1_036","6 C_Aff_Time_Time",5,"6","experimental","second_clause","temporal",,"match","match","canonical",TRUE,""
"exp1","exp1_036","4 C_F_Aff_InDirObj",2,"4","filler","second_clause",,,,"indirect_object","canonical",TRUE,""
"exp1","exp1_036","1 C_Neg_Manner_Loc",1,"1","experimental","first_clause","manner",,"mismatch","mismatch","canonical",TRUE,""
"exp1","exp1_036","2 CT_Aff_Bad",1,"2","catch","second_clause",,,,"infelicitous","canonical",TRUE,""
"exp1","exp1_036","2 CT_Aff_Bad_4",1,"2","catch","second_clause",,,,"infelicitous","canonical",TRUE,""
"exp1","exp1_036","2 C_Neg_Red_Loc",1,"2","experimental","first_clause","ideophone","reduplication","mismatch","mismatch","canonical",TRUE,""
"exp1","exp1_036","3 C_CT_Neg_Bad",1,"3","catch","first_clause",,,,"infelicitous","canonical",TRUE,""
"exp1","exp1_036","4 C_CT_Aff_Bad",1,"4","catch","second_clause",,,,"infelicitous","canonical",TRUE,""
"exp1","exp1_036","4 C_Neg_Time_Loc",1,"4","experimental","first_clause","temporal",,"mismatch","mismatch","canonical",TRUE,""
"exp1","exp1_036","5 C_Aff_Red_Loc",1,"5","experimental","second_clause","ideophone","reduplication","mismatch","mismatch","canonical",TRUE,""
"exp1","exp1_037","1 C_CT_Aff_Good",4,"1","catch","second_clause",,,,"felicitous","canonical",TRUE,""
"exp1","exp1_037","1 C_F_Aff_DirObj",4,"1","filler","second_clause",,,,"direct_object","canonical",TRUE,""
"exp1","exp1_037","1 C_Neg_Red_Red",4,"1","experimental","first_clause","ideophone","reduplication","match","match","canonical",TRUE,""
"exp1","exp1_037","2 C_Aff_Manner_Manne",4,"2","experimental","second_clause","manner",,"match","match","canonical",TRUE,""
"exp1","exp1_037","2 C_F_Neg_DirObj",4,"2","filler","first_clause",,,,"direct_object","canonical",TRUE,""
"exp1","exp1_037","3 C_CT_Aff_Good",4,"3","catch","second_clause",,,,"felicitous","canonical",TRUE,""
"exp1","exp1_037","3 C_F_Aff_DirObj",4,"3","filler","second_clause",,,,"direct_object","canonical",TRUE,""
"exp1","exp1_037","3 C_Neg_Time_Time",4,"3","experimental","first_clause","temporal",,"match","match","canonical",TRUE,""
"exp1","exp1_037","4 C_Aff_Red_Loc",4,"4","experimental","second_clause","ideophone","reduplication","mismatch","mismatch","canonical",TRUE,""
"exp1","exp1_037","4 C_Aff_Red_Red",4,"4","experimental","second_clause","ideophone","reduplication","match","match","canonical",TRUE,""
"exp1","exp1_037","4 C_CT_Neg_Good",4,"4","catch","first_clause",,,,"felicitous","canonical",TRUE,""
"exp1","exp1_037","4_C_F_Neg_DirObj",4,"4","filler","first_clause",,,,"direct_object","canonical",TRUE,""
"exp1","exp1_037","5 C_Aff_Time_Time",4,"5","experimental","second_clause","temporal",,"match","match","canonical",TRUE,""
"exp1","exp1_037","6 C_Neg_Manner_Manne",4,"6","experimental","first_clause","manner",,"match","match","canonical",TRUE,""
"exp1","exp1_037","3 C_F_Aff_InDirOb",3,"3","filler","second_clause",,,,"indirect_object","canonical",TRUE,""
"exp1","exp1_037","1 C_CT_Aff_Good_2",2,"1","catch","second_clause",,,,"felicitous","canonical",TRUE,""
"exp1","exp1_037","1 C_F_Aff_InDirObj",2,"1","filler","second_clause",,,,"indirect_object","canonical",TRUE,""
"exp1","exp1_037","1 C_Neg_Red_Loc",2,"1","experimental","first_clause","ideophone","reduplication","mismatch","mismatch","canonical",TRUE,""
"exp1","exp1_037","2 C_Aff_Manner_Loc",2,"2","experimental","second_clause","manner",,"mismatch","mismatch","canonical",TRUE,""
"exp1","exp1_037","2 C_F_Neg_InDirObj",2,"2","filler","first_clause",,,,"indirect_object","canonical",TRUE,""
"exp1","exp1_037","3 C_Neg_Time_Loc",2,"3","experimental","first_clause","temporal",,"mismatch","mismatch","canonical",TRUE,""
"exp1","exp1_037","4_C_F_Neg_InDirObj",2,"4","filler","first_clause",,,,"indirect_object","canonical",TRUE,""
"exp1","exp1_037","5 C_Aff_Time_Loc",2,"5","experimental","second_clause","temporal",,"mismatch","mismatch","canonical",TRUE,""
"exp1","exp1_037","6 C_Neg_Manner_Loc",2,"6","experimental","first_clause","manner",,"mismatch","mismatch","canonical",TRUE,""
"exp1","exp1_037","2 C_CT_Neg_Bad",1,"2","catch","first_clause",,,,"infelicitous","canonical",TRUE,""
"exp1","exp1_037","2 C_CT_Neg_Bad_1",1,"2","catch","first_clause",,,,"infelicitous","canonical",TRUE,""
"exp1","exp1_037","3 C_CT_Aff_Bad",1,"3","catch","second_clause",,,,"infelicitous","canonical",TRUE,""
"exp1","exp1_037","4 C_CT_Neg_Bad",1,"4","catch","first_clause",,,,"infelicitous","canonical",TRUE,""
"exp1","exp1_038","1 C_CT_Aff_Good_5",5,"1","catch","second_clause",,,,"felicitous","canonical",TRUE,""
"exp1","exp1_038","1 C_CT_Aff_Good_6",5,"1","catch","second_clause",,,,"felicitous","canonical",TRUE,""
"exp1","exp1_038","1 C_F_Aff_DirObj_11",5,"1","filler","second_clause",,,,"direct_object","canonical",TRUE,""
"exp1","exp1_038","1¬†C_F_Aff_InDirObj",5,"1","filler","second_clause",,,,"indirect_object","canonical",TRUE,""
"exp1","exp1_038","2 C_F_Neg_DirObj_8",5,"2","filler","first_clause",,,,"direct_object","canonical",TRUE,""
"exp1","exp1_038","2 C_F_Neg_InDirObj_7",5,"2","filler","first_clause",,,,"indirect_object","canonical",TRUE,""
"exp1","exp1_038","2 C_Neg_Manner_Loc",5,"2","experimental","first_clause","manner",,"mismatch","mismatch","canonical",TRUE,""
"exp1","exp1_038","2 C_Neg_Manner_Manne",5,"2","experimental","first_clause","manner",,"match","match","canonical",TRUE,""
"exp1","exp1_038","3 C_F_Aff_InDirObj",5,"3","filler","second_clause",,,,"indirect_object","canonical",TRUE,""
"exp1","exp1_038","3¬†C_CT_Aff_Good",5,"3","catch","second_clause",,,,"felicitous","canonical",TRUE,""
"exp1","exp1_038","3¬†C_F_Aff_DirObj",5,"3","filler","second_clause",,,,"direct_object","canonical",TRUE,""
"exp1","exp1_038","4 C_Aff_Manner_Loc",5,"4","experimental","second_clause","manner",,"mismatch","mismatch","canonical",TRUE,""
"exp1","exp1_038","4 C_Aff_Manner_Manne",5,"4","experimental","second_clause","manner",,"match","match","canonical",TRUE,""
"exp1","exp1_038","4 C_CT_Neg_Good_9",5,"4","catch","first_clause",,,,"felicitous","canonical",TRUE,""
"exp1","exp1_038","4 C_F_Neg_DirObj",5,"4","filler","first_clause",,,,"direct_object","canonical",TRUE,""
"exp1","exp1_038","4¬†C_F_Neg_InDirObj",5,"4","filler","first_clause",,,,"indirect_object","canonical",TRUE,""
"exp1","exp1_038","5 C_Neg_Time_Time",5,"5","experimental","first_clause","temporal",,"match","match","canonical",TRUE,""
"exp1","exp1_038","6 C_Aff_Red_Loc",5,"6","experimental","second_clause","ideophone","reduplication","mismatch","mismatch","canonical",TRUE,""
"exp1","exp1_038","1 C_Aff_Time_Loc",1,"1","experimental","second_clause","temporal",,"mismatch","mismatch","canonical",TRUE,""
"exp1","exp1_038","1 C_Aff_Time_Time",1,"1","experimental","second_clause","temporal",,"match","match","canonical",TRUE,""
"exp1","exp1_038","2 C_CT_Neg_Bad_12",1,"2","catch","first_clause",,,,"infelicitous","canonical",TRUE,""
"exp1","exp1_038","2¬†C_CT_Neg_Bad",1,"2","catch","first_clause",,,,"infelicitous","canonical",TRUE,""
"exp1","exp1_038","3 C_CT_Aff_Bad_10",1,"3","catch","second_clause",,,,"infelicitous","canonical",TRUE,""
"exp1","exp1_038","3 C_Neg_Red_Loc",1,"3","experimental","first_clause","ideophone","reduplication","mismatch","mismatch","canonical",TRUE,""
"exp1","exp1_038","3 C_Neg_Red_Red",1,"3","experimental","first_clause","ideophone","reduplication","match","match","canonical",TRUE,""
"exp1","exp1_038","4¬†C_CT_Neg_Bad",1,"4","catch","first_clause",,,,"infelicitous","canonical",TRUE,""
"exp1","exp1_038","5 C_Neg_Time_Loc",1,"5","experimental","first_clause","temporal",,"mismatch","mismatch","canonical",TRUE,""
"exp1","exp1_038","6 C_Aff_Red_Red",1,"6","experimental","second_clause","ideophone","reduplication","match","match","canonical",TRUE,""
"exp1","exp1_039","1 C_CT_Aff_Good",5,"1","catch","second_clause",,,,"felicitous","canonical",TRUE,""
"exp1","exp1_039","1 C_CT_Aff_Good_2",5,"1","catch","second_clause",,,,"felicitous","canonical",TRUE,""
"exp1","exp1_039","1 C_F_Aff_DirObj",5,"1","filler","second_clause",,,,"direct_object","canonical",TRUE,""
"exp1","exp1_039","1 C_Neg_Red_Loc",5,"1","experimental","first_clause","ideophone","reduplication","mismatch","mismatch","canonical",TRUE,""
"exp1","exp1_039","3 C_F_Aff_DirObj",5,"3","filler","second_clause",,,,"direct_object","canonical",TRUE,""
"exp1","exp1_039","3 C_F_Aff_InDirOb",5,"3","filler","second_clause",,,,"indirect_object","canonical",TRUE,""
"exp1","exp1_039","4 C_Aff_Red_Loc",5,"4","experimental","second_clause","ideophone","reduplication","mismatch","mismatch","canonical",TRUE,""
"exp1","exp1_039","4 C_Aff_Red_Red",5,"4","experimental","second_clause","ideophone","reduplication","match","match","canonical",TRUE,""
"exp1","exp1_039","4 C_CT_Neg_Good",5,"4","catch","first_clause",,,,"felicitous","canonical",TRUE,""
"exp1","exp1_039","4_C_F_Neg_InDirObj",5,"4","filler","first_clause",,,,"indirect_object","canonical",TRUE,""
"exp1","exp1_039","5 C_Aff_Time_Time",5,"5","experimental","second_clause","temporal",,"match","match","canonical",TRUE,""
"exp1","exp1_039","6 C_Neg_Manner_Manne",5,"6","experimental","first_clause","manner",,"match","match","canonical",TRUE,""
"exp1","exp1_039","1 C_F_Aff_InDirObj",4,"1","filler","second_clause",,,,"indirect_object","canonical",TRUE,""
"exp1","exp1_039","1 C_Neg_Red_Red",4,"1","experimental","first_clause","ideophone","reduplication","match","match","canonical",TRUE,""
"exp1","exp1_039","2 C_Aff_Manner_Loc",4,"2","experimental","second_clause","manner",,"mismatch","mismatch","canonical",TRUE,""
"exp1","exp1_039","2 C_Aff_Manner_Manne",4,"2","experimental","second_clause","manner",,"match","match","canonical",TRUE,""
"exp1","exp1_039","2 C_F_Neg_DirObj",4,"2","filler","first_clause",,,,"direct_object","canonical",TRUE,""
"exp1","exp1_039","2 C_F_Neg_InDirObj",4,"2","filler","first_clause",,,,"indirect_object","canonical",TRUE,""
"exp1","exp1_039","3 C_CT_Aff_Good",4,"3","catch","second_clause",,,,"felicitous","canonical",TRUE,""
"exp1","exp1_039","4_C_F_Neg_DirObj",4,"4","filler","first_clause",,,,"direct_object","canonical",TRUE,""
"exp1","exp1_039","5 C_Aff_Time_Loc",4,"5","experimental","second_clause","temporal",,"mismatch","mismatch","canonical",TRUE,""
"exp1","exp1_039","6 C_Neg_Manner_Loc",4,"6","experimental","first_clause","manner",,"mismatch","mismatch","canonical",TRUE,""
"exp1","exp1_039","3 C_Neg_Time_Loc",3,"3","experimental","first_clause","temporal",,"mismatch","mismatch","canonical",TRUE,""
"exp1","exp1_039","3 C_Neg_Time_Time",2,"3","experimental","first_clause","temporal",,"match","match","canonical",TRUE,""
"exp1","exp1_039","2 C_CT_Neg_Bad",1,"2","catch","first_clause",,,,"infelicitous","canonical",TRUE,""
"exp1","exp1_039","2 C_CT_Neg_Bad_1",1,"2","catch","first_clause",,,,"infelicitous","canonical",TRUE,""
"exp1","exp1_039","3 C_CT_Aff_Bad",1,"3","catch","second_clause",,,,"infelicitous","canonical",TRUE,""
"exp1","exp1_039","4 C_CT_Neg_Bad",1,"4","catch","first_clause",,,,"infelicitous","canonical",TRUE,""
"exp1","exp1_040","1 C_Aff_Red_Loc",5,"1","experimental","second_clause","ideophone","reduplication","mismatch","mismatch","canonical",TRUE,""
"exp1","exp1_040","1 C_CT_Neg_Good_19",5,"1","catch","first_clause",,,,"felicitous","canonical",TRUE,""
"exp1","exp1_040","1 C_CT_Neg_Good_20",5,"1","catch","first_clause",,,,"felicitous","canonical",TRUE,""
"exp1","exp1_040","1 C_F_Neg_InDirObj_18",5,"1","filler","first_clause",,,,"indirect_object","canonical",TRUE,""
"exp1","exp1_040","1¬†C_F_Neg_DirObj",5,"1","filler","first_clause",,,,"direct_object","canonical",TRUE,""
"exp1","exp1_040","2 C_Aff_Time_Time",5,"2","experimental","second_clause","temporal",,"match","match","canonical",TRUE,""
"exp1","exp1_040","2¬†C_F_Aff_InDirObj",5,"2","filler","second_clause",,,,"indirect_object","canonical",TRUE,""
"exp1","exp1_040","3 C_CT_Neg_Good_15",5,"3","catch","first_clause",,,,"felicitous","canonical",TRUE,""
"exp1","exp1_040","3 C_F_Neg_DirObj_17",5,"3","filler","first_clause",,,,"direct_object","canonical",TRUE,""
"exp1","exp1_040","3 C_Neg_Manner_Loc",5,"3","experimental","first_clause","manner",,"mismatch","mismatch","canonical",TRUE,""
"exp1","exp1_040","4 C_Neg_Red_Loc",5,"4","experimental","first_clause","ideophone","reduplication","mismatch","mismatch","canonical",TRUE,""
"exp1","exp1_040","4 C_Neg_Red_Red",5,"4","experimental","first_clause","ideophone","reduplication","match","match","canonical",TRUE,""
"exp1","exp1_040","4¬†C_CT_Aff_Good",5,"4","catch","second_clause",,,,"felicitous","canonical",TRUE,""
"exp1","exp1_040","4¬†C_F_Aff_DirObj",5,"4","filler","second_clause",,,,"direct_object","canonical",TRUE,""
"exp1","exp1_040","5 C_Aff_Manner_Manne",5,"5","experimental","second_clause","manner",,"match","match","canonical",TRUE,""
"exp1","exp1_040","6 C_Neg_Time_Time",5,"6","experimental","first_clause","temporal",,"match","match","canonical",TRUE,""
"exp1","exp1_040","3 C_F_Neg_InDirObj_16",2,"3","filler","first_clause",,,,"indirect_object","canonical",TRUE,""
"exp1","exp1_040","3 C_Neg_Manner_Manne",2,"3","experimental","first_clause","manner",,"match","match","canonical",TRUE,""
"exp1","exp1_040","1 C_Aff_Red_Red",1,"1","experimental","second_clause","ideophone","reduplication","match","match","canonical",TRUE,""
"exp1","exp1_040","2 C_Aff_Time_Loc",1,"2","experimental","second_clause","temporal",,"mismatch","mismatch","canonical",TRUE,""
"exp1","exp1_040","2 C_CT_Aff_Bad",1,"2","catch","second_clause",,,,"infelicitous","canonical",TRUE,""
"exp1","exp1_040","2 C_F_Aff_DirObj_21",1,"2","filler","second_clause",,,,"direct_object","canonical",TRUE,""
"exp1","exp1_040","2¬†C_CT_Aff_Bad",1,"2","catch","second_clause",,,,"infelicitous","canonical",TRUE,""
"exp1","exp1_040","3 C_CT_Neg_Bad_14",1,"3","catch","first_clause",,,,"infelicitous","canonical",TRUE,""
"exp1","exp1_040","4 C_F_Aff_InDirObj_13",1,"4","filler","second_clause",,,,"indirect_object","canonical",TRUE,""
"exp1","exp1_040","4¬†C_CT_Aff_Bad",1,"4","catch","second_clause",,,,"infelicitous","canonical",TRUE,""
"exp1","exp1_040","5 C_Aff_Manner_Loc",1,"5","experimental","second_clause","manner",,"mismatch","mismatch","canonical",TRUE,""
"exp1","exp1_040","6 C_Neg_Time_Loc",1,"6","experimental","first_clause","temporal",,"mismatch","mismatch","canonical",TRUE,""
"exp1","exp1_041","1 C_Aff_Time_Time",5,"1","experimental","second_clause","temporal",,"match","match","canonical",TRUE,""
"exp1","exp1_041","1 C_CT_Aff_Good_5",5,"1","catch","second_clause",,,,"felicitous","canonical",TRUE,""
"exp1","exp1_041","1 C_CT_Aff_Good_6",5,"1","catch","second_clause",,,,"felicitous","canonical",TRUE,""
"exp1","exp1_041","1 C_F_Aff_DirObj_11",5,"1","filler","second_clause",,,,"direct_object","canonical",TRUE,""
"exp1","exp1_041","2 C_F_Neg_DirObj_8",5,"2","filler","first_clause",,,,"direct_object","canonical",TRUE,""
"exp1","exp1_041","3 C_Neg_Red_Loc",5,"3","experimental","first_clause","ideophone","reduplication","mismatch","mismatch","canonical",TRUE,""
"exp1","exp1_041","3 C_Neg_Red_Red",5,"3","experimental","first_clause","ideophone","reduplication","match","match","canonical",TRUE,""
"exp1","exp1_041","3¬†C_CT_Aff_Good",5,"3","catch","second_clause",,,,"felicitous","canonical",TRUE,""
"exp1","exp1_041","3¬†C_F_Aff_DirObj",5,"3","filler","second_clause",,,,"direct_object","canonical",TRUE,""
"exp1","exp1_041","4 C_Aff_Manner_Manne",5,"4","experimental","second_clause","manner",,"match","match","canonical",TRUE,""
"exp1","exp1_041","4 C_CT_Neg_Good_9",5,"4","catch","first_clause",,,,"felicitous","canonical",TRUE,""
"exp1","exp1_041","4 C_F_Neg_DirObj",5,"4","filler","first_clause",,,,"direct_object","canonical",TRUE,""
"exp1","exp1_041","5 C_Neg_Time_Time",5,"5","experimental","first_clause","temporal",,"match","match","canonical",TRUE,""
"exp1","exp1_041","6 C_Aff_Red_Red",5,"6","experimental","second_clause","ideophone","reduplication","match","match","canonical",TRUE,""
"exp1","exp1_041","1¬†C_F_Aff_InDirObj",4,"1","filler","second_clause",,,,"indirect_object","canonical",TRUE,""
"exp1","exp1_041","2 C_F_Neg_InDirObj_7",4,"2","filler","first_clause",,,,"indirect_object","canonical",TRUE,""
"exp1","exp1_041","2 C_Neg_Manner_Manne",4,"2","experimental","first_clause","manner",,"match","match","canonical",TRUE,""
"exp1","exp1_041","3 C_F_Aff_InDirObj",4,"3","filler","second_clause",,,,"indirect_object","canonical",TRUE,""
"exp1","exp1_041","4¬†C_F_Neg_InDirObj",4,"4","filler","first_clause",,,,"indirect_object","canonical",TRUE,""
"exp1","exp1_041","5 C_Neg_Time_Loc",4,"5","experimental","first_clause","temporal",,"mismatch","mismatch","canonical",TRUE,""
"exp1","exp1_041","1 C_Aff_Time_Loc",3,"1","experimental","second_clause","temporal",,"mismatch","mismatch","canonical",TRUE,""
"exp1","exp1_041","2 C_Neg_Manner_Loc",3,"2","experimental","first_clause","manner",,"mismatch","mismatch","canonical",TRUE,""
"exp1","exp1_041","3 C_CT_Aff_Bad_10",3,"3","catch","second_clause",,,,"infelicitous","canonical",TRUE,""
"exp1","exp1_041","6 C_Aff_Red_Loc",3,"6","experimental","second_clause","ideophone","reduplication","mismatch","mismatch","canonical",TRUE,""
"exp1","exp1_041","4 C_Aff_Manner_Loc",2,"4","experimental","second_clause","manner",,"mismatch","mismatch","canonical",TRUE,""
"exp1","exp1_041","2 C_CT_Neg_Bad_12",1,"2","catch","first_clause",,,,"infelicitous","canonical",TRUE,""
"exp1","exp1_041","2¬†C_CT_Neg_Bad",1,"2","catch","first_clause",,,,"infelicitous","canonical",TRUE,""
"exp1","exp1_041","4¬†C_CT_Neg_Bad",1,"4","catch","first_clause",,,,"infelicitous","canonical",TRUE,""
"exp1","exp1_042","1 C_Aff_Red_Loc_49",5,"1","experimental","second_clause","ideophone","reduplication","mismatch","mismatch","canonical",TRUE,""
"exp1","exp1_042","1 C_Aff_Red_Red_50",5,"1","experimental","second_clause","ideophone","reduplication","match","match","canonical",TRUE,""
"exp1","exp1_042","1 C_CT_Aff_Good_46",5,"1","catch","second_clause",,,,"felicitous","canonical",TRUE,""
"exp1","exp1_042","1 C_F_Aff_InDirObj_42",5,"1","filler","second_clause",,,,"indirect_object","canonical",TRUE,""
"exp1","exp1_042","1¬†C_CT_Aff_Good_45",5,"1","catch","second_clause",,,,"felicitous","canonical",TRUE,""
"exp1","exp1_042","1¬†C_F_Aff_DirObj",5,"1","filler","second_clause",,,,"direct_object","canonical",TRUE,""
"exp1","exp1_042","2 C_F_Aff_DirObj_44",5,"2","filler","second_clause",,,,"direct_object","canonical",TRUE,""
"exp1","exp1_042","2 C_F_Aff_InDirObj_43",5,"2","filler","second_clause",,,,"indirect_object","canonical",TRUE,""
"exp1","exp1_042","2 C_Neg_Time_Time",5,"2","experimental","first_clause","temporal",,"match","match","canonical",TRUE,""
"exp1","exp1_042","3 C_Aff_Red_Loc",5,"3","experimental","second_clause","ideophone","reduplication","mismatch","mismatch","canonical",TRUE,""
"exp1","exp1_042","3 C_F_Neg_DirObj_41",5,"3","filler","first_clause",,,,"direct_object","canonical",TRUE,""
"exp1","exp1_042","3 C_F_Neg_InDirObj_40",5,"3","filler","first_clause",,,,"indirect_object","canonical",TRUE,""
"exp1","exp1_042","3¬†C_CT_Neg_Good",5,"3","catch","first_clause",,,,"felicitous","canonical",TRUE,""
"exp1","exp1_042","4 C_Aff_Time_Loc",5,"4","experimental","second_clause","temporal",,"mismatch","mismatch","canonical",TRUE,""
"exp1","exp1_042","4 C_Aff_Time_Time",5,"4","experimental","second_clause","temporal",,"match","match","canonical",TRUE,""
"exp1","exp1_042","4 C_CT_Neg_Good_39",5,"4","catch","first_clause",,,,"felicitous","canonical",TRUE,""
"exp1","exp1_042","4 C_F_Neg_DirObj_51",5,"4","filler","first_clause",,,,"direct_object","canonical",TRUE,""
"exp1","exp1_042","4 C_F_Neg_InDirObj",5,"4","filler","first_clause",,,,"indirect_object","canonical",TRUE,""
"exp1","exp1_042","5 C_Neg_Manner_Manne",5,"5","experimental","first_clause","manner",,"match","match","canonical",TRUE,""
"exp1","exp1_042","2 C_Neg_Time_Loc",4,"2","experimental","first_clause","temporal",,"mismatch","mismatch","canonical",TRUE,""
"exp1","exp1_042","3 C_Aff_Red_Red",3,"3","experimental","second_clause","ideophone","reduplication","match","match","canonical",TRUE,""
"exp1","exp1_042","5 C_Neg_Manner_Loc",3,"5","experimental","first_clause","manner",,"mismatch","mismatch","canonical",TRUE,""
"exp1","exp1_042","6 C_Neg_Red_Loc",3,"6","experimental","first_clause","ideophone","reduplication","mismatch","mismatch","canonical",TRUE,""
"exp1","exp1_042","6 C_Neg_Red_Red",3,"6","experimental","first_clause","ideophone","reduplication","match","match","canonical",TRUE,""
"exp1","exp1_042","2 C_CT_Aff_Bad_48",1,"2","catch","second_clause",,,,"infelicitous","canonical",TRUE,""
"exp1","exp1_042","2¬†C_CT_Aff_Bad_47",1,"2","catch","second_clause",,,,"infelicitous","canonical",TRUE,""
"exp1","exp1_042","3 C_CT_Neg_Bad_37",1,"3","catch","first_clause",,,,"infelicitous","canonical",TRUE,""
"exp1","exp1_042","4¬†C_CT_Neg_Bad_38",1,"4","catch","first_clause",,,,"infelicitous","canonical",TRUE,""
"exp1","exp1_043","1 C_F_Aff_DirObj_29",4,"1","filler","second_clause",,,,"direct_object","canonical",TRUE,""
"exp1","exp1_043","1 C_F_Aff_InDirObj_30",4,"1","filler","second_clause",,,,"indirect_object","canonical",TRUE,""
"exp1","exp1_043","1 C_Neg_Time_Time",4,"1","experimental","first_clause","temporal",,"match","match","canonical",TRUE,""
"exp1","exp1_043","1¬†C_CT_Aff_Good",4,"1","catch","second_clause",,,,"felicitous","canonical",TRUE,""
"exp1","exp1_043","2 C_Aff_Red_Loc",4,"2","experimental","second_clause","ideophone","reduplication","mismatch","mismatch","canonical",TRUE,""
"exp1","exp1_043","2 C_F_Neg_DirObj_36",4,"2","filler","first_clause",,,,"direct_object","canonical",TRUE,""
"exp1","exp1_043","2 C_F_Neg_InDirObj_35",4,"2","filler","first_clause",,,,"indirect_object","canonical",TRUE,""
"exp1","exp1_043","3 C_Aff_Time_Loc",4,"3","experimental","second_clause","temporal",,"mismatch","mismatch","canonical",TRUE,""
"exp1","exp1_043","3 C_CT_Neg_Good_34",4,"3","catch","first_clause",,,,"felicitous","canonical",TRUE,""
"exp1","exp1_043","3 C_F_Neg_DirObj_24",4,"3","filler","first_clause",,,,"direct_object","canonical",TRUE,""
"exp1","exp1_043","3 C_F_Neg_InDirObj_23",4,"3","filler","first_clause",,,,"indirect_object","canonical",TRUE,""
"exp1","exp1_043","4 C_F_Aff_DirObj_28",4,"4","filler","second_clause",,,,"direct_object","canonical",TRUE,""
"exp1","exp1_043","4 C_F_Aff_InDirObj_27",4,"4","filler","second_clause",,,,"indirect_object","canonical",TRUE,""
"exp1","exp1_043","4 C_Neg_Manner_Manne",4,"4","experimental","first_clause","manner",,"match","match","canonical",TRUE,""
"exp1","exp1_043","4¬†C_CT_Aff_Good_31",4,"4","catch","second_clause",,,,"felicitous","canonical",TRUE,""
"exp1","exp1_043","5 C_Neg_Red_Red",4,"5","experimental","first_clause","ideophone","reduplication","match","match","canonical",TRUE,""
"exp1","exp1_043","6 C_Aff_Manner_Loc",4,"6","experimental","second_clause","manner",,"mismatch","mismatch","canonical",TRUE,""
"exp1","exp1_043","1 C_CT_Aff_Good_22",2,"1","catch","second_clause",,,,"felicitous","canonical",TRUE,""
"exp1","exp1_043","1 C_Neg_Time_Loc",2,"1","experimental","first_clause","temporal",,"mismatch","mismatch","canonical",TRUE,""
"exp1","exp1_043","2 C_Aff_Red_Red",2,"2","experimental","second_clause","ideophone","reduplication","match","match","canonical",TRUE,""
"exp1","exp1_043","3 C_Aff_Time_Time",2,"3","experimental","second_clause","temporal",,"match","match","canonical",TRUE,""
"exp1","exp1_043","3 C_CT_Neg_Bad_33",2,"3","catch","first_clause",,,,"infelicitous","canonical",TRUE,""
"exp1","exp1_043","4 C_Neg_Manner_Loc",2,"4","experimental","first_clause","manner",,"mismatch","mismatch","canonical",TRUE,""
"exp1","exp1_043","5 C_Neg_Red_Loc",2,"5","experimental","first_clause","ideophone","reduplication","mismatch","mismatch","canonical",TRUE,""
"exp1","exp1_043","6 C_Aff_Manner_Manne",2,"6","experimental","second_clause","manner",,"match","match","canonical",TRUE,""
"exp1","exp1_043","2 C_CT_Neg_Bad_26",1,"2","catch","first_clause",,,,"infelicitous","canonical",TRUE,""
"exp1","exp1_043","2¬†C_CT_Neg_Bad_25",1,"2","catch","first_clause",,,,"infelicitous","canonical",TRUE,""
"exp1","exp1_043","4 C_CT_Aff_Bad_32",1,"4","catch","second_clause",,,,"infelicitous","canonical",TRUE,""
"exp1","exp1_044","1 C_CT_Neg_Good",5,"1","catch","first_clause",,,,"felicitous","canonical",TRUE,""
"exp1","exp1_044","1 C_CT_Neg_Good_3",5,"1","catch","first_clause",,,,"felicitous","canonical",TRUE,""
"exp1","exp1_044","1 C_F_Neg_DirObj",5,"1","filler","first_clause",,,,"direct_object","canonical",TRUE,""
"exp1","exp1_044","3 C_CT_Neg_Good",5,"3","catch","first_clause",,,,"felicitous","canonical",TRUE,""
"exp1","exp1_044","4 C_CT_Aff_Good",5,"4","catch","second_clause",,,,"felicitous","canonical",TRUE,""
"exp1","exp1_044","1 C_F_Neg_InDirObj",4,"1","filler","first_clause",,,,"indirect_object","canonical",TRUE,""
"exp1","exp1_044","2 C_F_Aff_DirObj",4,"2","filler","second_clause",,,,"direct_object","canonical",TRUE,""
"exp1","exp1_044","2 C_F_Aff_InDirObj",4,"2","filler","second_clause",,,,"indirect_object","canonical",TRUE,""
"exp1","exp1_044","3 C_Aff_Manner_Loc",4,"3","experimental","second_clause","manner",,"mismatch","mismatch","canonical",TRUE,""
"exp1","exp1_044","4 C_Neg_Time_Time",4,"4","experimental","first_clause","temporal",,"match","match","canonical",TRUE,""
"exp1","exp1_044","5 C_Aff_Red_Loc",4,"5","experimental","second_clause","ideophone","reduplication","mismatch","mismatch","canonical",TRUE,""
"exp1","exp1_044","5 C_Aff_Red_Red",4,"5","experimental","second_clause","ideophone","reduplication","match","match","canonical",TRUE,""
"exp1","exp1_044","1 C_Neg_Manner_Loc",3,"1","experimental","first_clause","manner",,"mismatch","mismatch","canonical",TRUE,""
"exp1","exp1_044","1 C_Neg_Manner_Manne",3,"1","experimental","first_clause","manner",,"match","match","canonical",TRUE,""
"exp1","exp1_044","4 C_F_Aff_DirObj",2,"4","filler","second_clause",,,,"direct_object","canonical",TRUE,""
"exp1","exp1_044","4 C_F_Aff_InDirObj",2,"4","filler","second_clause",,,,"indirect_object","canonical",TRUE,""
"exp1","exp1_044","2 CT_Aff_Bad",1,"2","catch","second_clause",,,,"infelicitous","canonical",TRUE,""
"exp1","exp1_044","2 CT_Aff_Bad_4",1,"2","catch","second_clause",,,,"infelicitous","canonical",TRUE,""
"exp1","exp1_044","2 C_Neg_Red_Loc",1,"2","experimental","first_clause","ideophone","reduplication","mismatch","mismatch","canonical",TRUE,""
"exp1","exp1_044","2 C_Neg_Red_Red",1,"2","experimental","first_clause","ideophone","reduplication","match","match","canonical",TRUE,""
"exp1","exp1_044","3 C_CT_Neg_Bad",1,"3","catch","first_clause",,,,"infelicitous","canonical",TRUE,""
"exp1","exp1_044","3 C_F_Neg_DirObj",1,"3","filler","first_clause",,,,"direct_object","canonical",TRUE,""
"exp1","exp1_044","3 C_F_Neg_InDirObj",1,"3","filler","first_clause",,,,"indirect_object","canonical",TRUE,""
"exp1","exp1_044","3C_Aff_Manner_Manner",1,"3","experimental","second_clause","manner",,"match","match","canonical",TRUE,""
"exp1","exp1_044","4 C_CT_Aff_Bad",1,"4","catch","second_clause",,,,"infelicitous","canonical",TRUE,""
"exp1","exp1_044","4 C_Neg_Time_Loc",1,"4","experimental","first_clause","temporal",,"mismatch","mismatch","canonical",TRUE,""
"exp1","exp1_044","6 C_Aff_Time_Loc",1,"6","experimental","second_clause","temporal",,"mismatch","mismatch","canonical",TRUE,""
"exp1","exp1_044","6 C_Aff_Time_Time",1,"6","experimental","second_clause","temporal",,"match","match","canonical",TRUE,""
"exp1","exp1_045","1 C_F_Aff_DirObj_29",5,"1","filler","second_clause",,,,"direct_object","canonical",TRUE,""
"exp1","exp1_045","1 C_Neg_Time_Time",5,"1","experimental","first_clause","temporal",,"match","match","canonical",TRUE,""
"exp1","exp1_045","2 C_Aff_Red_Red",5,"2","experimental","second_clause","ideophone","reduplication","match","match","canonical",TRUE,""
"exp1","exp1_045","3 C_CT_Neg_Good_34",5,"3","catch","first_clause",,,,"felicitous","canonical",TRUE,""
"exp1","exp1_045","4 C_F_Aff_InDirObj_27",5,"4","filler","second_clause",,,,"indirect_object","canonical",TRUE,""
"exp1","exp1_045","4¬†C_CT_Aff_Good_31",5,"4","catch","second_clause",,,,"felicitous","canonical",TRUE,""
"exp1","exp1_045","1 C_CT_Aff_Good_22",4,"1","catch","second_clause",,,,"felicitous","canonical",TRUE,""
"exp1","exp1_045","1 C_F_Aff_InDirObj_30",4,"1","filler","second_clause",,,,"indirect_object","canonical",TRUE,""
"exp1","exp1_045","1¬†C_CT_Aff_Good",4,"1","catch","second_clause",,,,"felicitous","canonical",TRUE,""
"exp1","exp1_045","2 C_Aff_Red_Loc",4,"2","experimental","second_clause","ideophone","reduplication","mismatch","mismatch","canonical",TRUE,""
"exp1","exp1_045","3 C_Aff_Time_Loc",4,"3","experimental","second_clause","temporal",,"mismatch","mismatch","canonical",TRUE,""
"exp1","exp1_045","3 C_Aff_Time_Time",4,"3","experimental","second_clause","temporal",,"match","match","canonical",TRUE,""
"exp1","exp1_045","3 C_F_Neg_InDirObj_23",4,"3","filler","first_clause",,,,"indirect_object","canonical",TRUE,""
"exp1","exp1_045","4 C_F_Aff_DirObj_28",4,"4","filler","second_clause",,,,"direct_object","canonical",TRUE,""
"exp1","exp1_045","4 C_Neg_Manner_Manne",4,"4","experimental","first_clause","manner",,"match","match","canonical",TRUE,""
"exp1","exp1_045","1 C_Neg_Time_Loc",2,"1","experimental","first_clause","temporal",,"mismatch","mismatch","canonical",TRUE,""
"exp1","exp1_045","2 C_F_Neg_DirObj_36",2,"2","filler","first_clause",,,,"direct_object","canonical",TRUE,""
"exp1","exp1_045","2 C_F_Neg_InDirObj_35",2,"2","filler","first_clause",,,,"indirect_object","canonical",TRUE,""
"exp1","exp1_045","3 C_CT_Neg_Bad_33",2,"3","catch","first_clause",,,,"infelicitous","canonical",TRUE,""
"exp1","exp1_045","3 C_F_Neg_DirObj_24",2,"3","filler","first_clause",,,,"direct_object","canonical",TRUE,""
"exp1","exp1_045","4 C_Neg_Manner_Loc",2,"4","experimental","first_clause","manner",,"mismatch","mismatch","canonical",TRUE,""
"exp1","exp1_045","5 C_Neg_Red_Loc",2,"5","experimental","first_clause","ideophone","reduplication","mismatch","mismatch","canonical",TRUE,""
"exp1","exp1_045","6 C_Aff_Manner_Loc",2,"6","experimental","second_clause","manner",,"mismatch","mismatch","canonical",TRUE,""
"exp1","exp1_045","6 C_Aff_Manner_Manne",2,"6","experimental","second_clause","manner",,"match","match","canonical",TRUE,""
"exp1","exp1_045","2 C_CT_Neg_Bad_26",1,"2","catch","first_clause",,,,"infelicitous","canonical",TRUE,""
"exp1","exp1_045","2¬†C_CT_Neg_Bad_25",1,"2","catch","first_clause",,,,"infelicitous","canonical",TRUE,""
"exp1","exp1_045","4 C_CT_Aff_Bad_32",1,"4","catch","second_clause",,,,"infelicitous","canonical",TRUE,""
"exp1","exp1_045","5 C_Neg_Red_Red",1,"5","experimental","first_clause","ideophone","reduplication","match","match","canonical",TRUE,""
"exp1","exp1_046","1 C_CT_Neg_Good",5,"1","catch","first_clause",,,,"felicitous","canonical",TRUE,""
"exp1","exp1_046","1 C_CT_Neg_Good_3",5,"1","catch","first_clause",,,,"felicitous","canonical",TRUE,""
"exp1","exp1_046","1 C_F_Neg_DirObj",5,"1","filler","first_clause",,,,"direct_object","canonical",TRUE,""
"exp1","exp1_046","1 C_Neg_Manner_Manne",5,"1","experimental","first_clause","manner",,"match","match","canonical",TRUE,""
"exp1","exp1_046","2 C_F_Aff_DirObj",5,"2","filler","second_clause",,,,"direct_object","canonical",TRUE,""
"exp1","exp1_046","2 C_F_Aff_InDirObj",5,"2","filler","second_clause",,,,"indirect_object","canonical",TRUE,""
"exp1","exp1_046","2 C_Neg_Red_Loc",5,"2","experimental","first_clause","ideophone","reduplication","mismatch","mismatch","canonical",TRUE,""
"exp1","exp1_046","2 C_Neg_Red_Red",5,"2","experimental","first_clause","ideophone","reduplication","match","match","canonical",TRUE,""
"exp1","exp1_046","3 C_Aff_Manner_Loc",5,"3","experimental","second_clause","manner",,"mismatch","mismatch","canonical",TRUE,""
"exp1","exp1_046","3 C_CT_Neg_Good",5,"3","catch","first_clause",,,,"felicitous","canonical",TRUE,""
"exp1","exp1_046","3 C_F_Neg_DirObj",5,"3","filler","first_clause",,,,"direct_object","canonical",TRUE,""
"exp1","exp1_046","3 C_F_Neg_InDirObj",5,"3","filler","first_clause",,,,"indirect_object","canonical",TRUE,""
"exp1","exp1_046","3C_Aff_Manner_Manner",5,"3","experimental","second_clause","manner",,"match","match","canonical",TRUE,""
"exp1","exp1_046","4 C_CT_Aff_Good",5,"4","catch","second_clause",,,,"felicitous","canonical",TRUE,""
"exp1","exp1_046","4 C_F_Aff_DirObj",5,"4","filler","second_clause",,,,"direct_object","canonical",TRUE,""
"exp1","exp1_046","4 C_Neg_Time_Time",5,"4","experimental","first_clause","temporal",,"match","match","canonical",TRUE,""
"exp1","exp1_046","5 C_Aff_Red_Red",5,"5","experimental","second_clause","ideophone","reduplication","match","match","canonical",TRUE,""
"exp1","exp1_046","6 C_Aff_Time_Time",5,"6","experimental","second_clause","temporal",,"match","match","canonical",TRUE,""
"exp1","exp1_046","1 C_F_Neg_InDirObj",4,"1","filler","first_clause",,,,"indirect_object","canonical",TRUE,""
"exp1","exp1_046","4 C_Neg_Time_Loc",4,"4","experimental","first_clause","temporal",,"mismatch","mismatch","canonical",TRUE,""
"exp1","exp1_046","5 C_Aff_Red_Loc",4,"5","experimental","second_clause","ideophone","reduplication","mismatch","mismatch","canonical",TRUE,""
"exp1","exp1_046","6 C_Aff_Time_Loc",4,"6","experimental","second_clause","temporal",,"mismatch","mismatch","canonical",TRUE,""
"exp1","exp1_046","4 C_F_Aff_InDirObj",2,"4","filler","second_clause",,,,"indirect_object","canonical",TRUE,""
"exp1","exp1_046","1 C_Neg_Manner_Loc",1,"1","experimental","first_clause","manner",,"mismatch","mismatch","canonical",TRUE,""
"exp1","exp1_046","2 CT_Aff_Bad",1,"2","catch","second_clause",,,,"infelicitous","canonical",TRUE,""
"exp1","exp1_046","2 CT_Aff_Bad_4",1,"2","catch","second_clause",,,,"infelicitous","canonical",TRUE,""
"exp1","exp1_046","3 C_CT_Neg_Bad",1,"3","catch","first_clause",,,,"infelicitous","canonical",TRUE,""
"exp1","exp1_046","4 C_CT_Aff_Bad",1,"4","catch","second_clause",,,,"infelicitous","canonical",TRUE,""
"exp1","exp1_047","1 C_CT_Aff_Good",5,"1","catch","second_clause",,,,"felicitous","canonical",TRUE,""
"exp1","exp1_047","1 C_CT_Aff_Good_2",5,"1","catch","second_clause",,,,"felicitous","canonical",TRUE,""
"exp1","exp1_047","1 C_F_Aff_DirObj",5,"1","filler","second_clause",,,,"direct_object","canonical",TRUE,""
"exp1","exp1_047","1 C_Neg_Red_Red",5,"1","experimental","first_clause","ideophone","reduplication","match","match","canonical",TRUE,""
"exp1","exp1_047","2 C_Aff_Manner_Loc",5,"2","experimental","second_clause","manner",,"mismatch","mismatch","canonical",TRUE,""
"exp1","exp1_047","3 C_CT_Aff_Good",5,"3","catch","second_clause",,,,"felicitous","canonical",TRUE,""
"exp1","exp1_047","3 C_F_Aff_DirObj",5,"3","filler","second_clause",,,,"direct_object","canonical",TRUE,""
"exp1","exp1_047","4 C_CT_Neg_Good",5,"4","catch","first_clause",,,,"felicitous","canonical",TRUE,""
"exp1","exp1_047","5 C_Aff_Time_Time",5,"5","experimental","second_clause","temporal",,"match","match","canonical",TRUE,""
"exp1","exp1_047","2 C_F_Neg_InDirObj",4,"2","filler","first_clause",,,,"indirect_object","canonical",TRUE,""
"exp1","exp1_047","3 C_F_Aff_InDirOb",4,"3","filler","second_clause",,,,"indirect_object","canonical",TRUE,""
"exp1","exp1_047","4 C_Aff_Red_Loc",4,"4","experimental","second_clause","ideophone","reduplication","mismatch","mismatch","canonical",TRUE,""
"exp1","exp1_047","4_C_F_Neg_DirObj",4,"4","filler","first_clause",,,,"direct_object","canonical",TRUE,""
"exp1","exp1_047","4_C_F_Neg_InDirObj",4,"4","filler","first_clause",,,,"indirect_object","canonical",TRUE,""
"exp1","exp1_047","6 C_Neg_Manner_Manne",4,"6","experimental","first_clause","manner",,"match","match","canonical",TRUE,""
"exp1","exp1_047","3 C_Neg_Time_Loc",3,"3","experimental","first_clause","temporal",,"mismatch","mismatch","canonical",TRUE,""
"exp1","exp1_047","3 C_Neg_Time_Time",3,"3","experimental","first_clause","temporal",,"match","match","canonical",TRUE,""
"exp1","exp1_047","1 C_F_Aff_InDirObj",2,"1","filler","second_clause",,,,"indirect_object","canonical",TRUE,""
"exp1","exp1_047","1 C_Neg_Red_Loc",2,"1","experimental","first_clause","ideophone","reduplication","mismatch","mismatch","canonical",TRUE,""
"exp1","exp1_047","2 C_Aff_Manner_Manne",2,"2","experimental","second_clause","manner",,"match","match","canonical",TRUE,""
"exp1","exp1_047","2 C_F_Neg_DirObj",2,"2","filler","first_clause",,,,"direct_object","canonical",TRUE,""
"exp1","exp1_047","5 C_Aff_Time_Loc",2,"5","experimental","second_clause","temporal",,"mismatch","mismatch","canonical",TRUE,""
"exp1","exp1_047","6 C_Neg_Manner_Loc",2,"6","experimental","first_clause","manner",,"mismatch","mismatch","canonical",TRUE,""
"exp1","exp1_047","2 C_CT_Neg_Bad",1,"2","catch","first_clause",,,,"infelicitous","canonical",TRUE,""
"exp1","exp1_047","2 C_CT_Neg_Bad_1",1,"2","catch","first_clause",,,,"infelicitous","canonical",TRUE,""
"exp1","exp1_047","3 C_CT_Aff_Bad",1,"3","catch","second_clause",,,,"infelicitous","canonical",TRUE,""
"exp1","exp1_047","4 C_Aff_Red_Red",1,"4","experimental","second_clause","ideophone","reduplication","match","match","canonical",TRUE,""
"exp1","exp1_047","4 C_CT_Neg_Bad",1,"4","catch","first_clause",,,,"infelicitous","canonical",TRUE,""
"exp1","exp1_048","1 C_CT_Aff_Good_22",5,"1","catch","second_clause",,,,"felicitous","canonical",TRUE,""
"exp1","exp1_048","1 C_F_Aff_DirObj_29",5,"1","filler","second_clause",,,,"direct_object","canonical",TRUE,""
"exp1","exp1_048","1 C_Neg_Time_Time",5,"1","experimental","first_clause","temporal",,"match","match","canonical",TRUE,""
"exp1","exp1_048","1¬†C_CT_Aff_Good",5,"1","catch","second_clause",,,,"felicitous","canonical",TRUE,""
"exp1","exp1_048","2 C_Aff_Red_Red",5,"2","experimental","second_clause","ideophone","reduplication","match","match","canonical",TRUE,""
"exp1","exp1_048","2 C_F_Neg_DirObj_36",5,"2","filler","first_clause",,,,"direct_object","canonical",TRUE,""
"exp1","exp1_048","2 C_F_Neg_InDirObj_35",5,"2","filler","first_clause",,,,"indirect_object","canonical",TRUE,""
"exp1","exp1_048","3 C_F_Neg_DirObj_24",5,"3","filler","first_clause",,,,"direct_object","canonical",TRUE,""
"exp1","exp1_048","4 C_F_Aff_DirObj_28",5,"4","filler","second_clause",,,,"direct_object","canonical",TRUE,""
"exp1","exp1_048","4 C_F_Aff_InDirObj_27",5,"4","filler","second_clause",,,,"indirect_object","canonical",TRUE,""
"exp1","exp1_048","4¬†C_CT_Aff_Good_31",5,"4","catch","second_clause",,,,"felicitous","canonical",TRUE,""
"exp1","exp1_048","5 C_Neg_Red_Red",5,"5","experimental","first_clause","ideophone","reduplication","match","match","canonical",TRUE,""
"exp1","exp1_048","1 C_F_Aff_InDirObj_30",4,"1","filler","second_clause",,,,"indirect_object","canonical",TRUE,""
"exp1","exp1_048","1 C_Neg_Time_Loc",4,"1","experimental","first_clause","temporal",,"mismatch","mismatch","canonical",TRUE,""
"exp1","exp1_048","2 C_Aff_Red_Loc",4,"2","experimental","second_clause","ideophone","reduplication","mismatch","mismatch","canonical",TRUE,""
"exp1","exp1_048","3 C_Aff_Time_Loc",4,"3","experimental","second_clause","temporal",,"mismatch","mismatch","canonical",TRUE,""
"exp1","exp1_048","3 C_Aff_Time_Time",4,"3","experimental","second_clause","temporal",,"match","match","canonical",TRUE,""
"exp1","exp1_048","3 C_CT_Neg_Good_34",4,"3","catch","first_clause",,,,"felicitous","canonical",TRUE,""
"exp1","exp1_048","3 C_F_Neg_InDirObj_23",4,"3","filler","first_clause",,,,"indirect_object","canonical",TRUE,""
"exp1","exp1_048","4 C_Neg_Manner_Loc",4,"4","experimental","first_clause","manner",,"mismatch","mismatch","canonical",TRUE,""
"exp1","exp1_048","4 C_Neg_Manner_Manne",4,"4","experimental","first_clause","manner",,"match","match","canonical",TRUE,""
"exp1","exp1_048","5 C_Neg_Red_Loc",4,"5","experimental","first_clause","ideophone","reduplication","mismatch","mismatch","canonical",TRUE,""
"exp1","exp1_048","6 C_Aff_Manner_Loc",4,"6","experimental","second_clause","manner",,"mismatch","mismatch","canonical",TRUE,""
"exp1","exp1_048","6 C_Aff_Manner_Manne",4,"6","experimental","second_clause","manner",,"match","match","canonical",TRUE,""
"exp1","exp1_048","2 C_CT_Neg_Bad_26",1,"2","catch","first_clause",,,,"infelicitous","canonical",TRUE,""
"exp1","exp1_048","2¬†C_CT_Neg_Bad_25",1,"2","catch","first_clause",,,,"infelicitous","canonical",TRUE,""
"exp1","exp1_048","3 C_CT_Neg_Bad_33",1,"3","catch","first_clause",,,,"infelicitous","canonical",TRUE,""
"exp1","exp1_048","4 C_CT_Aff_Bad_32",1,"4","catch","second_clause",,,,"infelicitous","canonical",TRUE,""
"exp1","exp1_049","1 C_CT_Aff_Good_22",5,"1","catch","second_clause",,,,"felicitous","canonical",TRUE,""
"exp1","exp1_049","1 C_F_Aff_DirObj_29",5,"1","filler","second_clause",,,,"direct_object","canonical",TRUE,""
"exp1","exp1_049","1 C_Neg_Time_Time",5,"1","experimental","first_clause","temporal",,"match","match","canonical",TRUE,""
"exp1","exp1_049","1¬†C_CT_Aff_Good",5,"1","catch","second_clause",,,,"felicitous","canonical",TRUE,""
"exp1","exp1_049","2 C_Aff_Red_Loc",5,"2","experimental","second_clause","ideophone","reduplication","mismatch","mismatch","canonical",TRUE,""
"exp1","exp1_049","2 C_F_Neg_DirObj_36",5,"2","filler","first_clause",,,,"direct_object","canonical",TRUE,""
"exp1","exp1_049","2 C_F_Neg_InDirObj_35",5,"2","filler","first_clause",,,,"indirect_object","canonical",TRUE,""
"exp1","exp1_049","3 C_Aff_Time_Time",5,"3","experimental","second_clause","temporal",,"match","match","canonical",TRUE,""
"exp1","exp1_049","3 C_CT_Neg_Good_34",5,"3","catch","first_clause",,,,"felicitous","canonical",TRUE,""
"exp1","exp1_049","3 C_F_Neg_DirObj_24",5,"3","filler","first_clause",,,,"direct_object","canonical",TRUE,""
"exp1","exp1_049","4 C_F_Aff_DirObj_28",5,"4","filler","second_clause",,,,"direct_object","canonical",TRUE,""
"exp1","exp1_049","4 C_Neg_Manner_Manne",5,"4","experimental","first_clause","manner",,"match","match","canonical",TRUE,""
"exp1","exp1_049","4¬†C_CT_Aff_Good_31",5,"4","catch","second_clause",,,,"felicitous","canonical",TRUE,""
"exp1","exp1_049","5 C_Neg_Red_Loc",5,"5","experimental","first_clause","ideophone","reduplication","mismatch","mismatch","canonical",TRUE,""
"exp1","exp1_049","5 C_Neg_Red_Red",5,"5","experimental","first_clause","ideophone","reduplication","match","match","canonical",TRUE,""
"exp1","exp1_049","6 C_Aff_Manner_Loc",5,"6","experimental","second_clause","manner",,"mismatch","mismatch","canonical",TRUE,""
"exp1","exp1_049","6 C_Aff_Manner_Manne",5,"6","experimental","second_clause","manner",,"match","match","canonical",TRUE,""
"exp1","exp1_049","1 C_F_Aff_InDirObj_30",3,"1","filler","second_clause",,,,"indirect_object","canonical",TRUE,""
"exp1","exp1_049","2 C_Aff_Red_Red",3,"2","experimental","second_clause","ideophone","reduplication","match","match","canonical",TRUE,""
"exp1","exp1_049","3 C_Aff_Time_Loc",3,"3","experimental","second_clause","temporal",,"mismatch","mismatch","canonical",TRUE,""
"exp1","exp1_049","3 C_F_Neg_InDirObj_23",3,"3","filler","first_clause",,,,"indirect_object","canonical",TRUE,""
"exp1","exp1_049","4 C_F_Aff_InDirObj_27",3,"4","filler","second_clause",,,,"indirect_object","canonical",TRUE,""
"exp1","exp1_049","4 C_Neg_Manner_Loc",3,"4","experimental","first_clause","manner",,"mismatch","mismatch","canonical",TRUE,""
"exp1","exp1_049","1 C_Neg_Time_Loc",1,"1","experimental","first_clause","temporal",,"mismatch","mismatch","canonical",TRUE,""
"exp1","exp1_049","2 C_CT_Neg_Bad_26",1,"2","catch","first_clause",,,,"infelicitous","canonical",TRUE,""
"exp1","exp1_049","2¬†C_CT_Neg_Bad_25",1,"2","catch","first_clause",,,,"infelicitous","canonical",TRUE,""
"exp1","exp1_049","3 C_CT_Neg_Bad_33",1,"3","catch","first_clause",,,,"infelicitous","canonical",TRUE,""
"exp1","exp1_049","4 C_CT_Aff_Bad_32",1,"4","catch","second_clause",,,,"infelicitous","canonical",TRUE,""
"exp1","exp1_050","1 C_CT_Neg_Good",4,"1","catch","first_clause",,,,"felicitous","canonical",TRUE,""
"exp1","exp1_050","1 C_CT_Neg_Good_3",4,"1","catch","first_clause",,,,"felicitous","canonical",TRUE,""
"exp1","exp1_050","1 C_F_Neg_DirObj",4,"1","filler","first_clause",,,,"direct_object","canonical",TRUE,""
"exp1","exp1_050","2 C_F_Aff_InDirObj",4,"2","filler","second_clause",,,,"indirect_object","canonical",TRUE,""
"exp1","exp1_050","3 C_Aff_Manner_Loc",4,"3","experimental","second_clause","manner",,"mismatch","mismatch","canonical",TRUE,""
"exp1","exp1_050","3 C_F_Neg_DirObj",4,"3","filler","first_clause",,,,"direct_object","canonical",TRUE,""
"exp1","exp1_050","3 C_F_Neg_InDirObj",4,"3","filler","first_clause",,,,"indirect_object","canonical",TRUE,""
"exp1","exp1_050","4 C_F_Aff_DirObj",4,"4","filler","second_clause",,,,"direct_object","canonical",TRUE,""
"exp1","exp1_050","4 C_Neg_Time_Time",4,"4","experimental","first_clause","temporal",,"match","match","canonical",TRUE,""
"exp1","exp1_050","5 C_Aff_Red_Red",4,"5","experimental","second_clause","ideophone","reduplication","match","match","canonical",TRUE,""
"exp1","exp1_050","1 C_Neg_Manner_Manne",3,"1","experimental","first_clause","manner",,"match","match","canonical",TRUE,""
"exp1","exp1_050","2 C_F_Aff_DirObj",3,"2","filler","second_clause",,,,"direct_object","canonical",TRUE,""
"exp1","exp1_050","2 C_Neg_Red_Loc",3,"2","experimental","first_clause","ideophone","reduplication","mismatch","mismatch","canonical",TRUE,""
"exp1","exp1_050","2 C_Neg_Red_Red",3,"2","experimental","first_clause","ideophone","reduplication","match","match","canonical",TRUE,""
"exp1","exp1_050","3 C_CT_Neg_Good",3,"3","catch","first_clause",,,,"felicitous","canonical",TRUE,""
"exp1","exp1_050","4 C_CT_Aff_Good",3,"4","catch","second_clause",,,,"felicitous","canonical",TRUE,""
"exp1","exp1_050","4 C_F_Aff_InDirObj",3,"4","filler","second_clause",,,,"indirect_object","canonical",TRUE,""
"exp1","exp1_050","4 C_Neg_Time_Loc",3,"4","experimental","first_clause","temporal",,"mismatch","mismatch","canonical",TRUE,""
"exp1","exp1_050","5 C_Aff_Red_Loc",3,"5","experimental","second_clause","ideophone","reduplication","mismatch","mismatch","canonical",TRUE,""
"exp1","exp1_050","1 C_F_Neg_InDirObj",2,"1","filler","first_clause",,,,"indirect_object","canonical",TRUE,""
"exp1","exp1_050","1 C_Neg_Manner_Loc",1,"1","experimental","first_clause","manner",,"mismatch","mismatch","canonical",TRUE,""
"exp1","exp1_050","2 CT_Aff_Bad",1,"2","catch","second_clause",,,,"infelicitous","canonical",TRUE,""
"exp1","exp1_050","2 CT_Aff_Bad_4",1,"2","catch","second_clause",,,,"infelicitous","canonical",TRUE,""
"exp1","exp1_050","3 C_CT_Neg_Bad",1,"3","catch","first_clause",,,,"infelicitous","canonical",TRUE,""
"exp1","exp1_050","3C_Aff_Manner_Manner",1,"3","experimental","second_clause","manner",,"match","match","canonical",TRUE,""
"exp1","exp1_050","4 C_CT_Aff_Bad",1,"4","catch","second_clause",,,,"infelicitous","canonical",TRUE,""
"exp1","exp1_050","6 C_Aff_Time_Loc",1,"6","experimental","second_clause","temporal",,"mismatch","mismatch","canonical",TRUE,""
"exp1","exp1_050","6 C_Aff_Time_Time",1,"6","experimental","second_clause","temporal",,"match","match","canonical",TRUE,""
