"study_id","participant_id","trial","rating","scenario","trial_type","negation_position","adverb_type","ideophone_form","continuation_type","condition","word_order","included","exclusion_reason"
"exp2","exp2_001","2 NC_F_Neg_DirObj_8",1,"2","filler","first_clause",,,,"direct_object","noncanonical",TRUE,""
"exp2","exp2_001","2 NC_CT_Neg_Bad_17",1,"2","catch","first_clause",,,,"infelicitous","noncanonical",TRUE,""
"exp2","exp2_001","2 NC_CT_Neg_Bad_16",1,"2","catch","first_clause",,,,"infelicitous","noncanonical",TRUE,""
"exp2","exp2_001","4 NC_CT_Neg_Bad_10",1,"4","catch","first_clause",,,,"infelicitous","noncanonical",TRUE,""
"exp2","exp2_001","3 NC_Neg_Red_Red",1,"3","experimental","first_clause","ideophone","reduplication","match","match","noncanonical",TRUE,""
"exp2","exp2_001","3 NC_CT_Aff_Bad_13",1,"3","catch","second_clause",,,,"infelicitous","noncanonical",TRUE,""
"exp2","exp2_001","6 NC_Aff_Red_Red",1,"6","experimental","second_clause","ideophone","reduplication","match","match","noncanonical",TRUE,""
"exp2","exp2_001","1 NC_Aff_Time_Time",2,"1","experimental","second_clause","temporal",,"match","match","noncanonical",TRUE,""
"exp2","exp2_001","5 NC_Neg_Time_Loc",2,"5","experimental","first_clause","temporal",,"mismatch","mismatch","noncanonical",TRUE,""
"exp2","exp2_001","3 NC_F_Aff_InDirObj",2,"3","filler","second_clause",,,,"indirect_object","noncanonical",TRUE,""
"exp2","exp2_001","4 NC_Aff_Manner_Mann",2,"4","experimental","second_clause","manner",,"match","match","noncanonical",TRUE,""
"exp2","exp2_001","2 NC_Neg_Manner_Mann",3,"2","experimental","first_clause","manner",,"match","match","noncanonical",TRUE,""
"exp2","exp2_001","2 NC_Neg_Manner_Loc",4,"2","experimental","first_clause","manner",,"mismatch","mismatch","noncanonical",TRUE,""
"exp2","exp2_001","4 NC_F_Neg_DirObj",4,"4","filler","first_clause",,,,"direct_object","noncanonical",TRUE,""
"exp2","exp2_001","1 NC_F_Aff_DirObj_15",4,"1","filler","second_clause",,,,"direct_object","noncanonical",TRUE,""
"exp2","exp2_001","6 NC_Aff_Red_Loc",4,"6","experimental","second_clause","ideophone","reduplication","mismatch","mismatch","noncanonical",TRUE,""
"exp2","exp2_001","4 NC_Aff_Manner_Loc",4,"4","experimental","second_clause","manner",,"mismatch","mismatch","noncanonical",TRUE,""
"exp2","exp2_001","3 NC_Neg_Red_Loc",4,"3","experimental","first_clause","ideophone","reduplication","mismatch","mismatch","noncanonical",TRUE,""
"exp2","exp2_001","3 NC_F_Aff_DirObj_9",4,"3","filler","second_clause",,,,"direct_object","noncanonical",TRUE,""
"exp2","exp2_001","5 NC_Neg_Time_Time",4,"5","experimental","first_clause","temporal",,"match","match","noncanonical",TRUE,""
"exp2","exp2_001","3 NC_CT_Aff_Good_12",5,"3","catch","second_clause",,,,"felicitous","noncanonical",TRUE,""
"exp2","exp2_001","4 NC_CT_Neg_Good_11",5,"4","catch","first_clause",,,,"felicitous","noncanonical",TRUE,""
"exp2","exp2_001","1 NC_CT_Aff_Good_5",5,"1","catch","second_clause",,,,"felicitous","noncanonical",TRUE,""
"exp2","exp2_001","2 NC_F_Neg_InDirObj_7",5,"2","filler","first_clause",,,,"indirect_object","noncanonical",TRUE,""
"exp2","exp2_001","4 NC_F_Neg_InDirObj",5,"4","filler","first_clause",,,,"indirect_object","noncanonical",TRUE,""
"exp2","exp2_001","1 NC_CT_Aff_Good_6",5,"1","catch","second_clause",,,,"felicitous","noncanonical",TRUE,""
"exp2","exp2_001","1 NC_Aff_Time_Loc",5,"1","experimental","second_clause","temporal",,"mismatch","mismatch","noncanonical",TRUE,""
"exp2","exp2_001","1 NC_F_Aff_InDirObj_14",5,"1","filler","second_clause",,,,"indirect_object","noncanonical",TRUE,""
"exp2","exp2_002","4 NC_CT_Aff_Bad",1,"4","catch","second_clause",,,,"infelicitous","noncanonical",TRUE,""
"exp2","exp2_002","3 NC_CT_Neg_Bad",1,"3","catch","first_clause",,,,"infelicitous","noncanonical",TRUE,""
"exp2","exp2_002","2 NC_CT_Aff_Bad",1,"2","catch","second_clause",,,,"infelicitous","noncanonical",TRUE,""
"exp2","exp2_002","2 NC_CT_Aff_Bad_4",1,"2","catch","second_clause",,,,"infelicitous","noncanonical",TRUE,""
"exp2","exp2_002","1 NC_Neg_Manner_Loc",4,"1","experimental","first_clause","manner",,"mismatch","mismatch","noncanonical",TRUE,""
"exp2","exp2_002","2 NC_Neg_Red_Loc",4,"2","experimental","first_clause","ideophone","reduplication","mismatch","mismatch","noncanonical",TRUE,""
"exp2","exp2_002","1 NC_F_Neg_InDirObj",5,"1","filler","first_clause",,,,"indirect_object","noncanonical",TRUE,""
"exp2","exp2_002","1 NC_F_Neg_DirObj",5,"1","filler","first_clause",,,,"direct_object","noncanonical",TRUE,""
"exp2","exp2_002","2 NC_Neg_Red_Red",5,"2","experimental","first_clause","ideophone","reduplication","match","match","noncanonical",TRUE,""
"exp2","exp2_002","5 NC_Aff_Red_Red",5,"5","experimental","second_clause","ideophone","reduplication","match","match","noncanonical",TRUE,""
"exp2","exp2_002","5 NC_Aff_Red_Loc",5,"5","experimental","second_clause","ideophone","reduplication","mismatch","mismatch","noncanonical",TRUE,""
"exp2","exp2_002","4 NC_Neg_Time_Loc",5,"4","experimental","first_clause","temporal",,"mismatch","mismatch","noncanonical",TRUE,""
"exp2","exp2_002","4 NC_Neg_Time_Time",5,"4","experimental","first_clause","temporal",,"match","match","noncanonical",TRUE,""
"exp2","exp2_002","1 NC_Neg_Manner_Mann",5,"1","experimental","first_clause","manner",,"match","match","noncanonical",TRUE,""
"exp2","exp2_002","4 NC_CT_Aff_Good",5,"4","catch","second_clause",,,,"felicitous","noncanonical",TRUE,""
"exp2","exp2_002","2 NC_F_Aff_DirObj",5,"2","filler","second_clause",,,,"direct_object","noncanonical",TRUE,""
"exp2","exp2_002","2 NC_F_Aff_InDirObj",5,"2","filler","second_clause",,,,"indirect_object","noncanonical",TRUE,""
"exp2","exp2_002","3 NC_CT_Neg_Good",5,"3","catch","first_clause",,,,"felicitous","noncanonical",TRUE,""
"exp2","exp2_002","1 NC_CT_Neg_Good",5,"1","catch","first_clause",,,,"felicitous","noncanonical",TRUE,""
"exp2","exp2_002","1 NC_CT_Neg_Good_3",5,"1","catch","first_clause",,,,"felicitous","noncanonical",TRUE,""
"exp2","exp2_002","4 NC_F_Aff_DirObj",5,"4","filler","second_clause",,,,"direct_object","noncanonical",TRUE,""
"exp2","exp2_002","4 NC_F_Aff_InDirObj",5,"4","filler","second_clause",,,,"indirect_object","noncanonical",TRUE,""
"exp2","exp2_002","3 NC_Aff_Manner_Loc",5,"3","experimental","second_clause","manner",,"mismatch","mismatch","noncanonical",TRUE,""
"exp2","exp2_002","3 NC_Aff_Manner_Mann",5,"3","experimental","second_clause","manner",,"match","match","noncanonical",TRUE,""
"exp2","exp2_002","6 NC_Aff_Time_Time",5,"6","experimental","second_clause","temporal",,"match","match","noncanonical",TRUE,""
"exp2","exp2_002","6 NC_Aff_Time_Loc",5,"6","experimental","second_clause","temporal",,"mismatch","mismatch","noncanonical",TRUE,""
"exp2","exp2_002","3 NC_F_Neg_InDirObj",5,"3","filler","first_clause",,,,"indirect_object","noncanonical",TRUE,""
"exp2","exp2_002","3 NC_F_Neg_DirObj",5,"3","filler","first_clause",,,,"direct_object","noncanonical",TRUE,""
"exp2","exp2_003","3 NC_CT_Aff_Bad",1,"3","catch","second_clause",,,,"infelicitous","noncanonical",TRUE,""
"exp2","exp2_003","2 NC_CT_Neg_Bad",1,"2","catch","first_clause",,,,"infelicitous","noncanonical",TRUE,""
"exp2","exp2_003","2 NC_CT_Neg_Bad_1",1,"2","catch","first_clause",,,,"infelicitous","noncanonical",TRUE,""
"exp2","exp2_003","4 NC_CT_Neg_Bad",1,"4","catch","first_clause",,,,"infelicitous","noncanonical",TRUE,""
"exp2","exp2_003","2 NC_Aff_Manner_Mann",1,"2","experimental","second_clause","manner",,"match","match","noncanonical",TRUE,""
"exp2","exp2_003","2 NC_Aff_Manner_Loc",1,"2","experimental","second_clause","manner",,"mismatch","mismatch","noncanonical",TRUE,""
"exp2","exp2_003","6 NC_Neg_Manner_Mann",1,"6","experimental","first_clause","manner",,"match","match","noncanonical",TRUE,""
"exp2","exp2_003","4 NC_Aff_Red_Red",1,"4","experimental","second_clause","ideophone","reduplication","match","match","noncanonical",TRUE,""
"exp2","exp2_003","2 NC_F_Neg_DirObj",2,"2","filler","first_clause",,,,"direct_object","noncanonical",TRUE,""
"exp2","exp2_003","1 NC_Neg_Red_Loc",2,"1","experimental","first_clause","ideophone","reduplication","mismatch","mismatch","noncanonical",TRUE,""
"exp2","exp2_003","6 NC_Neg_Manner_Loc",2,"6","experimental","first_clause","manner",,"mismatch","mismatch","noncanonical",TRUE,""
"exp2","exp2_003","5 NC_Aff_Time_Loc",2,"5","experimental","second_clause","temporal",,"mismatch","mismatch","noncanonical",TRUE,""
"exp2","exp2_003","3 NC_Neg_Time_Loc",2,"3","experimental","first_clause","temporal",,"mismatch","mismatch","noncanonical",TRUE,""
"exp2","exp2_003","3 NC_Neg_Time_Time",2,"3","experimental","first_clause","temporal",,"match","match","noncanonical",TRUE,""
"exp2","exp2_003","1 NC_Neg_Red_Red",3,"1","experimental","first_clause","ideophone","reduplication","match","match","noncanonical",TRUE,""
"exp2","exp2_003","4 NC_Aff_Red_Loc",4,"4","experimental","second_clause","ideophone","reduplication","mismatch","mismatch","noncanonical",TRUE,""
"exp2","exp2_003","2 NC_F_Neg_InDirObj",4,"2","filler","first_clause",,,,"indirect_object","noncanonical",TRUE,""
"exp2","exp2_003","1 NC_F_Aff_InDirObj",4,"1","filler","second_clause",,,,"indirect_object","noncanonical",TRUE,""
"exp2","exp2_003","3 NC_F_Aff_DirObj",4,"3","filler","second_clause",,,,"direct_object","noncanonical",TRUE,""
"exp2","exp2_003","3 NC_CT_Aff_Good",4,"3","catch","second_clause",,,,"felicitous","noncanonical",TRUE,""
"exp2","exp2_003","4_NC_F_Neg_InDirObj",5,"4","filler","first_clause",,,,"indirect_object","noncanonical",TRUE,""
"exp2","exp2_003","1 NC_F_Aff_DirObj",5,"1","filler","second_clause",,,,"direct_object","noncanonical",TRUE,""
"exp2","exp2_003","1 NC_CT_Aff_Good_2",5,"1","catch","second_clause",,,,"felicitous","noncanonical",TRUE,""
"exp2","exp2_003","1 NC_CT_Aff_Good",5,"1","catch","second_clause",,,,"felicitous","noncanonical",TRUE,""
"exp2","exp2_003","5 NC_Aff_Time_Time",5,"5","experimental","second_clause","temporal",,"match","match","noncanonical",TRUE,""
"exp2","exp2_003","4 NC_CT_Neg_Good",5,"4","catch","first_clause",,,,"felicitous","noncanonical",TRUE,""
"exp2","exp2_003","3 NC_F_Aff_InDirOb",5,"3","filler","second_clause",,,,"indirect_object","noncanonical",TRUE,""
"exp2","exp2_003","4_NC_F_Neg_DirObj",5,"4","filler","first_clause",,,,"direct_object","noncanonical",TRUE,""
"exp2","exp2_004","2 NC_CT_Aff_Bad_63",1,"2","catch","second_clause",,,,"infelicitous","noncanonical",TRUE,""
"exp2","exp2_004","2 NC_CT_Aff_Bad_62",1,"2","catch","second_clause",,,,"infelicitous","noncanonical",TRUE,""
"exp2","exp2_004","4 NC_CT_Neg_Bad_52",1,"4","catch","first_clause",,,,"infelicitous","noncanonical",TRUE,""
"exp2","exp2_004","3 NC_CT_Neg_Bad_51",2,"3","catch","first_clause",,,,"infelicitous","noncanonical",TRUE,""
"exp2","exp2_004","3 NC_Aff_Red_Red",4,"3","experimental","second_clause","ideophone","reduplication","match","match","noncanonical",TRUE,""
"exp2","exp2_004","3 NC_F_Neg_DirObj_55",4,"3","filler","first_clause",,,,"direct_object","noncanonical",TRUE,""
"exp2","exp2_004","2 NC_Neg_Time_Loc",4,"2","experimental","first_clause","temporal",,"mismatch","mismatch","noncanonical",TRUE,""
"exp2","exp2_004","1 NC_Aff_Manner_Mann",4,"1","experimental","second_clause","manner",,"match","match","noncanonical",TRUE,""
"exp2","exp2_004","5 NC_Neg_Manner_Loc",5,"5","experimental","first_clause","manner",,"mismatch","mismatch","noncanonical",TRUE,""
"exp2","exp2_004","3 NC_Aff_Red_Loc",5,"3","experimental","second_clause","ideophone","reduplication","mismatch","mismatch","noncanonical",TRUE,""
"exp2","exp2_004","4 NC_CT_Neg_Good_53",5,"4","catch","first_clause",,,,"felicitous","noncanonical",TRUE,""
"exp2","exp2_004","3 NC_F_Neg_InDirObj_54",5,"3","filler","first_clause",,,,"indirect_object","noncanonical",TRUE,""
"exp2","exp2_004","6 NC_Neg_Red_Loc",5,"6","experimental","first_clause","ideophone","reduplication","mismatch","mismatch","noncanonical",TRUE,""
"exp2","exp2_004","6 NC_Neg_Red_Red",5,"6","experimental","first_clause","ideophone","reduplication","match","match","noncanonical",TRUE,""
"exp2","exp2_004","1 NC_F_Aff_DirObj_56",5,"1","filler","second_clause",,,,"direct_object","noncanonical",TRUE,""
"exp2","exp2_004","1 NC_F_Aff_InDirObj_57",5,"1","filler","second_clause",,,,"indirect_object","noncanonical",TRUE,""
"exp2","exp2_004","2 NC_F_Aff_InDirObj_58",5,"2","filler","second_clause",,,,"indirect_object","noncanonical",TRUE,""
"exp2","exp2_004","2 NC_F_Aff_DirObj_59",5,"2","filler","second_clause",,,,"direct_object","noncanonical",TRUE,""
"exp2","exp2_004","1 NC_CT_Aff_Good_60",5,"1","catch","second_clause",,,,"felicitous","noncanonical",TRUE,""
"exp2","exp2_004","1 NC_CT_Aff_Good_61",5,"1","catch","second_clause",,,,"felicitous","noncanonical",TRUE,""
"exp2","exp2_004","2 NC_Neg_Time_Time",5,"2","experimental","first_clause","temporal",,"match","match","noncanonical",TRUE,""
"exp2","exp2_004","4 NC_Aff_Time_Loc",5,"4","experimental","second_clause","temporal",,"mismatch","mismatch","noncanonical",TRUE,""
"exp2","exp2_004","4 NC_Aff_Time_Time",5,"4","experimental","second_clause","temporal",,"match","match","noncanonical",TRUE,""
"exp2","exp2_004","4 NC_F_Neg_InDirObj_64",5,"4","filler","first_clause",,,,"indirect_object","noncanonical",TRUE,""
"exp2","exp2_004","4 NC_F_Neg_DirObj_65",5,"4","filler","first_clause",,,,"direct_object","noncanonical",TRUE,""
"exp2","exp2_004","1 NC_Aff_Manner_Loc",5,"1","experimental","second_clause","manner",,"mismatch","mismatch","noncanonical",TRUE,""
"exp2","exp2_004","5 NC_Neg_Manner_Mann",5,"5","experimental","first_clause","manner",,"match","match","noncanonical",TRUE,""
"exp2","exp2_004","3 NC_CT_Neg_Good_50",5,"3","catch","first_clause",,,,"felicitous","noncanonical",TRUE,""
"exp2","exp2_005","4 NC_CT_Neg_Bad_10",1,"4","catch","first_clause",,,,"infelicitous","noncanonical",TRUE,""
"exp2","exp2_005","3 NC_CT_Aff_Bad_13",1,"3","catch","second_clause",,,,"infelicitous","noncanonical",TRUE,""
"exp2","exp2_005","2 NC_CT_Neg_Bad_17",1,"2","catch","first_clause",,,,"infelicitous","noncanonical",TRUE,""
"exp2","exp2_005","2 NC_CT_Neg_Bad_16",1,"2","catch","first_clause",,,,"infelicitous","noncanonical",TRUE,""
"exp2","exp2_005","6 NC_Aff_Red_Red",1,"6","experimental","second_clause","ideophone","reduplication","match","match","noncanonical",TRUE,""
"exp2","exp2_005","2 NC_F_Neg_DirObj_8",2,"2","filler","first_clause",,,,"direct_object","noncanonical",TRUE,""
"exp2","exp2_005","3 NC_F_Aff_DirObj_9",2,"3","filler","second_clause",,,,"direct_object","noncanonical",TRUE,""
"exp2","exp2_005","5 NC_Neg_Time_Time",2,"5","experimental","first_clause","temporal",,"match","match","noncanonical",TRUE,""
"exp2","exp2_005","5 NC_Neg_Time_Loc",2,"5","experimental","first_clause","temporal",,"mismatch","mismatch","noncanonical",TRUE,""
"exp2","exp2_005","2 NC_Neg_Manner_Mann",2,"2","experimental","first_clause","manner",,"match","match","noncanonical",TRUE,""
"exp2","exp2_005","2 NC_Neg_Manner_Loc",2,"2","experimental","first_clause","manner",,"mismatch","mismatch","noncanonical",TRUE,""
"exp2","exp2_005","1 NC_Aff_Time_Time",2,"1","experimental","second_clause","temporal",,"match","match","noncanonical",TRUE,""
"exp2","exp2_005","6 NC_Aff_Red_Loc",2,"6","experimental","second_clause","ideophone","reduplication","mismatch","mismatch","noncanonical",TRUE,""
"exp2","exp2_005","3 NC_Neg_Red_Loc",2,"3","experimental","first_clause","ideophone","reduplication","mismatch","mismatch","noncanonical",TRUE,""
"exp2","exp2_005","3 NC_Neg_Red_Red",2,"3","experimental","first_clause","ideophone","reduplication","match","match","noncanonical",TRUE,""
"exp2","exp2_005","3 NC_CT_Aff_Good_12",3,"3","catch","second_clause",,,,"felicitous","noncanonical",TRUE,""
"exp2","exp2_005","1 NC_CT_Aff_Good_5",4,"1","catch","second_clause",,,,"felicitous","noncanonical",TRUE,""
"exp2","exp2_005","1 NC_CT_Aff_Good_6",4,"1","catch","second_clause",,,,"felicitous","noncanonical",TRUE,""
"exp2","exp2_005","2 NC_F_Neg_InDirObj_7",4,"2","filler","first_clause",,,,"indirect_object","noncanonical",TRUE,""
"exp2","exp2_005","4 NC_Aff_Manner_Mann",4,"4","experimental","second_clause","manner",,"match","match","noncanonical",TRUE,""
"exp2","exp2_005","4 NC_Aff_Manner_Loc",4,"4","experimental","second_clause","manner",,"mismatch","mismatch","noncanonical",TRUE,""
"exp2","exp2_005","3 NC_F_Aff_InDirObj",4,"3","filler","second_clause",,,,"indirect_object","noncanonical",TRUE,""
"exp2","exp2_005","1 NC_Aff_Time_Loc",4,"1","experimental","second_clause","temporal",,"mismatch","mismatch","noncanonical",TRUE,""
"exp2","exp2_005","4 NC_F_Neg_DirObj",4,"4","filler","first_clause",,,,"direct_object","noncanonical",TRUE,""
"exp2","exp2_005","1 NC_F_Aff_InDirObj_14",4,"1","filler","second_clause",,,,"indirect_object","noncanonical",TRUE,""
"exp2","exp2_005","4 NC_CT_Neg_Good_11",4,"4","catch","first_clause",,,,"felicitous","noncanonical",TRUE,""
"exp2","exp2_005","4 NC_F_Neg_InDirObj",4,"4","filler","first_clause",,,,"indirect_object","noncanonical",TRUE,""
"exp2","exp2_005","1 NC_F_Aff_DirObj_15",4,"1","filler","second_clause",,,,"direct_object","noncanonical",TRUE,""
"exp2","exp2_006","1 NC_Neg_Time_Time",1,"1","experimental","first_clause","temporal",,"match","match","noncanonical",TRUE,""
"exp2","exp2_006","5 NC_Neg_Red_Red",1,"5","experimental","first_clause","ideophone","reduplication","match","match","noncanonical",TRUE,""
"exp2","exp2_006","2 NC_CT_Neg_Bad_38",1,"2","catch","first_clause",,,,"infelicitous","noncanonical",TRUE,""
"exp2","exp2_006","2 NC_CT_Neg_Bad_39",1,"2","catch","first_clause",,,,"infelicitous","noncanonical",TRUE,""
"exp2","exp2_006","4 NC_CT_Aff_Bad_45",1,"4","catch","second_clause",,,,"infelicitous","noncanonical",TRUE,""
"exp2","exp2_006","3 NC_CT_Neg_Bad_46",1,"3","catch","first_clause",,,,"infelicitous","noncanonical",TRUE,""
"exp2","exp2_006","3 NC_Aff_Time_Time",1,"3","experimental","second_clause","temporal",,"match","match","noncanonical",TRUE,""
"exp2","exp2_006","5 NC_Neg_Red_Loc",2,"5","experimental","first_clause","ideophone","reduplication","mismatch","mismatch","noncanonical",TRUE,""
"exp2","exp2_006","3 NC_F_Neg_DirObj_37",2,"3","filler","first_clause",,,,"direct_object","noncanonical",TRUE,""
"exp2","exp2_006","2 NC_Aff_Red_Red",2,"2","experimental","second_clause","ideophone","reduplication","match","match","noncanonical",TRUE,""
"exp2","exp2_006","4 NC_Neg_Manner_Mann",2,"4","experimental","first_clause","manner",,"match","match","noncanonical",TRUE,""
"exp2","exp2_006","4 NC_Neg_Manner_Loc",2,"4","experimental","first_clause","manner",,"mismatch","mismatch","noncanonical",TRUE,""
"exp2","exp2_006","3 NC_Aff_Time_Loc",2,"3","experimental","second_clause","temporal",,"mismatch","mismatch","noncanonical",TRUE,""
"exp2","exp2_006","3 NC_F_Neg_InDirObj_36",4,"3","filler","first_clause",,,,"indirect_object","noncanonical",TRUE,""
"exp2","exp2_006","2 NC_Aff_Red_Loc",4,"2","experimental","second_clause","ideophone","reduplication","mismatch","mismatch","noncanonical",TRUE,""
"exp2","exp2_006","1 NC_CT_Aff_Good_35",5,"1","catch","second_clause",,,,"felicitous","noncanonical",TRUE,""
"exp2","exp2_006","1 NC_Neg_Time_Loc",5,"1","experimental","first_clause","temporal",,"mismatch","mismatch","noncanonical",TRUE,""
"exp2","exp2_006","6 NC_Aff_Manner_Mann",5,"6","experimental","second_clause","manner",,"match","match","noncanonical",TRUE,""
"exp2","exp2_006","6 NC_Aff_Manner_Loc",5,"6","experimental","second_clause","manner",,"mismatch","mismatch","noncanonical",TRUE,""
"exp2","exp2_006","4 NC_F_Aff_InDirObj_40",5,"4","filler","second_clause",,,,"indirect_object","noncanonical",TRUE,""
"exp2","exp2_006","4 NC_F_Aff_DirObj_41",5,"4","filler","second_clause",,,,"direct_object","noncanonical",TRUE,""
"exp2","exp2_006","1 NC_F_Aff_DirObj_42",5,"1","filler","second_clause",,,,"direct_object","noncanonical",TRUE,""
"exp2","exp2_006","1 NC_F_Aff_InDirObj_43",5,"1","filler","second_clause",,,,"indirect_object","noncanonical",TRUE,""
"exp2","exp2_006","4 NC_CT_Aff_Good_44",5,"4","catch","second_clause",,,,"felicitous","noncanonical",TRUE,""
"exp2","exp2_006","3 NC_CT_Neg_Good_47",5,"3","catch","first_clause",,,,"felicitous","noncanonical",TRUE,""
"exp2","exp2_006","2 NC_F_Neg_InDirObj_48",5,"2","filler","first_clause",,,,"indirect_object","noncanonical",TRUE,""
"exp2","exp2_006","2 NC_F_Neg_DirObj_49",5,"2","filler","first_clause",,,,"direct_object","noncanonical",TRUE,""
"exp2","exp2_006","1 NC_CT_Aff_Good_34",5,"1","catch","second_clause",,,,"felicitous","noncanonical",TRUE,""
"exp2","exp2_007","2 NC_CT_Aff_Bad_31",1,"2","catch","second_clause",,,,"infelicitous","noncanonical",TRUE,""
"exp2","exp2_007","4 NC_CT_Aff_Bad_23",1,"4","catch","second_clause",,,,"infelicitous","noncanonical",TRUE,""
"exp2","exp2_007","2 NC_CT_Aff_Bad_30",1,"2","catch","second_clause",,,,"infelicitous","noncanonical",TRUE,""
"exp2","exp2_007","6 NC_Neg_Time_Time",1,"6","experimental","first_clause","temporal",,"match","match","noncanonical",TRUE,""
"exp2","exp2_007","3 NC_CT_Neg_Bad_20",1,"3","catch","first_clause",,,,"infelicitous","noncanonical",TRUE,""
"exp2","exp2_007","6 NC_Neg_Time_Loc",1,"6","experimental","first_clause","temporal",,"mismatch","mismatch","noncanonical",TRUE,""
"exp2","exp2_007","3 NC_Neg_Manner_Loc",4,"3","experimental","first_clause","manner",,"mismatch","mismatch","noncanonical",TRUE,""
"exp2","exp2_007","3 NC_Neg_Manner_Mann",4,"3","experimental","first_clause","manner",,"match","match","noncanonical",TRUE,""
"exp2","exp2_007","2 NC_F_Aff_DirObj_33",4,"2","filler","second_clause",,,,"direct_object","noncanonical",TRUE,""
"exp2","exp2_007","1 NC_F_Neg_DirObj_26",4,"1","filler","first_clause",,,,"direct_object","noncanonical",TRUE,""
"exp2","exp2_007","4 NC_F_Aff_InDirObj_19",5,"4","filler","second_clause",,,,"indirect_object","noncanonical",TRUE,""
"exp2","exp2_007","3 NC_CT_Neg_Good_21",5,"3","catch","first_clause",,,,"felicitous","noncanonical",TRUE,""
"exp2","exp2_007","4 NC_CT_Aff_Good_22",5,"4","catch","second_clause",,,,"felicitous","noncanonical",TRUE,""
"exp2","exp2_007","2 NC_Aff_Time_Time",5,"2","experimental","second_clause","temporal",,"match","match","noncanonical",TRUE,""
"exp2","exp2_007","2 NC_Aff_Time_Loc",5,"2","experimental","second_clause","temporal",,"mismatch","mismatch","noncanonical",TRUE,""
"exp2","exp2_007","3 NC_F_Neg_InDirObj_24",5,"3","filler","first_clause",,,,"indirect_object","noncanonical",TRUE,""
"exp2","exp2_007","3 NC_F_Neg_DirObj_25",5,"3","filler","first_clause",,,,"direct_object","noncanonical",TRUE,""
"exp2","exp2_007","4 NC_Neg_Red_Loc",5,"4","experimental","first_clause","ideophone","reduplication","mismatch","mismatch","noncanonical",TRUE,""
"exp2","exp2_007","4 NC_Neg_Red_Red",5,"4","experimental","first_clause","ideophone","reduplication","match","match","noncanonical",TRUE,""
"exp2","exp2_007","5 NC_Aff_Manner_Loc",5,"5","experimental","second_clause","manner",,"mismatch","mismatch","noncanonical",TRUE,""
"exp2","exp2_007","5 NC_Aff_Manner_Mann",5,"5","experimental","second_clause","manner",,"match","match","noncanonical",TRUE,""
"exp2","exp2_007","1 NC_Aff_Red_Red",5,"1","experimental","second_clause","ideophone","reduplication","match","match","noncanonical",TRUE,""
"exp2","exp2_007","1 NC_Aff_Red_Loc",5,"1","experimental","second_clause","ideophone","reduplication","mismatch","mismatch","noncanonical",TRUE,""
"exp2","exp2_007","1 NC_F_Neg_InDirObj_27",5,"1","filler","first_clause",,,,"indirect_object","noncanonical",TRUE,""
"exp2","exp2_007","4 NC_F_Aff_DirObj_18",5,"4","filler","second_clause",,,,"direct_object","noncanonical",TRUE,""
"exp2","exp2_007","1 NC_CT_Neg_Good_28",5,"1","catch","first_clause",,,,"felicitous","noncanonical",TRUE,""
"exp2","exp2_007","1 NC_CT_Neg_Good_29",5,"1","catch","first_clause",,,,"felicitous","noncanonical",TRUE,""
"exp2","exp2_007","2 NC_F_Aff_InDirObj_32",5,"2","filler","second_clause",,,,"indirect_object","noncanonical",TRUE,""
"exp2","exp2_008","1 NC_Neg_Red_Red",1,"1","experimental","first_clause","ideophone","reduplication","match","match","noncanonical",TRUE,""
"exp2","exp2_008","2 NC_Aff_Manner_Loc",1,"2","experimental","second_clause","manner",,"mismatch","mismatch","noncanonical",TRUE,""
"exp2","exp2_008","2 NC_Aff_Manner_Mann",1,"2","experimental","second_clause","manner",,"match","match","noncanonical",TRUE,""
"exp2","exp2_008","4 NC_CT_Neg_Bad",1,"4","catch","first_clause",,,,"infelicitous","noncanonical",TRUE,""
"exp2","exp2_008","2 NC_CT_Neg_Bad_1",1,"2","catch","first_clause",,,,"infelicitous","noncanonical",TRUE,""
"exp2","exp2_008","2 NC_CT_Neg_Bad",1,"2","catch","first_clause",,,,"infelicitous","noncanonical",TRUE,""
"exp2","exp2_008","3 NC_CT_Aff_Bad",1,"3","catch","second_clause",,,,"infelicitous","noncanonical",TRUE,""
"exp2","exp2_008","6 NC_Neg_Manner_Mann",2,"6","experimental","first_clause","manner",,"match","match","noncanonical",TRUE,""
"exp2","exp2_008","1 NC_Neg_Red_Loc",2,"1","experimental","first_clause","ideophone","reduplication","mismatch","mismatch","noncanonical",TRUE,""
"exp2","exp2_008","4 NC_Aff_Red_Red",2,"4","experimental","second_clause","ideophone","reduplication","match","match","noncanonical",TRUE,""
"exp2","exp2_008","3 NC_CT_Aff_Good",4,"3","catch","second_clause",,,,"felicitous","noncanonical",TRUE,""
"exp2","exp2_008","3 NC_Neg_Time_Time",4,"3","experimental","first_clause","temporal",,"match","match","noncanonical",TRUE,""
"exp2","exp2_008","5 NC_Aff_Time_Loc",4,"5","experimental","second_clause","temporal",,"mismatch","mismatch","noncanonical",TRUE,""
"exp2","exp2_008","3 NC_Neg_Time_Loc",4,"3","experimental","first_clause","temporal",,"mismatch","mismatch","noncanonical",TRUE,""
"exp2","exp2_008","6 NC_Neg_Manner_Loc",4,"6","experimental","first_clause","manner",,"mismatch","mismatch","noncanonical",TRUE,""
"exp2","exp2_008","2 NC_F_Neg_DirObj",4,"2","filler","first_clause",,,,"direct_object","noncanonical",TRUE,""
"exp2","exp2_008","4 NC_Aff_Red_Loc",4,"4","experimental","second_clause","ideophone","reduplication","mismatch","mismatch","noncanonical",TRUE,""
"exp2","exp2_008","1 NC_F_Aff_InDirObj",4,"1","filler","second_clause",,,,"indirect_object","noncanonical",TRUE,""
"exp2","exp2_008","2 NC_F_Neg_InDirObj",5,"2","filler","first_clause",,,,"indirect_object","noncanonical",TRUE,""
"exp2","exp2_008","4_NC_F_Neg_InDirObj",5,"4","filler","first_clause",,,,"indirect_object","noncanonical",TRUE,""
"exp2","exp2_008","4_NC_F_Neg_DirObj",5,"4","filler","first_clause",,,,"direct_object","noncanonical",TRUE,""
"exp2","exp2_008","1 NC_F_Aff_DirObj",5,"1","filler","second_clause",,,,"direct_object","noncanonical",TRUE,""
"exp2","exp2_008","1 NC_CT_Aff_Good_2",5,"1","catch","second_clause",,,,"felicitous","noncanonical",TRUE,""
"exp2","exp2_008","1 NC_CT_Aff_Good",5,"1","catch","second_clause",,,,"felicitous","noncanonical",TRUE,""
"exp2","exp2_008","5 NC_Aff_Time_Time",5,"5","experimental","second_clause","temporal",,"match","match","noncanonical",TRUE,""
"exp2","exp2_008","4 NC_CT_Neg_Good",5,"4","catch","first_clause",,,,"felicitous","noncanonical",TRUE,""
"exp2","exp2_008","3 NC_F_Aff_InDirOb",5,"3","filler","second_clause",,,,"indirect_object","noncanonical",TRUE,""
"exp2","exp2_008","3 NC_F_Aff_DirObj",5,"3","filler","second_clause",,,,"direct_object","noncanonical",TRUE,""
"exp2","exp2_009","2 NC_CT_Aff_Bad_4",1,"2","catch","second_clause",,,,"infelicitous","noncanonical",TRUE,""
"exp2","exp2_009","4 NC_CT_Aff_Bad",1,"4","catch","second_clause",,,,"infelicitous","noncanonical",TRUE,""
"exp2","exp2_009","3 NC_CT_Neg_Bad",1,"3","catch","first_clause",,,,"infelicitous","noncanonical",TRUE,""
"exp2","exp2_009","2 NC_CT_Aff_Bad",1,"2","catch","second_clause",,,,"infelicitous","noncanonical",TRUE,""
"exp2","exp2_009","5 NC_Aff_Red_Loc",2,"5","experimental","second_clause","ideophone","reduplication","mismatch","mismatch","noncanonical",TRUE,""
"exp2","exp2_009","4 NC_Neg_Time_Time",2,"4","experimental","first_clause","temporal",,"match","match","noncanonical",TRUE,""
"exp2","exp2_009","2 NC_F_Aff_DirObj",2,"2","filler","second_clause",,,,"direct_object","noncanonical",TRUE,""
"exp2","exp2_009","4 NC_CT_Aff_Good",2,"4","catch","second_clause",,,,"felicitous","noncanonical",TRUE,""
"exp2","exp2_009","1 NC_Neg_Manner_Mann",2,"1","experimental","first_clause","manner",,"match","match","noncanonical",TRUE,""
"exp2","exp2_009","2 NC_F_Aff_InDirObj",2,"2","filler","second_clause",,,,"indirect_object","noncanonical",TRUE,""
"exp2","exp2_009","3 NC_Aff_Manner_Loc",2,"3","experimental","second_clause","manner",,"mismatch","mismatch","noncanonical",TRUE,""
"exp2","exp2_009","1 NC_Neg_Manner_Loc",4,"1","experimental","first_clause","manner",,"mismatch","mismatch","noncanonical",TRUE,""
"exp2","exp2_009","1 NC_F_Neg_InDirObj",4,"1","filler","first_clause",,,,"indirect_object","noncanonical",TRUE,""
"exp2","exp2_009","3 NC_CT_Neg_Good",4,"3","catch","first_clause",,,,"felicitous","noncanonical",TRUE,""
"exp2","exp2_009","4 NC_F_Aff_DirObj",4,"4","filler","second_clause",,,,"direct_object","noncanonical",TRUE,""
"exp2","exp2_009","4 NC_F_Aff_InDirObj",4,"4","filler","second_clause",,,,"indirect_object","noncanonical",TRUE,""
"exp2","exp2_009","3 NC_Aff_Manner_Mann",4,"3","experimental","second_clause","manner",,"match","match","noncanonical",TRUE,""
"exp2","exp2_009","6 NC_Aff_Time_Time",4,"6","experimental","second_clause","temporal",,"match","match","noncanonical",TRUE,""
"exp2","exp2_009","6 NC_Aff_Time_Loc",4,"6","experimental","second_clause","temporal",,"mismatch","mismatch","noncanonical",TRUE,""
"exp2","exp2_009","3 NC_F_Neg_InDirObj",4,"3","filler","first_clause",,,,"indirect_object","noncanonical",TRUE,""
"exp2","exp2_009","3 NC_F_Neg_DirObj",4,"3","filler","first_clause",,,,"direct_object","noncanonical",TRUE,""
"exp2","exp2_009","4 NC_Neg_Time_Loc",4,"4","experimental","first_clause","temporal",,"mismatch","mismatch","noncanonical",TRUE,""
"exp2","exp2_009","5 NC_Aff_Red_Red",4,"5","experimental","second_clause","ideophone","reduplication","match","match","noncanonical",TRUE,""
"exp2","exp2_009","2 NC_Neg_Red_Red",4,"2","experimental","first_clause","ideophone","reduplication","match","match","noncanonical",TRUE,""
"exp2","exp2_009","2 NC_Neg_Red_Loc",4,"2","experimental","first_clause","ideophone","reduplication","mismatch","mismatch","noncanonical",TRUE,""
"exp2","exp2_009","1 NC_F_Neg_DirObj",4,"1","filler","first_clause",,,,"direct_object","noncanonical",TRUE,""
"exp2","exp2_009","1 NC_CT_Neg_Good",5,"1","catch","first_clause",,,,"felicitous","noncanonical",TRUE,""
"exp2","exp2_009","1 NC_CT_Neg_Good_3",5,"1","catch","first_clause",,,,"felicitous","noncanonical",TRUE,""
"exp2","exp2_010","2 NC_CT_Aff_Bad_63",1,"2","catch","second_clause",,,,"infelicitous","noncanonical",TRUE,""
"exp2","exp2_010","2 NC_CT_Aff_Bad_62",1,"2","catch","second_clause",,,,"infelicitous","noncanonical",TRUE,""
"exp2","exp2_010","3 NC_CT_Neg_Bad_51",1,"3","catch","first_clause",,,,"infelicitous","noncanonical",TRUE,""
"exp2","exp2_010","5 NC_Neg_Manner_Mann",4,"5","experimental","first_clause","manner",,"match","match","noncanonical",TRUE,""
"exp2","exp2_010","4 NC_CT_Neg_Bad_52",4,"4","catch","first_clause",,,,"infelicitous","noncanonical",TRUE,""
"exp2","exp2_010","6 NC_Neg_Red_Red",4,"6","experimental","first_clause","ideophone","reduplication","match","match","noncanonical",TRUE,""
"exp2","exp2_010","3 NC_CT_Neg_Good_50",5,"3","catch","first_clause",,,,"felicitous","noncanonical",TRUE,""
"exp2","exp2_010","5 NC_Neg_Manner_Loc",5,"5","experimental","first_clause","manner",,"mismatch","mismatch","noncanonical",TRUE,""
"exp2","exp2_010","3 NC_Aff_Red_Red",5,"3","experimental","second_clause","ideophone","reduplication","match","match","noncanonical",TRUE,""
"exp2","exp2_010","3 NC_Aff_Red_Loc",5,"3","experimental","second_clause","ideophone","reduplication","mismatch","mismatch","noncanonical",TRUE,""
"exp2","exp2_010","4 NC_CT_Neg_Good_53",5,"4","catch","first_clause",,,,"felicitous","noncanonical",TRUE,""
"exp2","exp2_010","3 NC_F_Neg_InDirObj_54",5,"3","filler","first_clause",,,,"indirect_object","noncanonical",TRUE,""
"exp2","exp2_010","3 NC_F_Neg_DirObj_55",5,"3","filler","first_clause",,,,"direct_object","noncanonical",TRUE,""
"exp2","exp2_010","6 NC_Neg_Red_Loc",5,"6","experimental","first_clause","ideophone","reduplication","mismatch","mismatch","noncanonical",TRUE,""
"exp2","exp2_010","1 NC_F_Aff_DirObj_56",5,"1","filler","second_clause",,,,"direct_object","noncanonical",TRUE,""
"exp2","exp2_010","1 NC_F_Aff_InDirObj_57",5,"1","filler","second_clause",,,,"indirect_object","noncanonical",TRUE,""
"exp2","exp2_010","2 NC_F_Aff_InDirObj_58",5,"2","filler","second_clause",,,,"indirect_object","noncanonical",TRUE,""
"exp2","exp2_010","2 NC_F_Aff_DirObj_59",5,"2","filler","second_clause",,,,"direct_object","noncanonical",TRUE,""
"exp2","exp2_010","1 NC_CT_Aff_Good_61",5,"1","catch","second_clause",,,,"felicitous","noncanonical",TRUE,""
"exp2","exp2_010","1 NC_CT_Aff_Good_60",5,"1","catch","second_clause",,,,"felicitous","noncanonical",TRUE,""
"exp2","exp2_010","2 NC_Neg_Time_Time",5,"2","experimental","first_clause","temporal",,"match","match","noncanonical",TRUE,""
"exp2","exp2_010","2 NC_Neg_Time_Loc",5,"2","experimental","first_clause","temporal",,"mismatch","mismatch","noncanonical",TRUE,""
"exp2","exp2_010","4 NC_Aff_Time_Loc",5,"4","experimental","second_clause","temporal",,"mismatch","mismatch","noncanonical",TRUE,""
"exp2","exp2_010","4 NC_Aff_Time_Time",5,"4","experimental","second_clause","temporal",,"match","match","noncanonical",TRUE,""
"exp2","exp2_010","1 NC_Aff_Manner_Loc",5,"1","experimental","second_clause","manner",,"mismatch","mismatch","noncanonical",TRUE,""
"exp2","exp2_010","1 NC_Aff_Manner_Mann",5,"1","experimental","second_clause","manner",,"match","match","noncanonical",TRUE,""
"exp2","exp2_010","4 NC_F_Neg_InDirObj_64",5,"4","filler","first_clause",,,,"indirect_object","noncanonical",TRUE,""
"exp2","exp2_010","4 NC_F_Neg_DirObj_65",5,"4","filler","first_clause",,,,"direct_object","noncanonical",TRUE,""
"exp2","exp2_011","3 NC_F_Neg_InDirObj_36",1,"3","filler","first_clause",,,,"indirect_object","noncanonical",TRUE,""
"exp2","exp2_011","3 NC_F_Neg_DirObj_37",1,"3","filler","first_clause",,,,"direct_object","noncanonical",TRUE,""
"exp2","exp2_011","6 NC_Aff_Manner_Mann",1,"6","experimental","second_clause","manner",,"match","match","noncanonical",TRUE,""
"exp2","exp2_011","6 NC_Aff_Manner_Loc",1,"6","experimental","second_clause","manner",,"mismatch","mismatch","noncanonical",TRUE,""
"exp2","exp2_011","4 NC_F_Aff_InDirObj_40",1,"4","filler","second_clause",,,,"indirect_object","noncanonical",TRUE,""
"exp2","exp2_011","4 NC_F_Aff_DirObj_41",1,"4","filler","second_clause",,,,"direct_object","noncanonical",TRUE,""
"exp2","exp2_011","1 NC_F_Aff_DirObj_42",1,"1","filler","second_clause",,,,"direct_object","noncanonical",TRUE,""
"exp2","exp2_011","1 NC_F_Aff_InDirObj_43",1,"1","filler","second_clause",,,,"indirect_object","noncanonical",TRUE,""
"exp2","exp2_011","4 NC_CT_Aff_Bad_45",1,"4","catch","second_clause",,,,"infelicitous","noncanonical",TRUE,""
"exp2","exp2_011","3 NC_CT_Neg_Bad_46",1,"3","catch","first_clause",,,,"infelicitous","noncanonical",TRUE,""
"exp2","exp2_011","2 NC_F_Neg_InDirObj_48",1,"2","filler","first_clause",,,,"indirect_object","noncanonical",TRUE,""
"exp2","exp2_011","4 NC_Neg_Manner_Loc",1,"4","experimental","first_clause","manner",,"mismatch","mismatch","noncanonical",TRUE,""
"exp2","exp2_011","2 NC_CT_Neg_Bad_39",2,"2","catch","first_clause",,,,"infelicitous","noncanonical",TRUE,""
"exp2","exp2_011","2 NC_CT_Neg_Bad_38",2,"2","catch","first_clause",,,,"infelicitous","noncanonical",TRUE,""
"exp2","exp2_011","1 NC_Neg_Time_Loc",2,"1","experimental","first_clause","temporal",,"mismatch","mismatch","noncanonical",TRUE,""
"exp2","exp2_011","4 NC_CT_Aff_Good_44",2,"4","catch","second_clause",,,,"felicitous","noncanonical",TRUE,""
"exp2","exp2_011","5 NC_Neg_Red_Red",2,"5","experimental","first_clause","ideophone","reduplication","match","match","noncanonical",TRUE,""
"exp2","exp2_011","5 NC_Neg_Red_Loc",2,"5","experimental","first_clause","ideophone","reduplication","mismatch","mismatch","noncanonical",TRUE,""
"exp2","exp2_011","2 NC_F_Neg_DirObj_49",3,"2","filler","first_clause",,,,"direct_object","noncanonical",TRUE,""
"exp2","exp2_011","1 NC_CT_Aff_Good_35",4,"1","catch","second_clause",,,,"felicitous","noncanonical",TRUE,""
"exp2","exp2_011","1 NC_CT_Aff_Good_34",4,"1","catch","second_clause",,,,"felicitous","noncanonical",TRUE,""
"exp2","exp2_011","1 NC_Neg_Time_Time",5,"1","experimental","first_clause","temporal",,"match","match","noncanonical",TRUE,""
"exp2","exp2_011","3 NC_Aff_Time_Time",5,"3","experimental","second_clause","temporal",,"match","match","noncanonical",TRUE,""
"exp2","exp2_011","3 NC_Aff_Time_Loc",5,"3","experimental","second_clause","temporal",,"mismatch","mismatch","noncanonical",TRUE,""
"exp2","exp2_011","2 NC_Aff_Red_Red",5,"2","experimental","second_clause","ideophone","reduplication","match","match","noncanonical",TRUE,""
"exp2","exp2_011","2 NC_Aff_Red_Loc",5,"2","experimental","second_clause","ideophone","reduplication","mismatch","mismatch","noncanonical",TRUE,""
"exp2","exp2_011","4 NC_Neg_Manner_Mann",5,"4","experimental","first_clause","manner",,"match","match","noncanonical",TRUE,""
"exp2","exp2_011","3 NC_CT_Neg_Good_47",5,"3","catch","first_clause",,,,"felicitous","noncanonical",TRUE,""
"exp2","exp2_012","4 NC_CT_Aff_Bad_45",1,"4","catch","second_clause",,,,"infelicitous","noncanonical",TRUE,""
"exp2","exp2_012","3 NC_CT_Neg_Bad_46",1,"3","catch","first_clause",,,,"infelicitous","noncanonical",TRUE,""
"exp2","exp2_012","2 NC_CT_Neg_Bad_38",1,"2","catch","first_clause",,,,"infelicitous","noncanonical",TRUE,""
"exp2","exp2_012","2 NC_CT_Neg_Bad_39",1,"2","catch","first_clause",,,,"infelicitous","noncanonical",TRUE,""
"exp2","exp2_012","2 NC_Aff_Red_Red",2,"2","experimental","second_clause","ideophone","reduplication","match","match","noncanonical",TRUE,""
"exp2","exp2_012","6 NC_Aff_Manner_Mann",2,"6","experimental","second_clause","manner",,"match","match","noncanonical",TRUE,""
"exp2","exp2_012","3 NC_F_Neg_DirObj_37",2,"3","filler","first_clause",,,,"direct_object","noncanonical",TRUE,""
"exp2","exp2_012","1 NC_Neg_Time_Time",2,"1","experimental","first_clause","temporal",,"match","match","noncanonical",TRUE,""
"exp2","exp2_012","2 NC_F_Neg_DirObj_49",3,"2","filler","first_clause",,,,"direct_object","noncanonical",TRUE,""
"exp2","exp2_012","3 NC_Aff_Time_Time",3,"3","experimental","second_clause","temporal",,"match","match","noncanonical",TRUE,""
"exp2","exp2_012","5 NC_Neg_Red_Red",3,"5","experimental","first_clause","ideophone","reduplication","match","match","noncanonical",TRUE,""
"exp2","exp2_012","3 NC_Aff_Time_Loc",3,"3","experimental","second_clause","temporal",,"mismatch","mismatch","noncanonical",TRUE,""
"exp2","exp2_012","4 NC_Neg_Manner_Mann",3,"4","experimental","first_clause","manner",,"match","match","noncanonical",TRUE,""
"exp2","exp2_012","4 NC_F_Aff_InDirObj_40",4,"4","filler","second_clause",,,,"indirect_object","noncanonical",TRUE,""
"exp2","exp2_012","5 NC_Neg_Red_Loc",4,"5","experimental","first_clause","ideophone","reduplication","mismatch","mismatch","noncanonical",TRUE,""
"exp2","exp2_012","6 NC_Aff_Manner_Loc",4,"6","experimental","second_clause","manner",,"mismatch","mismatch","noncanonical",TRUE,""
"exp2","exp2_012","3 NC_F_Neg_InDirObj_36",4,"3","filler","first_clause",,,,"indirect_object","noncanonical",TRUE,""
"exp2","exp2_012","1 NC_Neg_Time_Loc",4,"1","experimental","first_clause","temporal",,"mismatch","mismatch","noncanonical",TRUE,""
"exp2","exp2_012","1 NC_CT_Aff_Good_35",4,"1","catch","second_clause",,,,"felicitous","noncanonical",TRUE,""
"exp2","exp2_012","1 NC_CT_Aff_Good_34",4,"1","catch","second_clause",,,,"felicitous","noncanonical",TRUE,""
"exp2","exp2_012","4 NC_F_Aff_DirObj_41",4,"4","filler","second_clause",,,,"direct_object","noncanonical",TRUE,""
"exp2","exp2_012","3 NC_CT_Neg_Good_47",4,"3","catch","first_clause",,,,"felicitous","noncanonical",TRUE,""
"exp2","exp2_012","4 NC_Neg_Manner_Loc",4,"4","experimental","first_clause","manner",,"mismatch","mismatch","noncanonical",TRUE,""
"exp2","exp2_012","1 NC_F_Aff_DirObj_42",4,"1","filler","second_clause",,,,"direct_object","noncanonical",TRUE,""
"exp2","exp2_012","2 NC_Aff_Red_Loc",4,"2","experimental","second_clause","ideophone","reduplication","mismatch","mismatch","noncanonical",TRUE,""
"exp2","exp2_012","4 NC_CT_Aff_Good_44",5,"4","catch","second_clause",,,,"felicitous","noncanonical",TRUE,""
"exp2","exp2_012","2 NC_F_Neg_InDirObj_48",5,"2","filler","first_clause",,,,"indirect_object","noncanonical",TRUE,""
"exp2","exp2_012","1 NC_F_Aff_InDirObj_43",5,"1","filler","second_clause",,,,"indirect_object","noncanonical",TRUE,""
"exp2","exp2_013","2 NC_F_Neg_DirObj_49",1,"2","filler","first_clause",,,,"direct_object","noncanonical",TRUE,""
"exp2","exp2_013","1 NC_Neg_Time_Loc",1,"1","experimental","first_clause","temporal",,"mismatch","mismatch","noncanonical",TRUE,""
"exp2","exp2_013","1 NC_Neg_Time_Time",1,"1","experimental","first_clause","temporal",,"match","match","noncanonical",TRUE,""
"exp2","exp2_013","2 NC_CT_Neg_Bad_38",1,"2","catch","first_clause",,,,"infelicitous","noncanonical",TRUE,""
"exp2","exp2_013","2 NC_CT_Neg_Bad_39",1,"2","catch","first_clause",,,,"infelicitous","noncanonical",TRUE,""
"exp2","exp2_013","4 NC_CT_Aff_Bad_45",1,"4","catch","second_clause",,,,"infelicitous","noncanonical",TRUE,""
"exp2","exp2_013","3 NC_CT_Neg_Bad_46",1,"3","catch","first_clause",,,,"infelicitous","noncanonical",TRUE,""
"exp2","exp2_013","6 NC_Aff_Manner_Mann",2,"6","experimental","second_clause","manner",,"match","match","noncanonical",TRUE,""
"exp2","exp2_013","3 NC_Aff_Time_Time",3,"3","experimental","second_clause","temporal",,"match","match","noncanonical",TRUE,""
"exp2","exp2_013","5 NC_Neg_Red_Loc",3,"5","experimental","first_clause","ideophone","reduplication","mismatch","mismatch","noncanonical",TRUE,""
"exp2","exp2_013","3 NC_F_Neg_DirObj_37",3,"3","filler","first_clause",,,,"direct_object","noncanonical",TRUE,""
"exp2","exp2_013","5 NC_Neg_Red_Red",4,"5","experimental","first_clause","ideophone","reduplication","match","match","noncanonical",TRUE,""
"exp2","exp2_013","4 NC_F_Aff_DirObj_41",4,"4","filler","second_clause",,,,"direct_object","noncanonical",TRUE,""
"exp2","exp2_013","3 NC_Aff_Time_Loc",4,"3","experimental","second_clause","temporal",,"mismatch","mismatch","noncanonical",TRUE,""
"exp2","exp2_013","1 NC_CT_Aff_Good_34",4,"1","catch","second_clause",,,,"felicitous","noncanonical",TRUE,""
"exp2","exp2_013","1 NC_CT_Aff_Good_35",4,"1","catch","second_clause",,,,"felicitous","noncanonical",TRUE,""
"exp2","exp2_013","2 NC_Aff_Red_Red",4,"2","experimental","second_clause","ideophone","reduplication","match","match","noncanonical",TRUE,""
"exp2","exp2_013","2 NC_Aff_Red_Loc",4,"2","experimental","second_clause","ideophone","reduplication","mismatch","mismatch","noncanonical",TRUE,""
"exp2","exp2_013","4 NC_Neg_Manner_Loc",4,"4","experimental","first_clause","manner",,"mismatch","mismatch","noncanonical",TRUE,""
"exp2","exp2_013","4 NC_Neg_Manner_Mann",4,"4","experimental","first_clause","manner",,"match","match","noncanonical",TRUE,""
"exp2","exp2_013","4 NC_CT_Aff_Good_44",4,"4","catch","second_clause",,,,"felicitous","noncanonical",TRUE,""
"exp2","exp2_013","3 NC_F_Neg_InDirObj_36",5,"3","filler","first_clause",,,,"indirect_object","noncanonical",TRUE,""
"exp2","exp2_013","2 NC_F_Neg_InDirObj_48",5,"2","filler","first_clause",,,,"indirect_object","noncanonical",TRUE,""
"exp2","exp2_013","3 NC_CT_Neg_Good_47",5,"3","catch","first_clause",,,,"felicitous","noncanonical",TRUE,""
"exp2","exp2_013","1 NC_F_Aff_InDirObj_43",5,"1","filler","second_clause",,,,"indirect_object","noncanonical",TRUE,""
"exp2","exp2_013","1 NC_F_Aff_DirObj_42",5,"1","filler","second_clause",,,,"direct_object","noncanonical",TRUE,""
"exp2","exp2_013","4 NC_F_Aff_InDirObj_40",5,"4","filler","second_clause",,,,"indirect_object","noncanonical",TRUE,""
"exp2","exp2_013","6 NC_Aff_Manner_Loc",5,"6","experimental","second_clause","manner",,"mismatch","mismatch","noncanonical",TRUE,""
"exp2","exp2_014","6 NC_Aff_Manner_Loc",1,"6","experimental","second_clause","manner",,"mismatch","mismatch","noncanonical",TRUE,""
"exp2","exp2_014","6 NC_Aff_Manner_Mann",1,"6","experimental","second_clause","manner",,"match","match","noncanonical",TRUE,""
"exp2","exp2_014","2 NC_CT_Neg_Bad_38",1,"2","catch","first_clause",,,,"infelicitous","noncanonical",TRUE,""
"exp2","exp2_014","2 NC_CT_Neg_Bad_39",1,"2","catch","first_clause",,,,"infelicitous","noncanonical",TRUE,""
"exp2","exp2_014","3 NC_CT_Neg_Bad_46",1,"3","catch","first_clause",,,,"infelicitous","noncanonical",TRUE,""
"exp2","exp2_014","4 NC_CT_Aff_Bad_45",1,"4","catch","second_clause",,,,"infelicitous","noncanonical",TRUE,""
"exp2","exp2_014","1 NC_F_Aff_InDirObj_43",1,"1","filler","second_clause",,,,"indirect_object","noncanonical",TRUE,""
"exp2","exp2_014","2 NC_Aff_Red_Loc",1,"2","experimental","second_clause","ideophone","reduplication","mismatch","mismatch","noncanonical",TRUE,""
"exp2","exp2_014","2 NC_Aff_Red_Red",1,"2","experimental","second_clause","ideophone","reduplication","match","match","noncanonical",TRUE,""
"exp2","exp2_014","4 NC_F_Aff_InDirObj_40",2,"4","filler","second_clause",,,,"indirect_object","noncanonical",TRUE,""
"exp2","exp2_014","3 NC_Aff_Time_Time",2,"3","experimental","second_clause","temporal",,"match","match","noncanonical",TRUE,""
"exp2","exp2_014","3 NC_Aff_Time_Loc",2,"3","experimental","second_clause","temporal",,"mismatch","mismatch","noncanonical",TRUE,""
"exp2","exp2_014","4 NC_Neg_Manner_Mann",2,"4","experimental","first_clause","manner",,"match","match","noncanonical",TRUE,""
"exp2","exp2_014","1 NC_Neg_Time_Loc",4,"1","experimental","first_clause","temporal",,"mismatch","mismatch","noncanonical",TRUE,""
"exp2","exp2_014","1 NC_Neg_Time_Time",4,"1","experimental","first_clause","temporal",,"match","match","noncanonical",TRUE,""
"exp2","exp2_014","2 NC_F_Neg_DirObj_49",4,"2","filler","first_clause",,,,"direct_object","noncanonical",TRUE,""
"exp2","exp2_014","4 NC_Neg_Manner_Loc",4,"4","experimental","first_clause","manner",,"mismatch","mismatch","noncanonical",TRUE,""
"exp2","exp2_014","5 NC_Neg_Red_Red",4,"5","experimental","first_clause","ideophone","reduplication","match","match","noncanonical",TRUE,""
"exp2","exp2_014","5 NC_Neg_Red_Loc",4,"5","experimental","first_clause","ideophone","reduplication","mismatch","mismatch","noncanonical",TRUE,""
"exp2","exp2_014","3 NC_F_Neg_DirObj_37",4,"3","filler","first_clause",,,,"direct_object","noncanonical",TRUE,""
"exp2","exp2_014","2 NC_F_Neg_InDirObj_48",5,"2","filler","first_clause",,,,"indirect_object","noncanonical",TRUE,""
"exp2","exp2_014","3 NC_CT_Neg_Good_47",5,"3","catch","first_clause",,,,"felicitous","noncanonical",TRUE,""
"exp2","exp2_014","1 NC_F_Aff_DirObj_42",5,"1","filler","second_clause",,,,"direct_object","noncanonical",TRUE,""
"exp2","exp2_014","4 NC_F_Aff_DirObj_41",5,"4","filler","second_clause",,,,"direct_object","noncanonical",TRUE,""
"exp2","exp2_014","3 NC_F_Neg_InDirObj_36",5,"3","filler","first_clause",,,,"indirect_object","noncanonical",TRUE,""
"exp2","exp2_014","1 NC_CT_Aff_Good_35",5,"1","catch","second_clause",,,,"felicitous","noncanonical",TRUE,""
"exp2","exp2_014","1 NC_CT_Aff_Good_34",5,"1","catch","second_clause",,,,"felicitous","noncanonical",TRUE,""
"exp2","exp2_014","4 NC_CT_Aff_Good_44",5,"4","catch","second_clause",,,,"felicitous","noncanonical",TRUE,""
"exp2","exp2_015","2 NC_CT_Aff_Bad_62",1,"2","catch","second_clause",,,,"infelicitous","noncanonical",TRUE,""
"exp2","exp2_015","2 NC_CT_Aff_Bad_63",1,"2","catch","second_clause",,,,"infelicitous","noncanonical",TRUE,""
"exp2","exp2_015","4 NC_CT_Neg_Bad_52",2,"4","catch","first_clause",,,,"infelicitous","noncanonical",TRUE,""
"exp2","exp2_015","3 NC_CT_Neg_Bad_51",2,"3","catch","first_clause",,,,"infelicitous","noncanonical",TRUE,""
"exp2","exp2_015","2 NC_Neg_Time_Time",4,"2","experimental","first_clause","temporal",,"match","match","noncanonical",TRUE,""
"exp2","exp2_015","3 NC_Aff_Red_Red",4,"3","experimental","second_clause","ideophone","reduplication","match","match","noncanonical",TRUE,""
"exp2","exp2_015","6 NC_Neg_Red_Red",4,"6","experimental","first_clause","ideophone","reduplication","match","match","noncanonical",TRUE,""
"exp2","exp2_015","6 NC_Neg_Red_Loc",4,"6","experimental","first_clause","ideophone","reduplication","mismatch","mismatch","noncanonical",TRUE,""
"exp2","exp2_015","3 NC_CT_Neg_Good_50",5,"3","catch","first_clause",,,,"felicitous","noncanonical",TRUE,""
"exp2","exp2_015","5 NC_Neg_Manner_Mann",5,"5","experimental","first_clause","manner",,"match","match","noncanonical",TRUE,""
"exp2","exp2_015","5 NC_Neg_Manner_Loc",5,"5","experimental","first_clause","manner",,"mismatch","mismatch","noncanonical",TRUE,""
"exp2","exp2_015","3 NC_Aff_Red_Loc",5,"3","experimental","second_clause","ideophone","reduplication","mismatch","mismatch","noncanonical",TRUE,""
"exp2","exp2_015","4 NC_CT_Neg_Good_53",5,"4","catch","first_clause",,,,"felicitous","noncanonical",TRUE,""
"exp2","exp2_015","3 NC_F_Neg_InDirObj_54",5,"3","filler","first_clause",,,,"indirect_object","noncanonical",TRUE,""
"exp2","exp2_015","3 NC_F_Neg_DirObj_55",5,"3","filler","first_clause",,,,"direct_object","noncanonical",TRUE,""
"exp2","exp2_015","1 NC_F_Aff_DirObj_56",5,"1","filler","second_clause",,,,"direct_object","noncanonical",TRUE,""
"exp2","exp2_015","1 NC_F_Aff_InDirObj_57",5,"1","filler","second_clause",,,,"indirect_object","noncanonical",TRUE,""
"exp2","exp2_015","2 NC_F_Aff_InDirObj_58",5,"2","filler","second_clause",,,,"indirect_object","noncanonical",TRUE,""
"exp2","exp2_015","2 NC_F_Aff_DirObj_59",5,"2","filler","second_clause",,,,"direct_object","noncanonical",TRUE,""
"exp2","exp2_015","1 NC_CT_Aff_Good_60",5,"1","catch","second_clause",,,,"felicitous","noncanonical",TRUE,""
"exp2","exp2_015","1 NC_CT_Aff_Good_61",5,"1","catch","second_clause",,,,"felicitous","noncanonical",TRUE,""
"exp2","exp2_015","2 NC_Neg_Time_Loc",5,"2","experimental","first_clause","temporal",,"mismatch","mismatch","noncanonical",TRUE,""
"exp2","exp2_015","4 NC_Aff_Time_Loc",5,"4","experimental","second_clause","temporal",,"mismatch","mismatch","noncanonical",TRUE,""
"exp2","exp2_015","4 NC_Aff_Time_Time",5,"4","experimental","second_clause","temporal",,"match","match","noncanonical",TRUE,""
"exp2","exp2_015","1 NC_Aff_Manner_Loc",5,"1","experimental","second_clause","manner",,"mismatch","mismatch","noncanonical",TRUE,""
"exp2","exp2_015","1 NC_Aff_Manner_Mann",5,"1","experimental","second_clause","manner",,"match","match","noncanonical",TRUE,""
"exp2","exp2_015","4 NC_F_Neg_InDirObj_64",5,"4","filler","first_clause",,,,"indirect_object","noncanonical",TRUE,""
"exp2","exp2_015","4 NC_F_Neg_DirObj_65",5,"4","filler","first_clause",,,,"direct_object","noncanonical",TRUE,""
"exp2","exp2_016","3 NC_CT_Neg_Bad_51",1,"3","catch","first_clause",,,,"infelicitous","noncanonical",TRUE,""
"exp2","exp2_016","2 NC_CT_Aff_Bad_63",1,"2","catch","second_clause",,,,"infelicitous","noncanonical",TRUE,""
"exp2","exp2_016","2 NC_CT_Aff_Bad_62",1,"2","catch","second_clause",,,,"infelicitous","noncanonical",TRUE,""
"exp2","exp2_016","4 NC_CT_Neg_Bad_52",1,"4","catch","first_clause",,,,"infelicitous","noncanonical",TRUE,""
"exp2","exp2_016","5 NC_Neg_Manner_Mann",4,"5","experimental","first_clause","manner",,"match","match","noncanonical",TRUE,""
"exp2","exp2_016","3 NC_Aff_Red_Red",4,"3","experimental","second_clause","ideophone","reduplication","match","match","noncanonical",TRUE,""
"exp2","exp2_016","6 NC_Neg_Red_Red",4,"6","experimental","first_clause","ideophone","reduplication","match","match","noncanonical",TRUE,""
"exp2","exp2_016","2 NC_F_Aff_DirObj_59",4,"2","filler","second_clause",,,,"direct_object","noncanonical",TRUE,""
"exp2","exp2_016","2 NC_Neg_Time_Loc",4,"2","experimental","first_clause","temporal",,"mismatch","mismatch","noncanonical",TRUE,""
"exp2","exp2_016","4 NC_Aff_Time_Loc",4,"4","experimental","second_clause","temporal",,"mismatch","mismatch","noncanonical",TRUE,""
"exp2","exp2_016","1 NC_Aff_Manner_Mann",4,"1","experimental","second_clause","manner",,"match","match","noncanonical",TRUE,""
"exp2","exp2_016","2 NC_F_Aff_InDirObj_58",5,"2","filler","second_clause",,,,"indirect_object","noncanonical",TRUE,""
"exp2","exp2_016","1 NC_CT_Aff_Good_60",5,"1","catch","second_clause",,,,"felicitous","noncanonical",TRUE,""
"exp2","exp2_016","1 NC_CT_Aff_Good_61",5,"1","catch","second_clause",,,,"felicitous","noncanonical",TRUE,""
"exp2","exp2_016","2 NC_Neg_Time_Time",5,"2","experimental","first_clause","temporal",,"match","match","noncanonical",TRUE,""
"exp2","exp2_016","4 NC_Aff_Time_Time",5,"4","experimental","second_clause","temporal",,"match","match","noncanonical",TRUE,""
"exp2","exp2_016","1 NC_Aff_Manner_Loc",5,"1","experimental","second_clause","manner",,"mismatch","mismatch","noncanonical",TRUE,""
"exp2","exp2_016","4 NC_F_Neg_InDirObj_64",5,"4","filler","first_clause",,,,"indirect_object","noncanonical",TRUE,""
"exp2","exp2_016","4 NC_F_Neg_DirObj_65",5,"4","filler","first_clause",,,,"direct_object","noncanonical",TRUE,""
"exp2","exp2_016","1 NC_F_Aff_InDirObj_57",5,"1","filler","second_clause",,,,"indirect_object","noncanonical",TRUE,""
"exp2","exp2_016","1 NC_F_Aff_DirObj_56",5,"1","filler","second_clause",,,,"direct_object","noncanonical",TRUE,""
"exp2","exp2_016","3 NC_F_Neg_DirObj_55",5,"3","filler","first_clause",,,,"direct_object","noncanonical",TRUE,""
"exp2","exp2_016","6 NC_Neg_Red_Loc",5,"6","experimental","first_clause","ideophone","reduplication","mismatch","mismatch","noncanonical",TRUE,""
"exp2","exp2_016","3 NC_CT_Neg_Good_50",5,"3","catch","first_clause",,,,"felicitous","noncanonical",TRUE,""
"exp2","exp2_016","5 NC_Neg_Manner_Loc",5,"5","experimental","first_clause","manner",,"mismatch","mismatch","noncanonical",TRUE,""
"exp2","exp2_016","3 NC_Aff_Red_Loc",5,"3","experimental","second_clause","ideophone","reduplication","mismatch","mismatch","noncanonical",TRUE,""
"exp2","exp2_016","4 NC_CT_Neg_Good_53",5,"4","catch","first_clause",,,,"felicitous","noncanonical",TRUE,""
"exp2","exp2_016","3 NC_F_Neg_InDirObj_54",5,"3","filler","first_clause",,,,"indirect_object","noncanonical",TRUE,""
"exp2","exp2_017","3 NC_CT_Aff_Bad_13",1,"3","catch","second_clause",,,,"infelicitous","noncanonical",TRUE,""
"exp2","exp2_017","4 NC_CT_Neg_Bad_10",1,"4","catch","first_clause",,,,"infelicitous","noncanonical",TRUE,""
"exp2","exp2_017","2 NC_CT_Neg_Bad_17",1,"2","catch","first_clause",,,,"infelicitous","noncanonical",TRUE,""
"exp2","exp2_017","2 NC_CT_Neg_Bad_16",1,"2","catch","first_clause",,,,"infelicitous","noncanonical",TRUE,""
"exp2","exp2_017","3 NC_Neg_Red_Red",2,"3","experimental","first_clause","ideophone","reduplication","match","match","noncanonical",TRUE,""
"exp2","exp2_017","5 NC_Neg_Time_Time",4,"5","experimental","first_clause","temporal",,"match","match","noncanonical",TRUE,""
"exp2","exp2_017","3 NC_F_Aff_DirObj_9",4,"3","filler","second_clause",,,,"direct_object","noncanonical",TRUE,""
"exp2","exp2_017","1 NC_F_Aff_DirObj_15",4,"1","filler","second_clause",,,,"direct_object","noncanonical",TRUE,""
"exp2","exp2_017","5 NC_Neg_Time_Loc",5,"5","experimental","first_clause","temporal",,"mismatch","mismatch","noncanonical",TRUE,""
"exp2","exp2_017","1 NC_CT_Aff_Good_5",5,"1","catch","second_clause",,,,"felicitous","noncanonical",TRUE,""
"exp2","exp2_017","1 NC_CT_Aff_Good_6",5,"1","catch","second_clause",,,,"felicitous","noncanonical",TRUE,""
"exp2","exp2_017","2 NC_F_Neg_InDirObj_7",5,"2","filler","first_clause",,,,"indirect_object","noncanonical",TRUE,""
"exp2","exp2_017","2 NC_F_Neg_DirObj_8",5,"2","filler","first_clause",,,,"direct_object","noncanonical",TRUE,""
"exp2","exp2_017","3 NC_F_Aff_InDirObj",5,"3","filler","second_clause",,,,"indirect_object","noncanonical",TRUE,""
"exp2","exp2_017","4 NC_CT_Neg_Good_11",5,"4","catch","first_clause",,,,"felicitous","noncanonical",TRUE,""
"exp2","exp2_017","3 NC_Neg_Red_Loc",5,"3","experimental","first_clause","ideophone","reduplication","mismatch","mismatch","noncanonical",TRUE,""
"exp2","exp2_017","3 NC_CT_Aff_Good_12",5,"3","catch","second_clause",,,,"felicitous","noncanonical",TRUE,""
"exp2","exp2_017","1 NC_F_Aff_InDirObj_14",5,"1","filler","second_clause",,,,"indirect_object","noncanonical",TRUE,""
"exp2","exp2_017","4 NC_F_Neg_InDirObj",5,"4","filler","first_clause",,,,"indirect_object","noncanonical",TRUE,""
"exp2","exp2_017","4 NC_F_Neg_DirObj",5,"4","filler","first_clause",,,,"direct_object","noncanonical",TRUE,""
"exp2","exp2_017","6 NC_Aff_Red_Red",5,"6","experimental","second_clause","ideophone","reduplication","match","match","noncanonical",TRUE,""
"exp2","exp2_017","6 NC_Aff_Red_Loc",5,"6","experimental","second_clause","ideophone","reduplication","mismatch","mismatch","noncanonical",TRUE,""
"exp2","exp2_017","1 NC_Aff_Time_Time",5,"1","experimental","second_clause","temporal",,"match","match","noncanonical",TRUE,""
"exp2","exp2_017","1 NC_Aff_Time_Loc",5,"1","experimental","second_clause","temporal",,"mismatch","mismatch","noncanonical",TRUE,""
"exp2","exp2_017","2 NC_Neg_Manner_Loc",5,"2","experimental","first_clause","manner",,"mismatch","mismatch","noncanonical",TRUE,""
"exp2","exp2_017","2 NC_Neg_Manner_Mann",5,"2","experimental","first_clause","manner",,"match","match","noncanonical",TRUE,""
"exp2","exp2_017","4 NC_Aff_Manner_Mann",5,"4","experimental","second_clause","manner",,"match","match","noncanonical",TRUE,""
"exp2","exp2_017","4 NC_Aff_Manner_Loc",5,"4","experimental","second_clause","manner",,"mismatch","mismatch","noncanonical",TRUE,""
"exp2","exp2_018","2 NC_CT_Aff_Bad_4",1,"2","catch","second_clause",,,,"infelicitous","noncanonical",TRUE,""
"exp2","exp2_018","2 NC_CT_Aff_Bad",1,"2","catch","second_clause",,,,"infelicitous","noncanonical",TRUE,""
"exp2","exp2_018","4 NC_CT_Aff_Bad",1,"4","catch","second_clause",,,,"infelicitous","noncanonical",TRUE,""
"exp2","exp2_018","3 NC_CT_Neg_Bad",1,"3","catch","first_clause",,,,"infelicitous","noncanonical",TRUE,""
"exp2","exp2_018","1 NC_Neg_Manner_Loc",2,"1","experimental","first_clause","manner",,"mismatch","mismatch","noncanonical",TRUE,""
"exp2","exp2_018","1 NC_Neg_Manner_Mann",2,"1","experimental","first_clause","manner",,"match","match","noncanonical",TRUE,""
"exp2","exp2_018","3 NC_Aff_Manner_Loc",3,"3","experimental","second_clause","manner",,"mismatch","mismatch","noncanonical",TRUE,""
"exp2","exp2_018","6 NC_Aff_Time_Time",3,"6","experimental","second_clause","temporal",,"match","match","noncanonical",TRUE,""
"exp2","exp2_018","3 NC_F_Neg_DirObj",3,"3","filler","first_clause",,,,"direct_object","noncanonical",TRUE,""
"exp2","exp2_018","3 NC_Aff_Manner_Mann",4,"3","experimental","second_clause","manner",,"match","match","noncanonical",TRUE,""
"exp2","exp2_018","2 NC_Neg_Red_Red",4,"2","experimental","first_clause","ideophone","reduplication","match","match","noncanonical",TRUE,""
"exp2","exp2_018","5 NC_Aff_Red_Red",4,"5","experimental","second_clause","ideophone","reduplication","match","match","noncanonical",TRUE,""
"exp2","exp2_018","2 NC_Neg_Red_Loc",4,"2","experimental","first_clause","ideophone","reduplication","mismatch","mismatch","noncanonical",TRUE,""
"exp2","exp2_018","5 NC_Aff_Red_Loc",4,"5","experimental","second_clause","ideophone","reduplication","mismatch","mismatch","noncanonical",TRUE,""
"exp2","exp2_018","2 NC_F_Aff_DirObj",4,"2","filler","second_clause",,,,"direct_object","noncanonical",TRUE,""
"exp2","exp2_018","3 NC_CT_Neg_Good",5,"3","catch","first_clause",,,,"felicitous","noncanonical",TRUE,""
"exp2","exp2_018","1 NC_CT_Neg_Good",5,"1","catch","first_clause",,,,"felicitous","noncanonical",TRUE,""
"exp2","exp2_018","1 NC_CT_Neg_Good_3",5,"1","catch","first_clause",,,,"felicitous","noncanonical",TRUE,""
"exp2","exp2_018","4 NC_F_Aff_DirObj",5,"4","filler","second_clause",,,,"direct_object","noncanonical",TRUE,""
"exp2","exp2_018","4 NC_F_Aff_InDirObj",5,"4","filler","second_clause",,,,"indirect_object","noncanonical",TRUE,""
"exp2","exp2_018","6 NC_Aff_Time_Loc",5,"6","experimental","second_clause","temporal",,"mismatch","mismatch","noncanonical",TRUE,""
"exp2","exp2_018","3 NC_F_Neg_InDirObj",5,"3","filler","first_clause",,,,"indirect_object","noncanonical",TRUE,""
"exp2","exp2_018","2 NC_F_Aff_InDirObj",5,"2","filler","second_clause",,,,"indirect_object","noncanonical",TRUE,""
"exp2","exp2_018","4 NC_CT_Aff_Good",5,"4","catch","second_clause",,,,"felicitous","noncanonical",TRUE,""
"exp2","exp2_018","1 NC_F_Neg_InDirObj",5,"1","filler","first_clause",,,,"indirect_object","noncanonical",TRUE,""
"exp2","exp2_018","1 NC_F_Neg_DirObj",5,"1","filler","first_clause",,,,"direct_object","noncanonical",TRUE,""
"exp2","exp2_018","4 NC_Neg_Time_Time",5,"4","experimental","first_clause","temporal",,"match","match","noncanonical",TRUE,""
"exp2","exp2_018","4 NC_Neg_Time_Loc",5,"4","experimental","first_clause","temporal",,"mismatch","mismatch","noncanonical",TRUE,""
"exp2","exp2_019","4 NC_CT_Neg_Bad_10",1,"4","catch","first_clause",,,,"infelicitous","noncanonical",TRUE,""
"exp2","exp2_019","2 NC_CT_Neg_Bad_16",1,"2","catch","first_clause",,,,"infelicitous","noncanonical",TRUE,""
"exp2","exp2_019","2 NC_CT_Neg_Bad_17",1,"2","catch","first_clause",,,,"infelicitous","noncanonical",TRUE,""
"exp2","exp2_019","6 NC_Aff_Red_Red",2,"6","experimental","second_clause","ideophone","reduplication","match","match","noncanonical",TRUE,""
"exp2","exp2_019","3 NC_Neg_Red_Red",2,"3","experimental","first_clause","ideophone","reduplication","match","match","noncanonical",TRUE,""
"exp2","exp2_019","2 NC_F_Neg_DirObj_8",2,"2","filler","first_clause",,,,"direct_object","noncanonical",TRUE,""
"exp2","exp2_019","1 NC_CT_Aff_Good_6",2,"1","catch","second_clause",,,,"felicitous","noncanonical",TRUE,""
"exp2","exp2_019","1 NC_CT_Aff_Good_5",3,"1","catch","second_clause",,,,"felicitous","noncanonical",TRUE,""
"exp2","exp2_019","5 NC_Neg_Time_Loc",3,"5","experimental","first_clause","temporal",,"mismatch","mismatch","noncanonical",TRUE,""
"exp2","exp2_019","4 NC_Aff_Manner_Loc",3,"4","experimental","second_clause","manner",,"mismatch","mismatch","noncanonical",TRUE,""
"exp2","exp2_019","3 NC_CT_Aff_Bad_13",3,"3","catch","second_clause",,,,"infelicitous","noncanonical",TRUE,""
"exp2","exp2_019","3 NC_CT_Aff_Good_12",4,"3","catch","second_clause",,,,"felicitous","noncanonical",TRUE,""
"exp2","exp2_019","3 NC_Neg_Red_Loc",4,"3","experimental","first_clause","ideophone","reduplication","mismatch","mismatch","noncanonical",TRUE,""
"exp2","exp2_019","3 NC_F_Aff_DirObj_9",4,"3","filler","second_clause",,,,"direct_object","noncanonical",TRUE,""
"exp2","exp2_019","1 NC_F_Aff_InDirObj_14",4,"1","filler","second_clause",,,,"indirect_object","noncanonical",TRUE,""
"exp2","exp2_019","4 NC_F_Neg_DirObj",4,"4","filler","first_clause",,,,"direct_object","noncanonical",TRUE,""
"exp2","exp2_019","6 NC_Aff_Red_Loc",4,"6","experimental","second_clause","ideophone","reduplication","mismatch","mismatch","noncanonical",TRUE,""
"exp2","exp2_019","1 NC_Aff_Time_Time",4,"1","experimental","second_clause","temporal",,"match","match","noncanonical",TRUE,""
"exp2","exp2_019","4 NC_Aff_Manner_Mann",4,"4","experimental","second_clause","manner",,"match","match","noncanonical",TRUE,""
"exp2","exp2_019","2 NC_Neg_Manner_Loc",4,"2","experimental","first_clause","manner",,"mismatch","mismatch","noncanonical",TRUE,""
"exp2","exp2_019","2 NC_Neg_Manner_Mann",5,"2","experimental","first_clause","manner",,"match","match","noncanonical",TRUE,""
"exp2","exp2_019","1 NC_Aff_Time_Loc",5,"1","experimental","second_clause","temporal",,"mismatch","mismatch","noncanonical",TRUE,""
"exp2","exp2_019","4 NC_F_Neg_InDirObj",5,"4","filler","first_clause",,,,"indirect_object","noncanonical",TRUE,""
"exp2","exp2_019","1 NC_F_Aff_DirObj_15",5,"1","filler","second_clause",,,,"direct_object","noncanonical",TRUE,""
"exp2","exp2_019","4 NC_CT_Neg_Good_11",5,"4","catch","first_clause",,,,"felicitous","noncanonical",TRUE,""
"exp2","exp2_019","3 NC_F_Aff_InDirObj",5,"3","filler","second_clause",,,,"indirect_object","noncanonical",TRUE,""
"exp2","exp2_019","2 NC_F_Neg_InDirObj_7",5,"2","filler","first_clause",,,,"indirect_object","noncanonical",TRUE,""
"exp2","exp2_019","5 NC_Neg_Time_Time",5,"5","experimental","first_clause","temporal",,"match","match","noncanonical",TRUE,""
"exp2","exp2_020","3 NC_CT_Neg_Bad_46",1,"3","catch","first_clause",,,,"infelicitous","noncanonical",TRUE,""
"exp2","exp2_020","4 NC_CT_Aff_Bad_45",1,"4","catch","second_clause",,,,"infelicitous","noncanonical",TRUE,""
"exp2","exp2_020","2 NC_CT_Neg_Bad_38",1,"2","catch","first_clause",,,,"infelicitous","noncanonical",TRUE,""
"exp2","exp2_020","2 NC_CT_Neg_Bad_39",1,"2","catch","first_clause",,,,"infelicitous","noncanonical",TRUE,""
"exp2","exp2_020","5 NC_Neg_Red_Red",2,"5","experimental","first_clause","ideophone","reduplication","match","match","noncanonical",TRUE,""
"exp2","exp2_020","4 NC_Neg_Manner_Mann",2,"4","experimental","first_clause","manner",,"match","match","noncanonical",TRUE,""
"exp2","exp2_020","5 NC_Neg_Red_Loc",3,"5","experimental","first_clause","ideophone","reduplication","mismatch","mismatch","noncanonical",TRUE,""
"exp2","exp2_020","6 NC_Aff_Manner_Mann",3,"6","experimental","second_clause","manner",,"match","match","noncanonical",TRUE,""
"exp2","exp2_020","3 NC_Aff_Time_Time",3,"3","experimental","second_clause","temporal",,"match","match","noncanonical",TRUE,""
"exp2","exp2_020","3 NC_Aff_Time_Loc",3,"3","experimental","second_clause","temporal",,"mismatch","mismatch","noncanonical",TRUE,""
"exp2","exp2_020","2 NC_Aff_Red_Loc",3,"2","experimental","second_clause","ideophone","reduplication","mismatch","mismatch","noncanonical",TRUE,""
"exp2","exp2_020","6 NC_Aff_Manner_Loc",4,"6","experimental","second_clause","manner",,"mismatch","mismatch","noncanonical",TRUE,""
"exp2","exp2_020","4 NC_F_Aff_DirObj_41",4,"4","filler","second_clause",,,,"direct_object","noncanonical",TRUE,""
"exp2","exp2_020","2 NC_Aff_Red_Red",4,"2","experimental","second_clause","ideophone","reduplication","match","match","noncanonical",TRUE,""
"exp2","exp2_020","1 NC_F_Aff_InDirObj_43",4,"1","filler","second_clause",,,,"indirect_object","noncanonical",TRUE,""
"exp2","exp2_020","4 NC_Neg_Manner_Loc",4,"4","experimental","first_clause","manner",,"mismatch","mismatch","noncanonical",TRUE,""
"exp2","exp2_020","1 NC_Neg_Time_Time",4,"1","experimental","first_clause","temporal",,"match","match","noncanonical",TRUE,""
"exp2","exp2_020","3 NC_F_Neg_DirObj_37",4,"3","filler","first_clause",,,,"direct_object","noncanonical",TRUE,""
"exp2","exp2_020","2 NC_F_Neg_DirObj_49",4,"2","filler","first_clause",,,,"direct_object","noncanonical",TRUE,""
"exp2","exp2_020","1 NC_CT_Aff_Good_34",5,"1","catch","second_clause",,,,"felicitous","noncanonical",TRUE,""
"exp2","exp2_020","1 NC_CT_Aff_Good_35",5,"1","catch","second_clause",,,,"felicitous","noncanonical",TRUE,""
"exp2","exp2_020","1 NC_Neg_Time_Loc",5,"1","experimental","first_clause","temporal",,"mismatch","mismatch","noncanonical",TRUE,""
"exp2","exp2_020","3 NC_F_Neg_InDirObj_36",5,"3","filler","first_clause",,,,"indirect_object","noncanonical",TRUE,""
"exp2","exp2_020","4 NC_F_Aff_InDirObj_40",5,"4","filler","second_clause",,,,"indirect_object","noncanonical",TRUE,""
"exp2","exp2_020","1 NC_F_Aff_DirObj_42",5,"1","filler","second_clause",,,,"direct_object","noncanonical",TRUE,""
"exp2","exp2_020","4 NC_CT_Aff_Good_44",5,"4","catch","second_clause",,,,"felicitous","noncanonical",TRUE,""
"exp2","exp2_020","3 NC_CT_Neg_Good_47",5,"3","catch","first_clause",,,,"felicitous","noncanonical",TRUE,""
"exp2","exp2_020","2 NC_F_Neg_InDirObj_48",5,"2","filler","first_clause",,,,"indirect_object","noncanonical",TRUE,""
"exp2","exp2_021","3 NC_CT_Aff_Bad",1,"3","catch","second_clause",,,,"infelicitous","noncanonical",TRUE,""
"exp2","exp2_021","4 NC_CT_Neg_Bad",1,"4","catch","first_clause",,,,"infelicitous","noncanonical",TRUE,""
"exp2","exp2_021","2 NC_CT_Neg_Bad_1",2,"2","catch","first_clause",,,,"infelicitous","noncanonical",TRUE,""
"exp2","exp2_021","2 NC_CT_Neg_Bad",2,"2","catch","first_clause",,,,"infelicitous","noncanonical",TRUE,""
"exp2","exp2_021","3 NC_Neg_Time_Time",2,"3","experimental","first_clause","temporal",,"match","match","noncanonical",TRUE,""
"exp2","exp2_021","4_NC_F_Neg_DirObj",2,"4","filler","first_clause",,,,"direct_object","noncanonical",TRUE,""
"exp2","exp2_021","2 NC_Aff_Manner_Mann",2,"2","experimental","second_clause","manner",,"match","match","noncanonical",TRUE,""
"exp2","exp2_021","1 NC_Neg_Red_Loc",2,"1","experimental","first_clause","ideophone","reduplication","mismatch","mismatch","noncanonical",TRUE,""
"exp2","exp2_021","5 NC_Aff_Time_Loc",2,"5","experimental","second_clause","temporal",,"mismatch","mismatch","noncanonical",TRUE,""
"exp2","exp2_021","6 NC_Neg_Manner_Loc",4,"6","experimental","first_clause","manner",,"mismatch","mismatch","noncanonical",TRUE,""
"exp2","exp2_021","2 NC_F_Neg_InDirObj",4,"2","filler","first_clause",,,,"indirect_object","noncanonical",TRUE,""
"exp2","exp2_021","1 NC_F_Aff_InDirObj",4,"1","filler","second_clause",,,,"indirect_object","noncanonical",TRUE,""
"exp2","exp2_021","1 NC_CT_Aff_Good_2",4,"1","catch","second_clause",,,,"felicitous","noncanonical",TRUE,""
"exp2","exp2_021","4 NC_Aff_Red_Red",4,"4","experimental","second_clause","ideophone","reduplication","match","match","noncanonical",TRUE,""
"exp2","exp2_021","4 NC_Aff_Red_Loc",4,"4","experimental","second_clause","ideophone","reduplication","mismatch","mismatch","noncanonical",TRUE,""
"exp2","exp2_021","2 NC_F_Neg_DirObj",4,"2","filler","first_clause",,,,"direct_object","noncanonical",TRUE,""
"exp2","exp2_021","6 NC_Neg_Manner_Mann",5,"6","experimental","first_clause","manner",,"match","match","noncanonical",TRUE,""
"exp2","exp2_021","3 NC_CT_Aff_Good",5,"3","catch","second_clause",,,,"felicitous","noncanonical",TRUE,""
"exp2","exp2_021","3 NC_F_Aff_DirObj",5,"3","filler","second_clause",,,,"direct_object","noncanonical",TRUE,""
"exp2","exp2_021","3 NC_F_Aff_InDirOb",5,"3","filler","second_clause",,,,"indirect_object","noncanonical",TRUE,""
"exp2","exp2_021","3 NC_Neg_Time_Loc",5,"3","experimental","first_clause","temporal",,"mismatch","mismatch","noncanonical",TRUE,""
"exp2","exp2_021","4 NC_CT_Neg_Good",5,"4","catch","first_clause",,,,"felicitous","noncanonical",TRUE,""
"exp2","exp2_021","5 NC_Aff_Time_Time",5,"5","experimental","second_clause","temporal",,"match","match","noncanonical",TRUE,""
"exp2","exp2_021","1 NC_CT_Aff_Good",5,"1","catch","second_clause",,,,"felicitous","noncanonical",TRUE,""
"exp2","exp2_021","1 NC_F_Aff_DirObj",5,"1","filler","second_clause",,,,"direct_object","noncanonical",TRUE,""
"exp2","exp2_021","4_NC_F_Neg_InDirObj",5,"4","filler","first_clause",,,,"indirect_object","noncanonical",TRUE,""
"exp2","exp2_021","2 NC_Aff_Manner_Loc",5,"2","experimental","second_clause","manner",,"mismatch","mismatch","noncanonical",TRUE,""
"exp2","exp2_021","1 NC_Neg_Red_Red",5,"1","experimental","first_clause","ideophone","reduplication","match","match","noncanonical",TRUE,""
"exp2","exp2_022","4 NC_CT_Neg_Bad_52",1,"4","catch","first_clause",,,,"infelicitous","noncanonical",TRUE,""
"exp2","exp2_022","3 NC_F_Neg_DirObj_55",1,"3","filler","first_clause",,,,"direct_object","noncanonical",TRUE,""
"exp2","exp2_022","2 NC_CT_Aff_Bad_62",1,"2","catch","second_clause",,,,"infelicitous","noncanonical",TRUE,""
"exp2","exp2_022","2 NC_CT_Aff_Bad_63",1,"2","catch","second_clause",,,,"infelicitous","noncanonical",TRUE,""
"exp2","exp2_022","1 NC_Aff_Manner_Mann",1,"1","experimental","second_clause","manner",,"match","match","noncanonical",TRUE,""
"exp2","exp2_022","3 NC_Aff_Red_Red",1,"3","experimental","second_clause","ideophone","reduplication","match","match","noncanonical",TRUE,""
"exp2","exp2_022","3 NC_CT_Neg_Bad_51",1,"3","catch","first_clause",,,,"infelicitous","noncanonical",TRUE,""
"exp2","exp2_022","5 NC_Neg_Manner_Mann",1,"5","experimental","first_clause","manner",,"match","match","noncanonical",TRUE,""
"exp2","exp2_022","6 NC_Neg_Red_Loc",2,"6","experimental","first_clause","ideophone","reduplication","mismatch","mismatch","noncanonical",TRUE,""
"exp2","exp2_022","1 NC_F_Aff_DirObj_56",2,"1","filler","second_clause",,,,"direct_object","noncanonical",TRUE,""
"exp2","exp2_022","6 NC_Neg_Red_Red",2,"6","experimental","first_clause","ideophone","reduplication","match","match","noncanonical",TRUE,""
"exp2","exp2_022","3 NC_CT_Neg_Good_50",5,"3","catch","first_clause",,,,"felicitous","noncanonical",TRUE,""
"exp2","exp2_022","5 NC_Neg_Manner_Loc",5,"5","experimental","first_clause","manner",,"mismatch","mismatch","noncanonical",TRUE,""
"exp2","exp2_022","3 NC_Aff_Red_Loc",5,"3","experimental","second_clause","ideophone","reduplication","mismatch","mismatch","noncanonical",TRUE,""
"exp2","exp2_022","4 NC_CT_Neg_Good_53",5,"4","catch","first_clause",,,,"felicitous","noncanonical",TRUE,""
"exp2","exp2_022","3 NC_F_Neg_InDirObj_54",5,"3","filler","first_clause",,,,"indirect_object","noncanonical",TRUE,""
"exp2","exp2_022","1 NC_F_Aff_InDirObj_57",5,"1","filler","second_clause",,,,"indirect_object","noncanonical",TRUE,""
"exp2","exp2_022","2 NC_F_Aff_InDirObj_58",5,"2","filler","second_clause",,,,"indirect_object","noncanonical",TRUE,""
"exp2","exp2_022","2 NC_F_Aff_DirObj_59",5,"2","filler","second_clause",,,,"direct_object","noncanonical",TRUE,""
"exp2","exp2_022","1 NC_CT_Aff_Good_60",5,"1","catch","second_clause",,,,"felicitous","noncanonical",TRUE,""
"exp2","exp2_022","1 NC_CT_Aff_Good_61",5,"1","catch","second_clause",,,,"felicitous","noncanonical",TRUE,""
"exp2","exp2_022","2 NC_Neg_Time_Time",5,"2","experimental","first_clause","temporal",,"match","match","noncanonical",TRUE,""
"exp2","exp2_022","2 NC_Neg_Time_Loc",5,"2","experimental","first_clause","temporal",,"mismatch","mismatch","noncanonical",TRUE,""
"exp2","exp2_022","4 NC_Aff_Time_Loc",5,"4","experimental","second_clause","temporal",,"mismatch","mismatch","noncanonical",TRUE,""
"exp2","exp2_022","4 NC_Aff_Time_Time",5,"4","experimental","second_clause","temporal",,"match","match","noncanonical",TRUE,""
"exp2","exp2_022","1 NC_Aff_Manner_Loc",5,"1","experimental","second_clause","manner",,"mismatch","mismatch","noncanonical",TRUE,""
"exp2","exp2_022","4 NC_F_Neg_InDirObj_64",5,"4","filler","first_clause",,,,"indirect_object","noncanonical",TRUE,""
"exp2","exp2_022","4 NC_F_Neg_DirObj_65",5,"4","filler","first_clause",,,,"direct_object","noncanonical",TRUE,""
"exp2","exp2_023","3 NC_F_Neg_DirObj_55",1,"3","filler","first_clause",,,,"direct_object","noncanonical",TRUE,""
"exp2","exp2_023","4 NC_CT_Neg_Bad_52",1,"4","catch","first_clause",,,,"infelicitous","noncanonical",TRUE,""
"exp2","exp2_023","5 NC_Neg_Manner_Mann",1,"5","experimental","first_clause","manner",,"match","match","noncanonical",TRUE,""
"exp2","exp2_023","3 NC_CT_Neg_Bad_51",1,"3","catch","first_clause",,,,"infelicitous","noncanonical",TRUE,""
"exp2","exp2_023","2 NC_CT_Aff_Bad_63",1,"2","catch","second_clause",,,,"infelicitous","noncanonical",TRUE,""
"exp2","exp2_023","2 NC_CT_Aff_Bad_62",1,"2","catch","second_clause",,,,"infelicitous","noncanonical",TRUE,""
"exp2","exp2_023","1 NC_F_Aff_DirObj_56",1,"1","filler","second_clause",,,,"direct_object","noncanonical",TRUE,""
"exp2","exp2_023","4 NC_F_Neg_DirObj_65",2,"4","filler","first_clause",,,,"direct_object","noncanonical",TRUE,""
"exp2","exp2_023","1 NC_Aff_Manner_Mann",2,"1","experimental","second_clause","manner",,"match","match","noncanonical",TRUE,""
"exp2","exp2_023","2 NC_Neg_Time_Time",2,"2","experimental","first_clause","temporal",,"match","match","noncanonical",TRUE,""
"exp2","exp2_023","2 NC_F_Aff_DirObj_59",2,"2","filler","second_clause",,,,"direct_object","noncanonical",TRUE,""
"exp2","exp2_023","6 NC_Neg_Red_Red",2,"6","experimental","first_clause","ideophone","reduplication","match","match","noncanonical",TRUE,""
"exp2","exp2_023","3 NC_Aff_Red_Red",2,"3","experimental","second_clause","ideophone","reduplication","match","match","noncanonical",TRUE,""
"exp2","exp2_023","4 NC_Aff_Time_Time",4,"4","experimental","second_clause","temporal",,"match","match","noncanonical",TRUE,""
"exp2","exp2_023","1 NC_Aff_Manner_Loc",4,"1","experimental","second_clause","manner",,"mismatch","mismatch","noncanonical",TRUE,""
"exp2","exp2_023","5 NC_Neg_Manner_Loc",4,"5","experimental","first_clause","manner",,"mismatch","mismatch","noncanonical",TRUE,""
"exp2","exp2_023","4 NC_F_Neg_InDirObj_64",5,"4","filler","first_clause",,,,"indirect_object","noncanonical",TRUE,""
"exp2","exp2_023","4 NC_Aff_Time_Loc",5,"4","experimental","second_clause","temporal",,"mismatch","mismatch","noncanonical",TRUE,""
"exp2","exp2_023","2 NC_Neg_Time_Loc",5,"2","experimental","first_clause","temporal",,"mismatch","mismatch","noncanonical",TRUE,""
"exp2","exp2_023","1 NC_CT_Aff_Good_61",5,"1","catch","second_clause",,,,"felicitous","noncanonical",TRUE,""
"exp2","exp2_023","1 NC_CT_Aff_Good_60",5,"1","catch","second_clause",,,,"felicitous","noncanonical",TRUE,""
"exp2","exp2_023","2 NC_F_Aff_InDirObj_58",5,"2","filler","second_clause",,,,"indirect_object","noncanonical",TRUE,""
"exp2","exp2_023","1 NC_F_Aff_InDirObj_57",5,"1","filler","second_clause",,,,"indirect_object","noncanonical",TRUE,""
"exp2","exp2_023","6 NC_Neg_Red_Loc",5,"6","experimental","first_clause","ideophone","reduplication","mismatch","mismatch","noncanonical",TRUE,""
"exp2","exp2_023","3 NC_F_Neg_InDirObj_54",5,"3","filler","first_clause",,,,"indirect_object","noncanonical",TRUE,""
"exp2","exp2_023","4 NC_CT_Neg_Good_53",5,"4","catch","first_clause",,,,"felicitous","noncanonical",TRUE,""
"exp2","exp2_023","3 NC_Aff_Red_Loc",5,"3","experimental","second_clause","ideophone","reduplication","mismatch","mismatch","noncanonical",TRUE,""
"exp2","exp2_023","3 NC_CT_Neg_Good_50",5,"3","catch","first_clause",,,,"felicitous","noncanonical",TRUE,""
"exp2","exp2_024","4 NC_CT_Aff_Bad_45",1,"4","catch","second_clause",,,,"infelicitous","noncanonical",TRUE,""
"exp2","exp2_024","3 NC_CT_Neg_Bad_46",1,"3","catch","first_clause",,,,"infelicitous","noncanonical",TRUE,""
"exp2","exp2_024","2 NC_CT_Neg_Bad_38",1,"2","catch","first_clause",,,,"infelicitous","noncanonical",TRUE,""
"exp2","exp2_024","2 NC_CT_Neg_Bad_39",1,"2","catch","first_clause",,,,"infelicitous","noncanonical",TRUE,""
"exp2","exp2_024","4 NC_CT_Aff_Good_44",5,"4","catch","second_clause",,,,"felicitous","noncanonical",TRUE,""
"exp2","exp2_024","3 NC_CT_Neg_Good_47",5,"3","catch","first_clause",,,,"felicitous","noncanonical",TRUE,""
"exp2","exp2_024","2 NC_F_Neg_InDirObj_48",5,"2","filler","first_clause",,,,"indirect_object","noncanonical",TRUE,""
"exp2","exp2_024","2 NC_F_Neg_DirObj_49",5,"2","filler","first_clause",,,,"direct_object","noncanonical",TRUE,""
"exp2","exp2_024","4 NC_Neg_Manner_Mann",5,"4","experimental","first_clause","manner",,"match","match","noncanonical",TRUE,""
"exp2","exp2_024","4 NC_Neg_Manner_Loc",5,"4","experimental","first_clause","manner",,"mismatch","mismatch","noncanonical",TRUE,""
"exp2","exp2_024","1 NC_F_Aff_InDirObj_43",5,"1","filler","second_clause",,,,"indirect_object","noncanonical",TRUE,""
"exp2","exp2_024","1 NC_F_Aff_DirObj_42",5,"1","filler","second_clause",,,,"direct_object","noncanonical",TRUE,""
"exp2","exp2_024","1 NC_CT_Aff_Good_34",5,"1","catch","second_clause",,,,"felicitous","noncanonical",TRUE,""
"exp2","exp2_024","1 NC_CT_Aff_Good_35",5,"1","catch","second_clause",,,,"felicitous","noncanonical",TRUE,""
"exp2","exp2_024","2 NC_Aff_Red_Loc",5,"2","experimental","second_clause","ideophone","reduplication","mismatch","mismatch","noncanonical",TRUE,""
"exp2","exp2_024","2 NC_Aff_Red_Red",5,"2","experimental","second_clause","ideophone","reduplication","match","match","noncanonical",TRUE,""
"exp2","exp2_024","3 NC_Aff_Time_Loc",5,"3","experimental","second_clause","temporal",,"mismatch","mismatch","noncanonical",TRUE,""
"exp2","exp2_024","3 NC_Aff_Time_Time",5,"3","experimental","second_clause","temporal",,"match","match","noncanonical",TRUE,""
"exp2","exp2_024","4 NC_F_Aff_DirObj_41",5,"4","filler","second_clause",,,,"direct_object","noncanonical",TRUE,""
"exp2","exp2_024","4 NC_F_Aff_InDirObj_40",5,"4","filler","second_clause",,,,"indirect_object","noncanonical",TRUE,""
"exp2","exp2_024","5 NC_Neg_Red_Red",5,"5","experimental","first_clause","ideophone","reduplication","match","match","noncanonical",TRUE,""
"exp2","exp2_024","6 NC_Aff_Manner_Loc",5,"6","experimental","second_clause","manner",,"mismatch","mismatch","noncanonical",TRUE,""
"exp2","exp2_024","6 NC_Aff_Manner_Mann",5,"6","experimental","second_clause","manner",,"match","match","noncanonical",TRUE,""
"exp2","exp2_024","3 NC_F_Neg_DirObj_37",5,"3","filler","first_clause",,,,"direct_object","noncanonical",TRUE,""
"exp2","exp2_024","3 NC_F_Neg_InDirObj_36",5,"3","filler","first_clause",,,,"indirect_object","noncanonical",TRUE,""
"exp2","exp2_024","1 NC_Neg_Time_Time",5,"1","experimental","first_clause","temporal",,"match","match","noncanonical",TRUE,""
"exp2","exp2_024","1 NC_Neg_Time_Loc",5,"1","experimental","first_clause","temporal",,"mismatch","mismatch","noncanonical",TRUE,""
"exp2","exp2_024","5 NC_Neg_Red_Loc",5,"5","experimental","first_clause","ideophone","reduplication","mismatch","mismatch","noncanonical",TRUE,""
"exp2","exp2_025","4 NC_Aff_Manner_Loc",1,"4","experimental","second_clause","manner",,"mismatch","mismatch","noncanonical",TRUE,""
"exp2","exp2_025","2 NC_F_Neg_DirObj_8",1,"2","filler","first_clause",,,,"direct_object","noncanonical",TRUE,""
"exp2","exp2_025","6 NC_Aff_Red_Red",1,"6","experimental","second_clause","ideophone","reduplication","match","match","noncanonical",TRUE,""
"exp2","exp2_025","4 NC_CT_Neg_Bad_10",1,"4","catch","first_clause",,,,"infelicitous","noncanonical",TRUE,""
"exp2","exp2_025","3 NC_Neg_Red_Red",1,"3","experimental","first_clause","ideophone","reduplication","match","match","noncanonical",TRUE,""
"exp2","exp2_025","3 NC_CT_Aff_Bad_13",1,"3","catch","second_clause",,,,"infelicitous","noncanonical",TRUE,""
"exp2","exp2_025","2 NC_CT_Neg_Bad_16",1,"2","catch","first_clause",,,,"infelicitous","noncanonical",TRUE,""
"exp2","exp2_025","2 NC_CT_Neg_Bad_17",1,"2","catch","first_clause",,,,"infelicitous","noncanonical",TRUE,""
"exp2","exp2_025","4 NC_F_Neg_DirObj",2,"4","filler","first_clause",,,,"direct_object","noncanonical",TRUE,""
"exp2","exp2_025","1 NC_Aff_Time_Loc",2,"1","experimental","second_clause","temporal",,"mismatch","mismatch","noncanonical",TRUE,""
"exp2","exp2_025","4 NC_Aff_Manner_Mann",3,"4","experimental","second_clause","manner",,"match","match","noncanonical",TRUE,""
"exp2","exp2_025","1 NC_Aff_Time_Time",3,"1","experimental","second_clause","temporal",,"match","match","noncanonical",TRUE,""
"exp2","exp2_025","1 NC_F_Aff_InDirObj_14",3,"1","filler","second_clause",,,,"indirect_object","noncanonical",TRUE,""
"exp2","exp2_025","2 NC_Neg_Manner_Loc",4,"2","experimental","first_clause","manner",,"mismatch","mismatch","noncanonical",TRUE,""
"exp2","exp2_025","3 NC_F_Aff_InDirObj",4,"3","filler","second_clause",,,,"indirect_object","noncanonical",TRUE,""
"exp2","exp2_025","5 NC_Neg_Time_Time",5,"5","experimental","first_clause","temporal",,"match","match","noncanonical",TRUE,""
"exp2","exp2_025","5 NC_Neg_Time_Loc",5,"5","experimental","first_clause","temporal",,"mismatch","mismatch","noncanonical",TRUE,""
"exp2","exp2_025","1 NC_CT_Aff_Good_5",5,"1","catch","second_clause",,,,"felicitous","noncanonical",TRUE,""
"exp2","exp2_025","1 NC_CT_Aff_Good_6",5,"1","catch","second_clause",,,,"felicitous","noncanonical",TRUE,""
"exp2","exp2_025","2 NC_F_Neg_InDirObj_7",5,"2","filler","first_clause",,,,"indirect_object","noncanonical",TRUE,""
"exp2","exp2_025","3 NC_F_Aff_DirObj_9",5,"3","filler","second_clause",,,,"direct_object","noncanonical",TRUE,""
"exp2","exp2_025","4 NC_CT_Neg_Good_11",5,"4","catch","first_clause",,,,"felicitous","noncanonical",TRUE,""
"exp2","exp2_025","3 NC_Neg_Red_Loc",5,"3","experimental","first_clause","ideophone","reduplication","mismatch","mismatch","noncanonical",TRUE,""
"exp2","exp2_025","3 NC_CT_Aff_Good_12",5,"3","catch","second_clause",,,,"felicitous","noncanonical",TRUE,""
"exp2","exp2_025","1 NC_F_Aff_DirObj_15",5,"1","filler","second_clause",,,,"direct_object","noncanonical",TRUE,""
"exp2","exp2_025","4 NC_F_Neg_InDirObj",5,"4","filler","first_clause",,,,"indirect_object","noncanonical",TRUE,""
"exp2","exp2_025","6 NC_Aff_Red_Loc",5,"6","experimental","second_clause","ideophone","reduplication","mismatch","mismatch","noncanonical",TRUE,""
"exp2","exp2_025","2 NC_Neg_Manner_Mann",5,"2","experimental","first_clause","manner",,"match","match","noncanonical",TRUE,""
"exp2","exp2_026","3 NC_CT_Neg_Bad",1,"3","catch","first_clause",,,,"infelicitous","noncanonical",TRUE,""
"exp2","exp2_026","2 NC_CT_Aff_Bad",1,"2","catch","second_clause",,,,"infelicitous","noncanonical",TRUE,""
"exp2","exp2_026","2 NC_CT_Aff_Bad_4",1,"2","catch","second_clause",,,,"infelicitous","noncanonical",TRUE,""
"exp2","exp2_026","4 NC_CT_Aff_Bad",1,"4","catch","second_clause",,,,"infelicitous","noncanonical",TRUE,""
"exp2","exp2_026","1 NC_F_Neg_DirObj",2,"1","filler","first_clause",,,,"direct_object","noncanonical",TRUE,""
"exp2","exp2_026","2 NC_F_Aff_DirObj",4,"2","filler","second_clause",,,,"direct_object","noncanonical",TRUE,""
"exp2","exp2_026","4 NC_CT_Aff_Good",4,"4","catch","second_clause",,,,"felicitous","noncanonical",TRUE,""
"exp2","exp2_026","1 NC_Neg_Manner_Mann",4,"1","experimental","first_clause","manner",,"match","match","noncanonical",TRUE,""
"exp2","exp2_026","2 NC_Neg_Red_Loc",4,"2","experimental","first_clause","ideophone","reduplication","mismatch","mismatch","noncanonical",TRUE,""
"exp2","exp2_026","2 NC_Neg_Red_Red",4,"2","experimental","first_clause","ideophone","reduplication","match","match","noncanonical",TRUE,""
"exp2","exp2_026","5 NC_Aff_Red_Red",4,"5","experimental","second_clause","ideophone","reduplication","match","match","noncanonical",TRUE,""
"exp2","exp2_026","5 NC_Aff_Red_Loc",4,"5","experimental","second_clause","ideophone","reduplication","mismatch","mismatch","noncanonical",TRUE,""
"exp2","exp2_026","2 NC_F_Aff_InDirObj",5,"2","filler","second_clause",,,,"indirect_object","noncanonical",TRUE,""
"exp2","exp2_026","3 NC_F_Neg_DirObj",5,"3","filler","first_clause",,,,"direct_object","noncanonical",TRUE,""
"exp2","exp2_026","3 NC_F_Neg_InDirObj",5,"3","filler","first_clause",,,,"indirect_object","noncanonical",TRUE,""
"exp2","exp2_026","6 NC_Aff_Time_Loc",5,"6","experimental","second_clause","temporal",,"mismatch","mismatch","noncanonical",TRUE,""
"exp2","exp2_026","6 NC_Aff_Time_Time",5,"6","experimental","second_clause","temporal",,"match","match","noncanonical",TRUE,""
"exp2","exp2_026","3 NC_Aff_Manner_Mann",5,"3","experimental","second_clause","manner",,"match","match","noncanonical",TRUE,""
"exp2","exp2_026","3 NC_Aff_Manner_Loc",5,"3","experimental","second_clause","manner",,"mismatch","mismatch","noncanonical",TRUE,""
"exp2","exp2_026","4 NC_F_Aff_InDirObj",5,"4","filler","second_clause",,,,"indirect_object","noncanonical",TRUE,""
"exp2","exp2_026","4 NC_F_Aff_DirObj",5,"4","filler","second_clause",,,,"direct_object","noncanonical",TRUE,""
"exp2","exp2_026","1 NC_CT_Neg_Good_3",5,"1","catch","first_clause",,,,"felicitous","noncanonical",TRUE,""
"exp2","exp2_026","1 NC_Neg_Manner_Loc",5,"1","experimental","first_clause","manner",,"mismatch","mismatch","noncanonical",TRUE,""
"exp2","exp2_026","1 NC_CT_Neg_Good",5,"1","catch","first_clause",,,,"felicitous","noncanonical",TRUE,""
"exp2","exp2_026","3 NC_CT_Neg_Good",5,"3","catch","first_clause",,,,"felicitous","noncanonical",TRUE,""
"exp2","exp2_026","1 NC_F_Neg_InDirObj",5,"1","filler","first_clause",,,,"indirect_object","noncanonical",TRUE,""
"exp2","exp2_026","4 NC_Neg_Time_Loc",5,"4","experimental","first_clause","temporal",,"mismatch","mismatch","noncanonical",TRUE,""
"exp2","exp2_026","4 NC_Neg_Time_Time",5,"4","experimental","first_clause","temporal",,"match","match","noncanonical",TRUE,""
"exp2","exp2_027","2 NC_CT_Aff_Bad_31",1,"2","catch","second_clause",,,,"infelicitous","noncanonical",TRUE,""
"exp2","exp2_027","3 NC_Neg_Manner_Mann",1,"3","experimental","first_clause","manner",,"match","match","noncanonical",TRUE,""
"exp2","exp2_027","3 NC_Neg_Manner_Loc",1,"3","experimental","first_clause","manner",,"mismatch","mismatch","noncanonical",TRUE,""
"exp2","exp2_027","2 NC_CT_Aff_Bad_30",1,"2","catch","second_clause",,,,"infelicitous","noncanonical",TRUE,""
"exp2","exp2_027","4 NC_F_Aff_DirObj_18",1,"4","filler","second_clause",,,,"direct_object","noncanonical",TRUE,""
"exp2","exp2_027","4 NC_CT_Aff_Bad_23",1,"4","catch","second_clause",,,,"infelicitous","noncanonical",TRUE,""
"exp2","exp2_027","6 NC_Neg_Time_Time",1,"6","experimental","first_clause","temporal",,"match","match","noncanonical",TRUE,""
"exp2","exp2_027","6 NC_Neg_Time_Loc",1,"6","experimental","first_clause","temporal",,"mismatch","mismatch","noncanonical",TRUE,""
"exp2","exp2_027","3 NC_CT_Neg_Bad_20",1,"3","catch","first_clause",,,,"infelicitous","noncanonical",TRUE,""
"exp2","exp2_027","2 NC_F_Aff_InDirObj_32",2,"2","filler","second_clause",,,,"indirect_object","noncanonical",TRUE,""
"exp2","exp2_027","1 NC_Aff_Red_Loc",2,"1","experimental","second_clause","ideophone","reduplication","mismatch","mismatch","noncanonical",TRUE,""
"exp2","exp2_027","1 NC_Aff_Red_Red",2,"1","experimental","second_clause","ideophone","reduplication","match","match","noncanonical",TRUE,""
"exp2","exp2_027","4 NC_Neg_Red_Red",2,"4","experimental","first_clause","ideophone","reduplication","match","match","noncanonical",TRUE,""
"exp2","exp2_027","4 NC_Neg_Red_Loc",2,"4","experimental","first_clause","ideophone","reduplication","mismatch","mismatch","noncanonical",TRUE,""
"exp2","exp2_027","2 NC_Aff_Time_Time",2,"2","experimental","second_clause","temporal",,"match","match","noncanonical",TRUE,""
"exp2","exp2_027","3 NC_CT_Neg_Good_21",2,"3","catch","first_clause",,,,"felicitous","noncanonical",TRUE,""
"exp2","exp2_027","2 NC_F_Aff_DirObj_33",2,"2","filler","second_clause",,,,"direct_object","noncanonical",TRUE,""
"exp2","exp2_027","3 NC_F_Neg_DirObj_25",4,"3","filler","first_clause",,,,"direct_object","noncanonical",TRUE,""
"exp2","exp2_027","5 NC_Aff_Manner_Loc",4,"5","experimental","second_clause","manner",,"mismatch","mismatch","noncanonical",TRUE,""
"exp2","exp2_027","5 NC_Aff_Manner_Mann",4,"5","experimental","second_clause","manner",,"match","match","noncanonical",TRUE,""
"exp2","exp2_027","1 NC_CT_Neg_Good_28",4,"1","catch","first_clause",,,,"felicitous","noncanonical",TRUE,""
"exp2","exp2_027","4 NC_CT_Aff_Good_22",4,"4","catch","second_clause",,,,"felicitous","noncanonical",TRUE,""
"exp2","exp2_027","3 NC_F_Neg_InDirObj_24",4,"3","filler","first_clause",,,,"indirect_object","noncanonical",TRUE,""
"exp2","exp2_027","2 NC_Aff_Time_Loc",4,"2","experimental","second_clause","temporal",,"mismatch","mismatch","noncanonical",TRUE,""
"exp2","exp2_027","4 NC_F_Aff_InDirObj_19",5,"4","filler","second_clause",,,,"indirect_object","noncanonical",TRUE,""
"exp2","exp2_027","1 NC_F_Neg_InDirObj_27",5,"1","filler","first_clause",,,,"indirect_object","noncanonical",TRUE,""
"exp2","exp2_027","1 NC_F_Neg_DirObj_26",5,"1","filler","first_clause",,,,"direct_object","noncanonical",TRUE,""
"exp2","exp2_027","1 NC_CT_Neg_Good_29",5,"1","catch","first_clause",,,,"felicitous","noncanonical",TRUE,""
"exp2","exp2_028","4 NC_CT_Aff_Bad",1,"4","catch","second_clause",,,,"infelicitous","noncanonical",TRUE,""
"exp2","exp2_028","2 NC_CT_Aff_Bad_4",1,"2","catch","second_clause",,,,"infelicitous","noncanonical",TRUE,""
"exp2","exp2_028","2 NC_CT_Aff_Bad",1,"2","catch","second_clause",,,,"infelicitous","noncanonical",TRUE,""
"exp2","exp2_028","3 NC_CT_Neg_Bad",1,"3","catch","first_clause",,,,"infelicitous","noncanonical",TRUE,""
"exp2","exp2_028","2 NC_Neg_Red_Red",2,"2","experimental","first_clause","ideophone","reduplication","match","match","noncanonical",TRUE,""
"exp2","exp2_028","1 NC_Neg_Manner_Loc",2,"1","experimental","first_clause","manner",,"mismatch","mismatch","noncanonical",TRUE,""
"exp2","exp2_028","1 NC_Neg_Manner_Mann",2,"1","experimental","first_clause","manner",,"match","match","noncanonical",TRUE,""
"exp2","exp2_028","5 NC_Aff_Red_Red",2,"5","experimental","second_clause","ideophone","reduplication","match","match","noncanonical",TRUE,""
"exp2","exp2_028","2 NC_F_Aff_DirObj",4,"2","filler","second_clause",,,,"direct_object","noncanonical",TRUE,""
"exp2","exp2_028","2 NC_F_Aff_InDirObj",4,"2","filler","second_clause",,,,"indirect_object","noncanonical",TRUE,""
"exp2","exp2_028","3 NC_CT_Neg_Good",4,"3","catch","first_clause",,,,"felicitous","noncanonical",TRUE,""
"exp2","exp2_028","3 NC_Aff_Manner_Loc",4,"3","experimental","second_clause","manner",,"mismatch","mismatch","noncanonical",TRUE,""
"exp2","exp2_028","5 NC_Aff_Red_Loc",4,"5","experimental","second_clause","ideophone","reduplication","mismatch","mismatch","noncanonical",TRUE,""
"exp2","exp2_028","4 NC_Neg_Time_Loc",4,"4","experimental","first_clause","temporal",,"mismatch","mismatch","noncanonical",TRUE,""
"exp2","exp2_028","1 NC_CT_Neg_Good",5,"1","catch","first_clause",,,,"felicitous","noncanonical",TRUE,""
"exp2","exp2_028","1 NC_CT_Neg_Good_3",5,"1","catch","first_clause",,,,"felicitous","noncanonical",TRUE,""
"exp2","exp2_028","4 NC_F_Aff_DirObj",5,"4","filler","second_clause",,,,"direct_object","noncanonical",TRUE,""
"exp2","exp2_028","4 NC_F_Aff_InDirObj",5,"4","filler","second_clause",,,,"indirect_object","noncanonical",TRUE,""
"exp2","exp2_028","3 NC_Aff_Manner_Mann",5,"3","experimental","second_clause","manner",,"match","match","noncanonical",TRUE,""
"exp2","exp2_028","6 NC_Aff_Time_Time",5,"6","experimental","second_clause","temporal",,"match","match","noncanonical",TRUE,""
"exp2","exp2_028","6 NC_Aff_Time_Loc",5,"6","experimental","second_clause","temporal",,"mismatch","mismatch","noncanonical",TRUE,""
"exp2","exp2_028","3 NC_F_Neg_InDirObj",5,"3","filler","first_clause",,,,"indirect_object","noncanonical",TRUE,""
"exp2","exp2_028","3 NC_F_Neg_DirObj",5,"3","filler","first_clause",,,,"direct_object","noncanonical",TRUE,""
"exp2","exp2_028","4 NC_CT_Aff_Good",5,"4","catch","second_clause",,,,"felicitous","noncanonical",TRUE,""
"exp2","exp2_028","1 NC_F_Neg_DirObj",5,"1","filler","first_clause",,,,"direct_object","noncanonical",TRUE,""
"exp2","exp2_028","2 NC_Neg_Red_Loc",5,"2","experimental","first_clause","ideophone","reduplication","mismatch","mismatch","noncanonical",TRUE,""
"exp2","exp2_028","4 NC_Neg_Time_Time",5,"4","experimental","first_clause","temporal",,"match","match","noncanonical",TRUE,""
"exp2","exp2_028","1 NC_F_Neg_InDirObj",5,"1","filler","first_clause",,,,"indirect_object","noncanonical",TRUE,""
"exp2","exp2_029","4 NC_CT_Neg_Bad",1,"4","catch","first_clause",,,,"infelicitous","noncanonical",TRUE,""
"exp2","exp2_029","2 NC_CT_Neg_Bad_1",1,"2","catch","first_clause",,,,"infelicitous","noncanonical",TRUE,""
"exp2","exp2_029","2 NC_CT_Neg_Bad",1,"2","catch","first_clause",,,,"infelicitous","noncanonical",TRUE,""
"exp2","exp2_029","3 NC_Neg_Time_Time",1,"3","experimental","first_clause","temporal",,"match","match","noncanonical",TRUE,""
"exp2","exp2_029","3 NC_CT_Aff_Bad",1,"3","catch","second_clause",,,,"infelicitous","noncanonical",TRUE,""
"exp2","exp2_029","4 NC_Aff_Red_Red",2,"4","experimental","second_clause","ideophone","reduplication","match","match","noncanonical",TRUE,""
"exp2","exp2_029","2 NC_Aff_Manner_Mann",2,"2","experimental","second_clause","manner",,"match","match","noncanonical",TRUE,""
"exp2","exp2_029","6 NC_Neg_Manner_Loc",4,"6","experimental","first_clause","manner",,"mismatch","mismatch","noncanonical",TRUE,""
"exp2","exp2_029","1 NC_CT_Aff_Good",4,"1","catch","second_clause",,,,"felicitous","noncanonical",TRUE,""
"exp2","exp2_029","3 NC_F_Aff_DirObj",4,"3","filler","second_clause",,,,"direct_object","noncanonical",TRUE,""
"exp2","exp2_029","3 NC_F_Aff_InDirOb",4,"3","filler","second_clause",,,,"indirect_object","noncanonical",TRUE,""
"exp2","exp2_029","1 NC_Neg_Red_Loc",4,"1","experimental","first_clause","ideophone","reduplication","mismatch","mismatch","noncanonical",TRUE,""
"exp2","exp2_029","2 NC_F_Neg_DirObj",4,"2","filler","first_clause",,,,"direct_object","noncanonical",TRUE,""
"exp2","exp2_029","4 NC_Aff_Red_Loc",5,"4","experimental","second_clause","ideophone","reduplication","mismatch","mismatch","noncanonical",TRUE,""
"exp2","exp2_029","2 NC_F_Neg_InDirObj",5,"2","filler","first_clause",,,,"indirect_object","noncanonical",TRUE,""
"exp2","exp2_029","3 NC_CT_Aff_Good",5,"3","catch","second_clause",,,,"felicitous","noncanonical",TRUE,""
"exp2","exp2_029","3 NC_Neg_Time_Loc",5,"3","experimental","first_clause","temporal",,"mismatch","mismatch","noncanonical",TRUE,""
"exp2","exp2_029","4 NC_CT_Neg_Good",5,"4","catch","first_clause",,,,"felicitous","noncanonical",TRUE,""
"exp2","exp2_029","5 NC_Aff_Time_Loc",5,"5","experimental","second_clause","temporal",,"mismatch","mismatch","noncanonical",TRUE,""
"exp2","exp2_029","5 NC_Aff_Time_Time",5,"5","experimental","second_clause","temporal",,"match","match","noncanonical",TRUE,""
"exp2","exp2_029","1 NC_CT_Aff_Good_2",5,"1","catch","second_clause",,,,"felicitous","noncanonical",TRUE,""
"exp2","exp2_029","1 NC_F_Aff_InDirObj",5,"1","filler","second_clause",,,,"indirect_object","noncanonical",TRUE,""
"exp2","exp2_029","1 NC_F_Aff_DirObj",5,"1","filler","second_clause",,,,"direct_object","noncanonical",TRUE,""
"exp2","exp2_029","4_NC_F_Neg_DirObj",5,"4","filler","first_clause",,,,"direct_object","noncanonical",TRUE,""
"exp2","exp2_029","4_NC_F_Neg_InDirObj",5,"4","filler","first_clause",,,,"indirect_object","noncanonical",TRUE,""
"exp2","exp2_029","2 NC_Aff_Manner_Loc",5,"2","experimental","second_clause","manner",,"mismatch","mismatch","noncanonical",TRUE,""
"exp2","exp2_029","6 NC_Neg_Manner_Mann",5,"6","experimental","first_clause","manner",,"match","match","noncanonical",TRUE,""
"exp2","exp2_029","1 NC_Neg_Red_Red",5,"1","experimental","first_clause","ideophone","reduplication","match","match","noncanonical",TRUE,""
"exp2","exp2_030","3 NC_CT_Neg_Bad",1,"3","catch","first_clause",,,,"infelicitous","noncanonical",TRUE,""
"exp2","exp2_030","4 NC_CT_Aff_Bad",1,"4","catch","second_clause",,,,"infelicitous","noncanonical",TRUE,""
"exp2","exp2_030","2 NC_CT_Aff_Bad",1,"2","catch","second_clause",,,,"infelicitous","noncanonical",TRUE,""
"exp2","exp2_030","2 NC_CT_Aff_Bad_4",1,"2","catch","second_clause",,,,"infelicitous","noncanonical",TRUE,""
"exp2","exp2_030","1 NC_Neg_Manner_Mann",2,"1","experimental","first_clause","manner",,"match","match","noncanonical",TRUE,""
"exp2","exp2_030","1 NC_Neg_Manner_Loc",2,"1","experimental","first_clause","manner",,"mismatch","mismatch","noncanonical",TRUE,""
"exp2","exp2_030","3 NC_F_Neg_DirObj",4,"3","filler","first_clause",,,,"direct_object","noncanonical",TRUE,""
"exp2","exp2_030","2 NC_Neg_Red_Red",4,"2","experimental","first_clause","ideophone","reduplication","match","match","noncanonical",TRUE,""
"exp2","exp2_030","3 NC_Aff_Manner_Loc",4,"3","experimental","second_clause","manner",,"mismatch","mismatch","noncanonical",TRUE,""
"exp2","exp2_030","4 NC_F_Aff_InDirObj",4,"4","filler","second_clause",,,,"indirect_object","noncanonical",TRUE,""
"exp2","exp2_030","5 NC_Aff_Red_Red",4,"5","experimental","second_clause","ideophone","reduplication","match","match","noncanonical",TRUE,""
"exp2","exp2_030","3 NC_CT_Neg_Good",5,"3","catch","first_clause",,,,"felicitous","noncanonical",TRUE,""
"exp2","exp2_030","1 NC_CT_Neg_Good",5,"1","catch","first_clause",,,,"felicitous","noncanonical",TRUE,""
"exp2","exp2_030","1 NC_CT_Neg_Good_3",5,"1","catch","first_clause",,,,"felicitous","noncanonical",TRUE,""
"exp2","exp2_030","4 NC_F_Aff_DirObj",5,"4","filler","second_clause",,,,"direct_object","noncanonical",TRUE,""
"exp2","exp2_030","3 NC_Aff_Manner_Mann",5,"3","experimental","second_clause","manner",,"match","match","noncanonical",TRUE,""
"exp2","exp2_030","6 NC_Aff_Time_Time",5,"6","experimental","second_clause","temporal",,"match","match","noncanonical",TRUE,""
"exp2","exp2_030","6 NC_Aff_Time_Loc",5,"6","experimental","second_clause","temporal",,"mismatch","mismatch","noncanonical",TRUE,""
"exp2","exp2_030","3 NC_F_Neg_InDirObj",5,"3","filler","first_clause",,,,"indirect_object","noncanonical",TRUE,""
"exp2","exp2_030","2 NC_F_Aff_DirObj",5,"2","filler","second_clause",,,,"direct_object","noncanonical",TRUE,""
"exp2","exp2_030","2 NC_F_Aff_InDirObj",5,"2","filler","second_clause",,,,"indirect_object","noncanonical",TRUE,""
"exp2","exp2_030","4 NC_CT_Aff_Good",5,"4","catch","second_clause",,,,"felicitous","noncanonical",TRUE,""
"exp2","exp2_030","1 NC_F_Neg_InDirObj",5,"1","filler","first_clause",,,,"indirect_object","noncanonical",TRUE,""
"exp2","exp2_030","1 NC_F_Neg_DirObj",5,"1","filler","first_clause",,,,"direct_object","noncanonical",TRUE,""
"exp2","exp2_030","2 NC_Neg_Red_Loc",5,"2","experimental","first_clause","ideophone","reduplication","mismatch","mismatch","noncanonical",TRUE,""
"exp2","exp2_030","5 NC_Aff_Red_Loc",5,"5","experimental","second_clause","ideophone","reduplication","mismatch","mismatch","noncanonical",TRUE,""
"exp2","exp2_030","4 NC_Neg_Time_Loc",5,"4","experimental","first_clause","temporal",,"mismatch","mismatch","noncanonical",TRUE,""
"exp2","exp2_030","4 NC_Neg_Time_Time",5,"4","experimental","first_clause","temporal",,"match","match","noncanonical",TRUE,""
"exp2","exp2_031","2 NC_F_Neg_DirObj_8",1,"2","filler","first_clause",,,,"direct_object","noncanonical",TRUE,""
"exp2","exp2_031","4 NC_CT_Neg_Bad_10",1,"4","catch","first_clause",,,,"infelicitous","noncanonical",TRUE,""
"exp2","exp2_031","3 NC_CT_Aff_Bad_13",1,"3","catch","second_clause",,,,"infelicitous","noncanonical",TRUE,""
"exp2","exp2_031","1 NC_Aff_Time_Time",1,"1","experimental","second_clause","temporal",,"match","match","noncanonical",TRUE,""
"exp2","exp2_031","2 NC_CT_Neg_Bad_16",1,"2","catch","first_clause",,,,"infelicitous","noncanonical",TRUE,""
"exp2","exp2_031","2 NC_CT_Neg_Bad_17",1,"2","catch","first_clause",,,,"infelicitous","noncanonical",TRUE,""
"exp2","exp2_031","2 NC_Neg_Manner_Loc",1,"2","experimental","first_clause","manner",,"mismatch","mismatch","noncanonical",TRUE,""
"exp2","exp2_031","3 NC_Neg_Red_Loc",1,"3","experimental","first_clause","ideophone","reduplication","mismatch","mismatch","noncanonical",TRUE,""
"exp2","exp2_031","4 NC_Aff_Manner_Mann",1,"4","experimental","second_clause","manner",,"match","match","noncanonical",TRUE,""
"exp2","exp2_031","4 NC_F_Neg_DirObj",1,"4","filler","first_clause",,,,"direct_object","noncanonical",TRUE,""
"exp2","exp2_031","6 NC_Aff_Red_Red",1,"6","experimental","second_clause","ideophone","reduplication","match","match","noncanonical",TRUE,""
"exp2","exp2_031","3 NC_F_Aff_InDirObj",2,"3","filler","second_clause",,,,"indirect_object","noncanonical",TRUE,""
"exp2","exp2_031","1 NC_F_Aff_DirObj_15",2,"1","filler","second_clause",,,,"direct_object","noncanonical",TRUE,""
"exp2","exp2_031","5 NC_Neg_Time_Loc",2,"5","experimental","first_clause","temporal",,"mismatch","mismatch","noncanonical",TRUE,""
"exp2","exp2_031","1 NC_CT_Aff_Good_6",3,"1","catch","second_clause",,,,"felicitous","noncanonical",TRUE,""
"exp2","exp2_031","1 NC_CT_Aff_Good_5",4,"1","catch","second_clause",,,,"felicitous","noncanonical",TRUE,""
"exp2","exp2_031","5 NC_Neg_Time_Time",4,"5","experimental","first_clause","temporal",,"match","match","noncanonical",TRUE,""
"exp2","exp2_031","2 NC_Neg_Manner_Mann",5,"2","experimental","first_clause","manner",,"match","match","noncanonical",TRUE,""
"exp2","exp2_031","4 NC_Aff_Manner_Loc",5,"4","experimental","second_clause","manner",,"mismatch","mismatch","noncanonical",TRUE,""
"exp2","exp2_031","2 NC_F_Neg_InDirObj_7",5,"2","filler","first_clause",,,,"indirect_object","noncanonical",TRUE,""
"exp2","exp2_031","3 NC_F_Aff_DirObj_9",5,"3","filler","second_clause",,,,"direct_object","noncanonical",TRUE,""
"exp2","exp2_031","4 NC_CT_Neg_Good_11",5,"4","catch","first_clause",,,,"felicitous","noncanonical",TRUE,""
"exp2","exp2_031","3 NC_Neg_Red_Red",5,"3","experimental","first_clause","ideophone","reduplication","match","match","noncanonical",TRUE,""
"exp2","exp2_031","3 NC_CT_Aff_Good_12",5,"3","catch","second_clause",,,,"felicitous","noncanonical",TRUE,""
"exp2","exp2_031","1 NC_F_Aff_InDirObj_14",5,"1","filler","second_clause",,,,"indirect_object","noncanonical",TRUE,""
"exp2","exp2_031","4 NC_F_Neg_InDirObj",5,"4","filler","first_clause",,,,"indirect_object","noncanonical",TRUE,""
"exp2","exp2_031","6 NC_Aff_Red_Loc",5,"6","experimental","second_clause","ideophone","reduplication","mismatch","mismatch","noncanonical",TRUE,""
"exp2","exp2_031","1 NC_Aff_Time_Loc",5,"1","experimental","second_clause","temporal",,"mismatch","mismatch","noncanonical",TRUE,""
"exp2","exp2_032","2 NC_CT_Aff_Bad_30",1,"2","catch","second_clause",,,,"infelicitous","noncanonical",TRUE,""
"exp2","exp2_032","2 NC_CT_Aff_Bad_31",1,"2","catch","second_clause",,,,"infelicitous","noncanonical",TRUE,""
"exp2","exp2_032","3 NC_CT_Neg_Bad_20",1,"3","catch","first_clause",,,,"infelicitous","noncanonical",TRUE,""
"exp2","exp2_032","4 NC_CT_Aff_Bad_23",1,"4","catch","second_clause",,,,"infelicitous","noncanonical",TRUE,""
"exp2","exp2_032","3 NC_Neg_Manner_Loc",4,"3","experimental","first_clause","manner",,"mismatch","mismatch","noncanonical",TRUE,""
"exp2","exp2_032","6 NC_Neg_Time_Loc",4,"6","experimental","first_clause","temporal",,"mismatch","mismatch","noncanonical",TRUE,""
"exp2","exp2_032","1 NC_F_Neg_DirObj_26",4,"1","filler","first_clause",,,,"direct_object","noncanonical",TRUE,""
"exp2","exp2_032","5 NC_Aff_Manner_Loc",4,"5","experimental","second_clause","manner",,"mismatch","mismatch","noncanonical",TRUE,""
"exp2","exp2_032","4 NC_Neg_Red_Red",4,"4","experimental","first_clause","ideophone","reduplication","match","match","noncanonical",TRUE,""
"exp2","exp2_032","3 NC_Neg_Manner_Mann",5,"3","experimental","first_clause","manner",,"match","match","noncanonical",TRUE,""
"exp2","exp2_032","4 NC_F_Aff_DirObj_18",5,"4","filler","second_clause",,,,"direct_object","noncanonical",TRUE,""
"exp2","exp2_032","4 NC_F_Aff_InDirObj_19",5,"4","filler","second_clause",,,,"indirect_object","noncanonical",TRUE,""
"exp2","exp2_032","3 NC_CT_Neg_Good_21",5,"3","catch","first_clause",,,,"felicitous","noncanonical",TRUE,""
"exp2","exp2_032","6 NC_Neg_Time_Time",5,"6","experimental","first_clause","temporal",,"match","match","noncanonical",TRUE,""
"exp2","exp2_032","4 NC_CT_Aff_Good_22",5,"4","catch","second_clause",,,,"felicitous","noncanonical",TRUE,""
"exp2","exp2_032","2 NC_Aff_Time_Time",5,"2","experimental","second_clause","temporal",,"match","match","noncanonical",TRUE,""
"exp2","exp2_032","2 NC_Aff_Time_Loc",5,"2","experimental","second_clause","temporal",,"mismatch","mismatch","noncanonical",TRUE,""
"exp2","exp2_032","3 NC_F_Neg_InDirObj_24",5,"3","filler","first_clause",,,,"indirect_object","noncanonical",TRUE,""
"exp2","exp2_032","3 NC_F_Neg_DirObj_25",5,"3","filler","first_clause",,,,"direct_object","noncanonical",TRUE,""
"exp2","exp2_032","4 NC_Neg_Red_Loc",5,"4","experimental","first_clause","ideophone","reduplication","mismatch","mismatch","noncanonical",TRUE,""
"exp2","exp2_032","5 NC_Aff_Manner_Mann",5,"5","experimental","second_clause","manner",,"match","match","noncanonical",TRUE,""
"exp2","exp2_032","1 NC_Aff_Red_Red",5,"1","experimental","second_clause","ideophone","reduplication","match","match","noncanonical",TRUE,""
"exp2","exp2_032","1 NC_F_Neg_InDirObj_27",5,"1","filler","first_clause",,,,"indirect_object","noncanonical",TRUE,""
"exp2","exp2_032","1 NC_CT_Neg_Good_28",5,"1","catch","first_clause",,,,"felicitous","noncanonical",TRUE,""
"exp2","exp2_032","1 NC_CT_Neg_Good_29",5,"1","catch","first_clause",,,,"felicitous","noncanonical",TRUE,""
"exp2","exp2_032","2 NC_F_Aff_InDirObj_32",5,"2","filler","second_clause",,,,"indirect_object","noncanonical",TRUE,""
"exp2","exp2_032","2 NC_F_Aff_DirObj_33",5,"2","filler","second_clause",,,,"direct_object","noncanonical",TRUE,""
"exp2","exp2_032","1 NC_Aff_Red_Loc",5,"1","experimental","second_clause","ideophone","reduplication","mismatch","mismatch","noncanonical",TRUE,""
"exp2","exp2_033","2 NC_CT_Aff_Bad_31",1,"2","catch","second_clause",,,,"infelicitous","noncanonical",TRUE,""
"exp2","exp2_033","2 NC_CT_Aff_Bad_30",1,"2","catch","second_clause",,,,"infelicitous","noncanonical",TRUE,""
"exp2","exp2_033","3 NC_CT_Neg_Bad_20",1,"3","catch","first_clause",,,,"infelicitous","noncanonical",TRUE,""
"exp2","exp2_033","3 NC_Neg_Manner_Mann",1,"3","experimental","first_clause","manner",,"match","match","noncanonical",TRUE,""
"exp2","exp2_033","4 NC_CT_Aff_Bad_23",1,"4","catch","second_clause",,,,"infelicitous","noncanonical",TRUE,""
"exp2","exp2_033","4 NC_Neg_Red_Red",2,"4","experimental","first_clause","ideophone","reduplication","match","match","noncanonical",TRUE,""
"exp2","exp2_033","6 NC_Neg_Time_Time",2,"6","experimental","first_clause","temporal",,"match","match","noncanonical",TRUE,""
"exp2","exp2_033","6 NC_Neg_Time_Loc",2,"6","experimental","first_clause","temporal",,"mismatch","mismatch","noncanonical",TRUE,""
"exp2","exp2_033","3 NC_F_Neg_DirObj_25",4,"3","filler","first_clause",,,,"direct_object","noncanonical",TRUE,""
"exp2","exp2_033","1 NC_F_Neg_DirObj_26",4,"1","filler","first_clause",,,,"direct_object","noncanonical",TRUE,""
"exp2","exp2_033","1 NC_Aff_Red_Loc",4,"1","experimental","second_clause","ideophone","reduplication","mismatch","mismatch","noncanonical",TRUE,""
"exp2","exp2_033","4 NC_Neg_Red_Loc",4,"4","experimental","first_clause","ideophone","reduplication","mismatch","mismatch","noncanonical",TRUE,""
"exp2","exp2_033","5 NC_Aff_Manner_Loc",4,"5","experimental","second_clause","manner",,"mismatch","mismatch","noncanonical",TRUE,""
"exp2","exp2_033","2 NC_F_Aff_DirObj_33",4,"2","filler","second_clause",,,,"direct_object","noncanonical",TRUE,""
"exp2","exp2_033","1 NC_Aff_Red_Red",4,"1","experimental","second_clause","ideophone","reduplication","match","match","noncanonical",TRUE,""
"exp2","exp2_033","4 NC_F_Aff_InDirObj_19",4,"4","filler","second_clause",,,,"indirect_object","noncanonical",TRUE,""
"exp2","exp2_033","2 NC_F_Aff_InDirObj_32",5,"2","filler","second_clause",,,,"indirect_object","noncanonical",TRUE,""
"exp2","exp2_033","1 NC_CT_Neg_Good_29",5,"1","catch","first_clause",,,,"felicitous","noncanonical",TRUE,""
"exp2","exp2_033","1 NC_CT_Neg_Good_28",5,"1","catch","first_clause",,,,"felicitous","noncanonical",TRUE,""
"exp2","exp2_033","1 NC_F_Neg_InDirObj_27",5,"1","filler","first_clause",,,,"indirect_object","noncanonical",TRUE,""
"exp2","exp2_033","5 NC_Aff_Manner_Mann",5,"5","experimental","second_clause","manner",,"match","match","noncanonical",TRUE,""
"exp2","exp2_033","3 NC_F_Neg_InDirObj_24",5,"3","filler","first_clause",,,,"indirect_object","noncanonical",TRUE,""
"exp2","exp2_033","2 NC_Aff_Time_Loc",5,"2","experimental","second_clause","temporal",,"mismatch","mismatch","noncanonical",TRUE,""
"exp2","exp2_033","2 NC_Aff_Time_Time",5,"2","experimental","second_clause","temporal",,"match","match","noncanonical",TRUE,""
"exp2","exp2_033","4 NC_CT_Aff_Good_22",5,"4","catch","second_clause",,,,"felicitous","noncanonical",TRUE,""
"exp2","exp2_033","3 NC_CT_Neg_Good_21",5,"3","catch","first_clause",,,,"felicitous","noncanonical",TRUE,""
"exp2","exp2_033","4 NC_F_Aff_DirObj_18",5,"4","filler","second_clause",,,,"direct_object","noncanonical",TRUE,""
"exp2","exp2_033","3 NC_Neg_Manner_Loc",5,"3","experimental","first_clause","manner",,"mismatch","mismatch","noncanonical",TRUE,""
"exp2","exp2_034","4 NC_CT_Neg_Bad",1,"4","catch","first_clause",,,,"infelicitous","noncanonical",TRUE,""
"exp2","exp2_034","2 NC_CT_Neg_Bad_1",1,"2","catch","first_clause",,,,"infelicitous","noncanonical",TRUE,""
"exp2","exp2_034","2 NC_CT_Neg_Bad",1,"2","catch","first_clause",,,,"infelicitous","noncanonical",TRUE,""
"exp2","exp2_034","3 NC_CT_Aff_Bad",1,"3","catch","second_clause",,,,"infelicitous","noncanonical",TRUE,""
"exp2","exp2_034","4 NC_Aff_Red_Red",3,"4","experimental","second_clause","ideophone","reduplication","match","match","noncanonical",TRUE,""
"exp2","exp2_034","2 NC_F_Neg_DirObj",3,"2","filler","first_clause",,,,"direct_object","noncanonical",TRUE,""
"exp2","exp2_034","1 NC_F_Aff_DirObj",3,"1","filler","second_clause",,,,"direct_object","noncanonical",TRUE,""
"exp2","exp2_034","3 NC_Neg_Time_Time",3,"3","experimental","first_clause","temporal",,"match","match","noncanonical",TRUE,""
"exp2","exp2_034","5 NC_Aff_Time_Time",4,"5","experimental","second_clause","temporal",,"match","match","noncanonical",TRUE,""
"exp2","exp2_034","5 NC_Aff_Time_Loc",4,"5","experimental","second_clause","temporal",,"mismatch","mismatch","noncanonical",TRUE,""
"exp2","exp2_034","4_NC_F_Neg_DirObj",4,"4","filler","first_clause",,,,"direct_object","noncanonical",TRUE,""
"exp2","exp2_034","6 NC_Neg_Manner_Mann",4,"6","experimental","first_clause","manner",,"match","match","noncanonical",TRUE,""
"exp2","exp2_034","2 NC_Aff_Manner_Mann",4,"2","experimental","second_clause","manner",,"match","match","noncanonical",TRUE,""
"exp2","exp2_034","1 NC_Neg_Red_Red",4,"1","experimental","first_clause","ideophone","reduplication","match","match","noncanonical",TRUE,""
"exp2","exp2_034","3 NC_F_Aff_DirObj",4,"3","filler","second_clause",,,,"direct_object","noncanonical",TRUE,""
"exp2","exp2_034","1 NC_F_Aff_InDirObj",5,"1","filler","second_clause",,,,"indirect_object","noncanonical",TRUE,""
"exp2","exp2_034","3 NC_F_Aff_InDirOb",5,"3","filler","second_clause",,,,"indirect_object","noncanonical",TRUE,""
"exp2","exp2_034","3 NC_Neg_Time_Loc",5,"3","experimental","first_clause","temporal",,"mismatch","mismatch","noncanonical",TRUE,""
"exp2","exp2_034","4 NC_CT_Neg_Good",5,"4","catch","first_clause",,,,"felicitous","noncanonical",TRUE,""
"exp2","exp2_034","1 NC_CT_Aff_Good",5,"1","catch","second_clause",,,,"felicitous","noncanonical",TRUE,""
"exp2","exp2_034","1 NC_CT_Aff_Good_2",5,"1","catch","second_clause",,,,"felicitous","noncanonical",TRUE,""
"exp2","exp2_034","4_NC_F_Neg_InDirObj",5,"4","filler","first_clause",,,,"indirect_object","noncanonical",TRUE,""
"exp2","exp2_034","2 NC_Aff_Manner_Loc",5,"2","experimental","second_clause","manner",,"mismatch","mismatch","noncanonical",TRUE,""
"exp2","exp2_034","6 NC_Neg_Manner_Loc",5,"6","experimental","first_clause","manner",,"mismatch","mismatch","noncanonical",TRUE,""
"exp2","exp2_034","1 NC_Neg_Red_Loc",5,"1","experimental","first_clause","ideophone","reduplication","mismatch","mismatch","noncanonical",TRUE,""
"exp2","exp2_034","2 NC_F_Neg_InDirObj",5,"2","filler","first_clause",,,,"indirect_object","noncanonical",TRUE,""
"exp2","exp2_034","4 NC_Aff_Red_Loc",5,"4","experimental","second_clause","ideophone","reduplication","mismatch","mismatch","noncanonical",TRUE,""
"exp2","exp2_034","3 NC_CT_Aff_Good",5,"3","catch","second_clause",,,,"felicitous","noncanonical",TRUE,""
"exp2","exp2_035","6 NC_Neg_Time_Loc",1,"6","experimental","first_clause","temporal",,"mismatch","mismatch","noncanonical",TRUE,""
"exp2","exp2_035","6 NC_Neg_Time_Time",1,"6","experimental","first_clause","temporal",,"match","match","noncanonical",TRUE,""
"exp2","exp2_035","4 NC_CT_Aff_Bad_23",1,"4","catch","second_clause",,,,"infelicitous","noncanonical",TRUE,""
"exp2","exp2_035","3 NC_CT_Neg_Bad_20",1,"3","catch","first_clause",,,,"infelicitous","noncanonical",TRUE,""
"exp2","exp2_035","2 NC_CT_Aff_Bad_30",1,"2","catch","second_clause",,,,"infelicitous","noncanonical",TRUE,""
"exp2","exp2_035","2 NC_CT_Aff_Bad_31",1,"2","catch","second_clause",,,,"infelicitous","noncanonical",TRUE,""
"exp2","exp2_035","4 NC_Neg_Red_Red",2,"4","experimental","first_clause","ideophone","reduplication","match","match","noncanonical",TRUE,""
"exp2","exp2_035","3 NC_F_Neg_DirObj_25",2,"3","filler","first_clause",,,,"direct_object","noncanonical",TRUE,""
"exp2","exp2_035","2 NC_Aff_Time_Time",2,"2","experimental","second_clause","temporal",,"match","match","noncanonical",TRUE,""
"exp2","exp2_035","3 NC_Neg_Manner_Mann",4,"3","experimental","first_clause","manner",,"match","match","noncanonical",TRUE,""
"exp2","exp2_035","1 NC_F_Neg_DirObj_26",4,"1","filler","first_clause",,,,"direct_object","noncanonical",TRUE,""
"exp2","exp2_035","1 NC_Aff_Red_Red",4,"1","experimental","second_clause","ideophone","reduplication","match","match","noncanonical",TRUE,""
"exp2","exp2_035","5 NC_Aff_Manner_Mann",4,"5","experimental","second_clause","manner",,"match","match","noncanonical",TRUE,""
"exp2","exp2_035","2 NC_F_Aff_DirObj_33",4,"2","filler","second_clause",,,,"direct_object","noncanonical",TRUE,""
"exp2","exp2_035","3 NC_Neg_Manner_Loc",5,"3","experimental","first_clause","manner",,"mismatch","mismatch","noncanonical",TRUE,""
"exp2","exp2_035","4 NC_F_Aff_DirObj_18",5,"4","filler","second_clause",,,,"direct_object","noncanonical",TRUE,""
"exp2","exp2_035","4 NC_F_Aff_InDirObj_19",5,"4","filler","second_clause",,,,"indirect_object","noncanonical",TRUE,""
"exp2","exp2_035","4 NC_CT_Aff_Good_22",5,"4","catch","second_clause",,,,"felicitous","noncanonical",TRUE,""
"exp2","exp2_035","2 NC_Aff_Time_Loc",5,"2","experimental","second_clause","temporal",,"mismatch","mismatch","noncanonical",TRUE,""
"exp2","exp2_035","3 NC_F_Neg_InDirObj_24",5,"3","filler","first_clause",,,,"indirect_object","noncanonical",TRUE,""
"exp2","exp2_035","4 NC_Neg_Red_Loc",5,"4","experimental","first_clause","ideophone","reduplication","mismatch","mismatch","noncanonical",TRUE,""
"exp2","exp2_035","5 NC_Aff_Manner_Loc",5,"5","experimental","second_clause","manner",,"mismatch","mismatch","noncanonical",TRUE,""
"exp2","exp2_035","1 NC_Aff_Red_Loc",5,"1","experimental","second_clause","ideophone","reduplication","mismatch","mismatch","noncanonical",TRUE,""
"exp2","exp2_035","1 NC_F_Neg_InDirObj_27",5,"1","filler","first_clause",,,,"indirect_object","noncanonical",TRUE,""
"exp2","exp2_035","1 NC_CT_Neg_Good_28",5,"1","catch","first_clause",,,,"felicitous","noncanonical",TRUE,""
"exp2","exp2_035","1 NC_CT_Neg_Good_29",5,"1","catch","first_clause",,,,"felicitous","noncanonical",TRUE,""
"exp2","exp2_035","2 NC_F_Aff_InDirObj_32",5,"2","filler","second_clause",,,,"indirect_object","noncanonical",TRUE,""
"exp2","exp2_035","3 NC_CT_Neg_Good_21",5,"3","catch","first_clause",,,,"felicitous","noncanonical",TRUE,""
"exp2","exp2_036","3 NC_CT_Neg_Bad_46",1,"3","catch","first_clause",,,,"infelicitous","noncanonical",TRUE,""
"exp2","exp2_036","4 NC_CT_Aff_Bad_45",1,"4","catch","second_clause",,,,"infelicitous","noncanonical",TRUE,""
"exp2","exp2_036","2 NC_CT_Neg_Bad_39",1,"2","catch","first_clause",,,,"infelicitous","noncanonical",TRUE,""
"exp2","exp2_036","2 NC_CT_Neg_Bad_38",1,"2","catch","first_clause",,,,"infelicitous","noncanonical",TRUE,""
"exp2","exp2_036","3 NC_Aff_Time_Time",2,"3","experimental","second_clause","temporal",,"match","match","noncanonical",TRUE,""
"exp2","exp2_036","6 NC_Aff_Manner_Mann",2,"6","experimental","second_clause","manner",,"match","match","noncanonical",TRUE,""
"exp2","exp2_036","2 NC_Aff_Red_Loc",3,"2","experimental","second_clause","ideophone","reduplication","mismatch","mismatch","noncanonical",TRUE,""
"exp2","exp2_036","4 NC_Neg_Manner_Loc",3,"4","experimental","first_clause","manner",,"mismatch","mismatch","noncanonical",TRUE,""
"exp2","exp2_036","2 NC_F_Neg_DirObj_49",3,"2","filler","first_clause",,,,"direct_object","noncanonical",TRUE,""
"exp2","exp2_036","4 NC_Neg_Manner_Mann",3,"4","experimental","first_clause","manner",,"match","match","noncanonical",TRUE,""
"exp2","exp2_036","2 NC_Aff_Red_Red",3,"2","experimental","second_clause","ideophone","reduplication","match","match","noncanonical",TRUE,""
"exp2","exp2_036","3 NC_F_Neg_DirObj_37",3,"3","filler","first_clause",,,,"direct_object","noncanonical",TRUE,""
"exp2","exp2_036","3 NC_F_Neg_InDirObj_36",3,"3","filler","first_clause",,,,"indirect_object","noncanonical",TRUE,""
"exp2","exp2_036","1 NC_Neg_Time_Loc",3,"1","experimental","first_clause","temporal",,"mismatch","mismatch","noncanonical",TRUE,""
"exp2","exp2_036","5 NC_Neg_Red_Red",3,"5","experimental","first_clause","ideophone","reduplication","match","match","noncanonical",TRUE,""
"exp2","exp2_036","6 NC_Aff_Manner_Loc",3,"6","experimental","second_clause","manner",,"mismatch","mismatch","noncanonical",TRUE,""
"exp2","exp2_036","5 NC_Neg_Red_Loc",3,"5","experimental","first_clause","ideophone","reduplication","mismatch","mismatch","noncanonical",TRUE,""
"exp2","exp2_036","4 NC_F_Aff_InDirObj_40",4,"4","filler","second_clause",,,,"indirect_object","noncanonical",TRUE,""
"exp2","exp2_036","3 NC_Aff_Time_Loc",4,"3","experimental","second_clause","temporal",,"mismatch","mismatch","noncanonical",TRUE,""
"exp2","exp2_036","1 NC_F_Aff_DirObj_42",4,"1","filler","second_clause",,,,"direct_object","noncanonical",TRUE,""
"exp2","exp2_036","1 NC_F_Aff_InDirObj_43",4,"1","filler","second_clause",,,,"indirect_object","noncanonical",TRUE,""
"exp2","exp2_036","4 NC_CT_Aff_Good_44",4,"4","catch","second_clause",,,,"felicitous","noncanonical",TRUE,""
"exp2","exp2_036","2 NC_F_Neg_InDirObj_48",4,"2","filler","first_clause",,,,"indirect_object","noncanonical",TRUE,""
"exp2","exp2_036","3 NC_CT_Neg_Good_47",4,"3","catch","first_clause",,,,"felicitous","noncanonical",TRUE,""
"exp2","exp2_036","1 NC_CT_Aff_Good_34",4,"1","catch","second_clause",,,,"felicitous","noncanonical",TRUE,""
"exp2","exp2_036","1 NC_CT_Aff_Good_35",4,"1","catch","second_clause",,,,"felicitous","noncanonical",TRUE,""
"exp2","exp2_036","1 NC_Neg_Time_Time",4,"1","experimental","first_clause","temporal",,"match","match","noncanonical",TRUE,""
"exp2","exp2_036","4 NC_F_Aff_DirObj_41",5,"4","filler","second_clause",,,,"direct_object","noncanonical",TRUE,""
"exp2","exp2_037","3 NC_Neg_Manner_Mann",1,"3","experimental","first_clause","manner",,"match","match","noncanonical",TRUE,""
"exp2","exp2_037","3 NC_CT_Neg_Bad_20",1,"3","catch","first_clause",,,,"infelicitous","noncanonical",TRUE,""
"exp2","exp2_037","6 NC_Neg_Time_Loc",1,"6","experimental","first_clause","temporal",,"mismatch","mismatch","noncanonical",TRUE,""
"exp2","exp2_037","6 NC_Neg_Time_Time",1,"6","experimental","first_clause","temporal",,"match","match","noncanonical",TRUE,""
"exp2","exp2_037","3 NC_Neg_Manner_Loc",1,"3","experimental","first_clause","manner",,"mismatch","mismatch","noncanonical",TRUE,""
"exp2","exp2_037","4 NC_CT_Aff_Bad_23",1,"4","catch","second_clause",,,,"infelicitous","noncanonical",TRUE,""
"exp2","exp2_037","2 NC_Aff_Time_Loc",1,"2","experimental","second_clause","temporal",,"mismatch","mismatch","noncanonical",TRUE,""
"exp2","exp2_037","4 NC_Neg_Red_Red",1,"4","experimental","first_clause","ideophone","reduplication","match","match","noncanonical",TRUE,""
"exp2","exp2_037","2 NC_CT_Aff_Bad_30",1,"2","catch","second_clause",,,,"infelicitous","noncanonical",TRUE,""
"exp2","exp2_037","2 NC_CT_Aff_Bad_31",1,"2","catch","second_clause",,,,"infelicitous","noncanonical",TRUE,""
"exp2","exp2_037","1 NC_Aff_Red_Red",2,"1","experimental","second_clause","ideophone","reduplication","match","match","noncanonical",TRUE,""
"exp2","exp2_037","5 NC_Aff_Manner_Mann",2,"5","experimental","second_clause","manner",,"match","match","noncanonical",TRUE,""
"exp2","exp2_037","5 NC_Aff_Manner_Loc",2,"5","experimental","second_clause","manner",,"mismatch","mismatch","noncanonical",TRUE,""
"exp2","exp2_037","2 NC_Aff_Time_Time",2,"2","experimental","second_clause","temporal",,"match","match","noncanonical",TRUE,""
"exp2","exp2_037","4 NC_F_Aff_InDirObj_19",2,"4","filler","second_clause",,,,"indirect_object","noncanonical",TRUE,""
"exp2","exp2_037","3 NC_CT_Neg_Good_21",4,"3","catch","first_clause",,,,"felicitous","noncanonical",TRUE,""
"exp2","exp2_037","1 NC_Aff_Red_Loc",4,"1","experimental","second_clause","ideophone","reduplication","mismatch","mismatch","noncanonical",TRUE,""
"exp2","exp2_037","4 NC_Neg_Red_Loc",4,"4","experimental","first_clause","ideophone","reduplication","mismatch","mismatch","noncanonical",TRUE,""
"exp2","exp2_037","2 NC_F_Aff_DirObj_33",4,"2","filler","second_clause",,,,"direct_object","noncanonical",TRUE,""
"exp2","exp2_037","2 NC_F_Aff_InDirObj_32",4,"2","filler","second_clause",,,,"indirect_object","noncanonical",TRUE,""
"exp2","exp2_037","1 NC_F_Neg_DirObj_26",4,"1","filler","first_clause",,,,"direct_object","noncanonical",TRUE,""
"exp2","exp2_037","1 NC_CT_Neg_Good_28",5,"1","catch","first_clause",,,,"felicitous","noncanonical",TRUE,""
"exp2","exp2_037","1 NC_CT_Neg_Good_29",5,"1","catch","first_clause",,,,"felicitous","noncanonical",TRUE,""
"exp2","exp2_037","1 NC_F_Neg_InDirObj_27",5,"1","filler","first_clause",,,,"indirect_object","noncanonical",TRUE,""
"exp2","exp2_037","3 NC_F_Neg_DirObj_25",5,"3","filler","first_clause",,,,"direct_object","noncanonical",TRUE,""
"exp2","exp2_037","3 NC_F_Neg_InDirObj_24",5,"3","filler","first_clause",,,,"indirect_object","noncanonical",TRUE,""
"exp2","exp2_037","4 NC_F_Aff_DirObj_18",5,"4","filler","second_clause",,,,"direct_object","noncanonical",TRUE,""
"exp2","exp2_037","4 NC_CT_Aff_Good_22",5,"4","catch","second_clause",,,,"felicitous","noncanonical",TRUE,""
"exp2","exp2_038","3 NC_CT_Aff_Bad",1,"3","catch","second_clause",,,,"infelicitous","noncanonical",TRUE,""
"exp2","exp2_038","2 NC_CT_Neg_Bad_1",1,"2","catch","first_clause",,,,"infelicitous","noncanonical",TRUE,""
"exp2","exp2_038","4 NC_CT_Neg_Bad",1,"4","catch","first_clause",,,,"infelicitous","noncanonical",TRUE,""
"exp2","exp2_038","2 NC_CT_Neg_Bad",1,"2","catch","first_clause",,,,"infelicitous","noncanonical",TRUE,""
"exp2","exp2_038","4 NC_Aff_Red_Red",2,"4","experimental","second_clause","ideophone","reduplication","match","match","noncanonical",TRUE,""
"exp2","exp2_038","1 NC_Neg_Red_Red",2,"1","experimental","first_clause","ideophone","reduplication","match","match","noncanonical",TRUE,""
"exp2","exp2_038","1 NC_Neg_Red_Loc",2,"1","experimental","first_clause","ideophone","reduplication","mismatch","mismatch","noncanonical",TRUE,""
"exp2","exp2_038","2 NC_Aff_Manner_Loc",2,"2","experimental","second_clause","manner",,"mismatch","mismatch","noncanonical",TRUE,""
"exp2","exp2_038","2 NC_Aff_Manner_Mann",2,"2","experimental","second_clause","manner",,"match","match","noncanonical",TRUE,""
"exp2","exp2_038","3 NC_CT_Aff_Good",3,"3","catch","second_clause",,,,"felicitous","noncanonical",TRUE,""
"exp2","exp2_038","6 NC_Neg_Manner_Mann",3,"6","experimental","first_clause","manner",,"match","match","noncanonical",TRUE,""
"exp2","exp2_038","3 NC_Neg_Time_Time",3,"3","experimental","first_clause","temporal",,"match","match","noncanonical",TRUE,""
"exp2","exp2_038","4 NC_Aff_Red_Loc",4,"4","experimental","second_clause","ideophone","reduplication","mismatch","mismatch","noncanonical",TRUE,""
"exp2","exp2_038","2 NC_F_Neg_DirObj",4,"2","filler","first_clause",,,,"direct_object","noncanonical",TRUE,""
"exp2","exp2_038","6 NC_Neg_Manner_Loc",4,"6","experimental","first_clause","manner",,"mismatch","mismatch","noncanonical",TRUE,""
"exp2","exp2_038","5 NC_Aff_Time_Loc",4,"5","experimental","second_clause","temporal",,"mismatch","mismatch","noncanonical",TRUE,""
"exp2","exp2_038","3 NC_F_Aff_DirObj",5,"3","filler","second_clause",,,,"direct_object","noncanonical",TRUE,""
"exp2","exp2_038","3 NC_F_Aff_InDirOb",5,"3","filler","second_clause",,,,"indirect_object","noncanonical",TRUE,""
"exp2","exp2_038","3 NC_Neg_Time_Loc",5,"3","experimental","first_clause","temporal",,"mismatch","mismatch","noncanonical",TRUE,""
"exp2","exp2_038","4 NC_CT_Neg_Good",5,"4","catch","first_clause",,,,"felicitous","noncanonical",TRUE,""
"exp2","exp2_038","5 NC_Aff_Time_Time",5,"5","experimental","second_clause","temporal",,"match","match","noncanonical",TRUE,""
"exp2","exp2_038","1 NC_CT_Aff_Good",5,"1","catch","second_clause",,,,"felicitous","noncanonical",TRUE,""
"exp2","exp2_038","1 NC_CT_Aff_Good_2",5,"1","catch","second_clause",,,,"felicitous","noncanonical",TRUE,""
"exp2","exp2_038","1 NC_F_Aff_InDirObj",5,"1","filler","second_clause",,,,"indirect_object","noncanonical",TRUE,""
"exp2","exp2_038","1 NC_F_Aff_DirObj",5,"1","filler","second_clause",,,,"direct_object","noncanonical",TRUE,""
"exp2","exp2_038","4_NC_F_Neg_DirObj",5,"4","filler","first_clause",,,,"direct_object","noncanonical",TRUE,""
"exp2","exp2_038","4_NC_F_Neg_InDirObj",5,"4","filler","first_clause",,,,"indirect_object","noncanonical",TRUE,""
"exp2","exp2_038","2 NC_F_Neg_InDirObj",5,"2","filler","first_clause",,,,"indirect_object","noncanonical",TRUE,""
"exp2","exp2_039","2 NC_CT_Aff_Bad",1,"2","catch","second_clause",,,,"infelicitous","noncanonical",TRUE,""
"exp2","exp2_039","2 NC_CT_Aff_Bad_4",1,"2","catch","second_clause",,,,"infelicitous","noncanonical",TRUE,""
"exp2","exp2_039","3 NC_CT_Neg_Bad",1,"3","catch","first_clause",,,,"infelicitous","noncanonical",TRUE,""
"exp2","exp2_039","3 NC_F_Neg_DirObj",3,"3","filler","first_clause",,,,"direct_object","noncanonical",TRUE,""
"exp2","exp2_039","2 NC_F_Aff_DirObj",3,"2","filler","second_clause",,,,"direct_object","noncanonical",TRUE,""
"exp2","exp2_039","4 NC_CT_Aff_Bad",3,"4","catch","second_clause",,,,"infelicitous","noncanonical",TRUE,""
"exp2","exp2_039","1 NC_Neg_Manner_Mann",3,"1","experimental","first_clause","manner",,"match","match","noncanonical",TRUE,""
"exp2","exp2_039","1 NC_Neg_Manner_Loc",3,"1","experimental","first_clause","manner",,"mismatch","mismatch","noncanonical",TRUE,""
"exp2","exp2_039","5 NC_Aff_Red_Red",3,"5","experimental","second_clause","ideophone","reduplication","match","match","noncanonical",TRUE,""
"exp2","exp2_039","5 NC_Aff_Red_Loc",3,"5","experimental","second_clause","ideophone","reduplication","mismatch","mismatch","noncanonical",TRUE,""
"exp2","exp2_039","4 NC_Neg_Time_Loc",3,"4","experimental","first_clause","temporal",,"mismatch","mismatch","noncanonical",TRUE,""
"exp2","exp2_039","4 NC_Neg_Time_Time",3,"4","experimental","first_clause","temporal",,"match","match","noncanonical",TRUE,""
"exp2","exp2_039","4 NC_F_Aff_InDirObj",3,"4","filler","second_clause",,,,"indirect_object","noncanonical",TRUE,""
"exp2","exp2_039","6 NC_Aff_Time_Loc",4,"6","experimental","second_clause","temporal",,"mismatch","mismatch","noncanonical",TRUE,""
"exp2","exp2_039","2 NC_F_Aff_InDirObj",4,"2","filler","second_clause",,,,"indirect_object","noncanonical",TRUE,""
"exp2","exp2_039","3 NC_Aff_Manner_Loc",4,"3","experimental","second_clause","manner",,"mismatch","mismatch","noncanonical",TRUE,""
"exp2","exp2_039","3 NC_Aff_Manner_Mann",4,"3","experimental","second_clause","manner",,"match","match","noncanonical",TRUE,""
"exp2","exp2_039","6 NC_Aff_Time_Time",4,"6","experimental","second_clause","temporal",,"match","match","noncanonical",TRUE,""
"exp2","exp2_039","2 NC_Neg_Red_Red",4,"2","experimental","first_clause","ideophone","reduplication","match","match","noncanonical",TRUE,""
"exp2","exp2_039","3 NC_CT_Neg_Good",4,"3","catch","first_clause",,,,"felicitous","noncanonical",TRUE,""
"exp2","exp2_039","1 NC_CT_Neg_Good",5,"1","catch","first_clause",,,,"felicitous","noncanonical",TRUE,""
"exp2","exp2_039","1 NC_CT_Neg_Good_3",5,"1","catch","first_clause",,,,"felicitous","noncanonical",TRUE,""
"exp2","exp2_039","4 NC_F_Aff_DirObj",5,"4","filler","second_clause",,,,"direct_object","noncanonical",TRUE,""
"exp2","exp2_039","3 NC_F_Neg_InDirObj",5,"3","filler","first_clause",,,,"indirect_object","noncanonical",TRUE,""
"exp2","exp2_039","4 NC_CT_Aff_Good",5,"4","catch","second_clause",,,,"felicitous","noncanonical",TRUE,""
"exp2","exp2_039","1 NC_F_Neg_InDirObj",5,"1","filler","first_clause",,,,"indirect_object","noncanonical",TRUE,""
"exp2","exp2_039","1 NC_F_Neg_DirObj",5,"1","filler","first_clause",,,,"direct_object","noncanonical",TRUE,""
"exp2","exp2_039","2 NC_Neg_Red_Loc",5,"2","experimental","first_clause","ideophone","reduplication","mismatch","mismatch","noncanonical",TRUE,""
"exp2","exp2_040","3 NC_CT_Aff_Bad",1,"3","catch","second_clause",,,,"infelicitous","noncanonical",TRUE,""
"exp2","exp2_040","3 NC_Neg_Time_Time",1,"3","experimental","first_clause","temporal",,"match","match","noncanonical",TRUE,""
"exp2","exp2_040","2 NC_CT_Neg_Bad",1,"2","catch","first_clause",,,,"infelicitous","noncanonical",TRUE,""
"exp2","exp2_040","2 NC_CT_Neg_Bad_1",1,"2","catch","first_clause",,,,"infelicitous","noncanonical",TRUE,""
"exp2","exp2_040","4 NC_CT_Neg_Bad",1,"4","catch","first_clause",,,,"infelicitous","noncanonical",TRUE,""
"exp2","exp2_040","4 NC_Aff_Red_Red",2,"4","experimental","second_clause","ideophone","reduplication","match","match","noncanonical",TRUE,""
"exp2","exp2_040","1 NC_Neg_Red_Red",3,"1","experimental","first_clause","ideophone","reduplication","match","match","noncanonical",TRUE,""
"exp2","exp2_040","2 NC_F_Neg_DirObj",3,"2","filler","first_clause",,,,"direct_object","noncanonical",TRUE,""
"exp2","exp2_040","2 NC_Aff_Manner_Mann",4,"2","experimental","second_clause","manner",,"match","match","noncanonical",TRUE,""
"exp2","exp2_040","6 NC_Neg_Manner_Loc",4,"6","experimental","first_clause","manner",,"mismatch","mismatch","noncanonical",TRUE,""
"exp2","exp2_040","5 NC_Aff_Time_Loc",4,"5","experimental","second_clause","temporal",,"mismatch","mismatch","noncanonical",TRUE,""
"exp2","exp2_040","2 NC_Aff_Manner_Loc",5,"2","experimental","second_clause","manner",,"mismatch","mismatch","noncanonical",TRUE,""
"exp2","exp2_040","6 NC_Neg_Manner_Mann",5,"6","experimental","first_clause","manner",,"match","match","noncanonical",TRUE,""
"exp2","exp2_040","1 NC_Neg_Red_Loc",5,"1","experimental","first_clause","ideophone","reduplication","mismatch","mismatch","noncanonical",TRUE,""
"exp2","exp2_040","2 NC_F_Neg_InDirObj",5,"2","filler","first_clause",,,,"indirect_object","noncanonical",TRUE,""
"exp2","exp2_040","4 NC_Aff_Red_Loc",5,"4","experimental","second_clause","ideophone","reduplication","mismatch","mismatch","noncanonical",TRUE,""
"exp2","exp2_040","4_NC_F_Neg_InDirObj",5,"4","filler","first_clause",,,,"indirect_object","noncanonical",TRUE,""
"exp2","exp2_040","4_NC_F_Neg_DirObj",5,"4","filler","first_clause",,,,"direct_object","noncanonical",TRUE,""
"exp2","exp2_040","1 NC_F_Aff_DirObj",5,"1","filler","second_clause",,,,"direct_object","noncanonical",TRUE,""
"exp2","exp2_040","1 NC_F_Aff_InDirObj",5,"1","filler","second_clause",,,,"indirect_object","noncanonical",TRUE,""
"exp2","exp2_040","1 NC_CT_Aff_Good_2",5,"1","catch","second_clause",,,,"felicitous","noncanonical",TRUE,""
"exp2","exp2_040","1 NC_CT_Aff_Good",5,"1","catch","second_clause",,,,"felicitous","noncanonical",TRUE,""
"exp2","exp2_040","5 NC_Aff_Time_Time",5,"5","experimental","second_clause","temporal",,"match","match","noncanonical",TRUE,""
"exp2","exp2_040","4 NC_CT_Neg_Good",5,"4","catch","first_clause",,,,"felicitous","noncanonical",TRUE,""
"exp2","exp2_040","3 NC_Neg_Time_Loc",5,"3","experimental","first_clause","temporal",,"mismatch","mismatch","noncanonical",TRUE,""
"exp2","exp2_040","3 NC_F_Aff_InDirOb",5,"3","filler","second_clause",,,,"indirect_object","noncanonical",TRUE,""
"exp2","exp2_040","3 NC_F_Aff_DirObj",5,"3","filler","second_clause",,,,"direct_object","noncanonical",TRUE,""
"exp2","exp2_040","3 NC_CT_Aff_Good",5,"3","catch","second_clause",,,,"felicitous","noncanonical",TRUE,""
"exp2","exp2_041","2 NC_Aff_Time_Time",1,"2","experimental","second_clause","temporal",,"match","match","noncanonical",TRUE,""
"exp2","exp2_041","4 NC_CT_Aff_Bad_23",1,"4","catch","second_clause",,,,"infelicitous","noncanonical",TRUE,""
"exp2","exp2_041","6 NC_Neg_Time_Time",1,"6","experimental","first_clause","temporal",,"match","match","noncanonical",TRUE,""
"exp2","exp2_041","6 NC_Neg_Time_Loc",1,"6","experimental","first_clause","temporal",,"mismatch","mismatch","noncanonical",TRUE,""
"exp2","exp2_041","3 NC_CT_Neg_Bad_20",1,"3","catch","first_clause",,,,"infelicitous","noncanonical",TRUE,""
"exp2","exp2_041","2 NC_F_Aff_DirObj_33",1,"2","filler","second_clause",,,,"direct_object","noncanonical",TRUE,""
"exp2","exp2_041","2 NC_CT_Aff_Bad_31",1,"2","catch","second_clause",,,,"infelicitous","noncanonical",TRUE,""
"exp2","exp2_041","2 NC_CT_Aff_Bad_30",1,"2","catch","second_clause",,,,"infelicitous","noncanonical",TRUE,""
"exp2","exp2_041","5 NC_Aff_Manner_Loc",2,"5","experimental","second_clause","manner",,"mismatch","mismatch","noncanonical",TRUE,""
"exp2","exp2_041","4 NC_Neg_Red_Loc",2,"4","experimental","first_clause","ideophone","reduplication","mismatch","mismatch","noncanonical",TRUE,""
"exp2","exp2_041","4 NC_Neg_Red_Red",4,"4","experimental","first_clause","ideophone","reduplication","match","match","noncanonical",TRUE,""
"exp2","exp2_041","1 NC_Aff_Red_Red",4,"1","experimental","second_clause","ideophone","reduplication","match","match","noncanonical",TRUE,""
"exp2","exp2_041","1 NC_Aff_Red_Loc",4,"1","experimental","second_clause","ideophone","reduplication","mismatch","mismatch","noncanonical",TRUE,""
"exp2","exp2_041","3 NC_Neg_Manner_Mann",4,"3","experimental","first_clause","manner",,"match","match","noncanonical",TRUE,""
"exp2","exp2_041","3 NC_Neg_Manner_Loc",4,"3","experimental","first_clause","manner",,"mismatch","mismatch","noncanonical",TRUE,""
"exp2","exp2_041","4 NC_F_Aff_DirObj_18",5,"4","filler","second_clause",,,,"direct_object","noncanonical",TRUE,""
"exp2","exp2_041","4 NC_F_Aff_InDirObj_19",5,"4","filler","second_clause",,,,"indirect_object","noncanonical",TRUE,""
"exp2","exp2_041","3 NC_CT_Neg_Good_21",5,"3","catch","first_clause",,,,"felicitous","noncanonical",TRUE,""
"exp2","exp2_041","4 NC_CT_Aff_Good_22",5,"4","catch","second_clause",,,,"felicitous","noncanonical",TRUE,""
"exp2","exp2_041","2 NC_Aff_Time_Loc",5,"2","experimental","second_clause","temporal",,"mismatch","mismatch","noncanonical",TRUE,""
"exp2","exp2_041","3 NC_F_Neg_InDirObj_24",5,"3","filler","first_clause",,,,"indirect_object","noncanonical",TRUE,""
"exp2","exp2_041","3 NC_F_Neg_DirObj_25",5,"3","filler","first_clause",,,,"direct_object","noncanonical",TRUE,""
"exp2","exp2_041","5 NC_Aff_Manner_Mann",5,"5","experimental","second_clause","manner",,"match","match","noncanonical",TRUE,""
"exp2","exp2_041","1 NC_F_Neg_InDirObj_27",5,"1","filler","first_clause",,,,"indirect_object","noncanonical",TRUE,""
"exp2","exp2_041","1 NC_CT_Neg_Good_28",5,"1","catch","first_clause",,,,"felicitous","noncanonical",TRUE,""
"exp2","exp2_041","1 NC_CT_Neg_Good_29",5,"1","catch","first_clause",,,,"felicitous","noncanonical",TRUE,""
"exp2","exp2_041","2 NC_F_Aff_InDirObj_32",5,"2","filler","second_clause",,,,"indirect_object","noncanonical",TRUE,""
"exp2","exp2_041","1 NC_F_Neg_DirObj_26",5,"1","filler","first_clause",,,,"direct_object","noncanonical",TRUE,""
"exp2","exp2_042","4 NC_CT_Aff_Bad_23",1,"4","catch","second_clause",,,,"infelicitous","noncanonical",TRUE,""
"exp2","exp2_042","6 NC_Neg_Time_Time",1,"6","experimental","first_clause","temporal",,"match","match","noncanonical",TRUE,""
"exp2","exp2_042","3 NC_CT_Neg_Bad_20",1,"3","catch","first_clause",,,,"infelicitous","noncanonical",TRUE,""
"exp2","exp2_042","3 NC_Neg_Manner_Loc",1,"3","experimental","first_clause","manner",,"mismatch","mismatch","noncanonical",TRUE,""
"exp2","exp2_042","3 NC_Neg_Manner_Mann",1,"3","experimental","first_clause","manner",,"match","match","noncanonical",TRUE,""
"exp2","exp2_042","4 NC_Neg_Red_Red",1,"4","experimental","first_clause","ideophone","reduplication","match","match","noncanonical",TRUE,""
"exp2","exp2_042","2 NC_F_Aff_DirObj_33",1,"2","filler","second_clause",,,,"direct_object","noncanonical",TRUE,""
"exp2","exp2_042","2 NC_CT_Aff_Bad_31",1,"2","catch","second_clause",,,,"infelicitous","noncanonical",TRUE,""
"exp2","exp2_042","2 NC_CT_Aff_Bad_30",1,"2","catch","second_clause",,,,"infelicitous","noncanonical",TRUE,""
"exp2","exp2_042","5 NC_Aff_Manner_Loc",1,"5","experimental","second_clause","manner",,"mismatch","mismatch","noncanonical",TRUE,""
"exp2","exp2_042","4 NC_F_Aff_DirObj_18",5,"4","filler","second_clause",,,,"direct_object","noncanonical",TRUE,""
"exp2","exp2_042","4 NC_F_Aff_InDirObj_19",5,"4","filler","second_clause",,,,"indirect_object","noncanonical",TRUE,""
"exp2","exp2_042","3 NC_CT_Neg_Good_21",5,"3","catch","first_clause",,,,"felicitous","noncanonical",TRUE,""
"exp2","exp2_042","6 NC_Neg_Time_Loc",5,"6","experimental","first_clause","temporal",,"mismatch","mismatch","noncanonical",TRUE,""
"exp2","exp2_042","2 NC_Aff_Time_Time",5,"2","experimental","second_clause","temporal",,"match","match","noncanonical",TRUE,""
"exp2","exp2_042","2 NC_Aff_Time_Loc",5,"2","experimental","second_clause","temporal",,"mismatch","mismatch","noncanonical",TRUE,""
"exp2","exp2_042","3 NC_F_Neg_InDirObj_24",5,"3","filler","first_clause",,,,"indirect_object","noncanonical",TRUE,""
"exp2","exp2_042","3 NC_F_Neg_DirObj_25",5,"3","filler","first_clause",,,,"direct_object","noncanonical",TRUE,""
"exp2","exp2_042","4 NC_Neg_Red_Loc",5,"4","experimental","first_clause","ideophone","reduplication","mismatch","mismatch","noncanonical",TRUE,""
"exp2","exp2_042","5 NC_Aff_Manner_Mann",5,"5","experimental","second_clause","manner",,"match","match","noncanonical",TRUE,""
"exp2","exp2_042","1 NC_Aff_Red_Red",5,"1","experimental","second_clause","ideophone","reduplication","match","match","noncanonical",TRUE,""
"exp2","exp2_042","1 NC_Aff_Red_Loc",5,"1","experimental","second_clause","ideophone","reduplication","mismatch","mismatch","noncanonical",TRUE,""
"exp2","exp2_042","1 NC_F_Neg_DirObj_26",5,"1","filler","first_clause",,,,"direct_object","noncanonical",TRUE,""
"exp2","exp2_042","1 NC_F_Neg_InDirObj_27",5,"1","filler","first_clause",,,,"indirect_object","noncanonical",TRUE,""
"exp2","exp2_042","1 NC_CT_Neg_Good_28",5,"1","catch","first_clause",,,,"felicitous","noncanonical",TRUE,""
"exp2","exp2_042","1 NC_CT_Neg_Good_29",5,"1","catch","first_clause",,,,"felicitous","noncanonical",TRUE,""
"exp2","exp2_042","2 NC_F_Aff_InDirObj_32",5,"2","filler","second_clause",,,,"indirect_object","noncanonical",TRUE,""
"exp2","exp2_042","4 NC_CT_Aff_Good_22",5,"4","catch","second_clause",,,,"felicitous","noncanonical",TRUE,""
"exp2","exp2_043","2 NC_F_Neg_DirObj",1,"2","filler","first_clause",,,,"direct_object","noncanonical",TRUE,""
"exp2","exp2_043","4 NC_Aff_Red_Red",1,"4","experimental","second_clause","ideophone","reduplication","match","match","noncanonical",TRUE,""
"exp2","exp2_043","4 NC_Aff_Red_Loc",1,"4","experimental","second_clause","ideophone","reduplication","mismatch","mismatch","noncanonical",TRUE,""
"exp2","exp2_043","6 NC_Neg_Manner_Mann",1,"6","experimental","first_clause","manner",,"match","match","noncanonical",TRUE,""
"exp2","exp2_043","4 NC_CT_Neg_Bad",1,"4","catch","first_clause",,,,"infelicitous","noncanonical",TRUE,""
"exp2","exp2_043","2 NC_Aff_Manner_Mann",1,"2","experimental","second_clause","manner",,"match","match","noncanonical",TRUE,""
"exp2","exp2_043","6 NC_Neg_Manner_Loc",1,"6","experimental","first_clause","manner",,"mismatch","mismatch","noncanonical",TRUE,""
"exp2","exp2_043","2 NC_CT_Neg_Bad_1",1,"2","catch","first_clause",,,,"infelicitous","noncanonical",TRUE,""
"exp2","exp2_043","3 NC_Neg_Time_Time",1,"3","experimental","first_clause","temporal",,"match","match","noncanonical",TRUE,""
"exp2","exp2_043","2 NC_CT_Neg_Bad",1,"2","catch","first_clause",,,,"infelicitous","noncanonical",TRUE,""
"exp2","exp2_043","3 NC_CT_Aff_Bad",1,"3","catch","second_clause",,,,"infelicitous","noncanonical",TRUE,""
"exp2","exp2_043","1 NC_Neg_Red_Loc",2,"1","experimental","first_clause","ideophone","reduplication","mismatch","mismatch","noncanonical",TRUE,""
"exp2","exp2_043","1 NC_Neg_Red_Red",2,"1","experimental","first_clause","ideophone","reduplication","match","match","noncanonical",TRUE,""
"exp2","exp2_043","3 NC_Neg_Time_Loc",4,"3","experimental","first_clause","temporal",,"mismatch","mismatch","noncanonical",TRUE,""
"exp2","exp2_043","3 NC_F_Aff_InDirOb",4,"3","filler","second_clause",,,,"indirect_object","noncanonical",TRUE,""
"exp2","exp2_043","3 NC_CT_Aff_Good",4,"3","catch","second_clause",,,,"felicitous","noncanonical",TRUE,""
"exp2","exp2_043","3 NC_F_Aff_DirObj",4,"3","filler","second_clause",,,,"direct_object","noncanonical",TRUE,""
"exp2","exp2_043","5 NC_Aff_Time_Loc",4,"5","experimental","second_clause","temporal",,"mismatch","mismatch","noncanonical",TRUE,""
"exp2","exp2_043","2 NC_Aff_Manner_Loc",4,"2","experimental","second_clause","manner",,"mismatch","mismatch","noncanonical",TRUE,""
"exp2","exp2_043","4_NC_F_Neg_DirObj",4,"4","filler","first_clause",,,,"direct_object","noncanonical",TRUE,""
"exp2","exp2_043","1 NC_F_Aff_DirObj",4,"1","filler","second_clause",,,,"direct_object","noncanonical",TRUE,""
"exp2","exp2_043","4 NC_CT_Neg_Good",5,"4","catch","first_clause",,,,"felicitous","noncanonical",TRUE,""
"exp2","exp2_043","5 NC_Aff_Time_Time",5,"5","experimental","second_clause","temporal",,"match","match","noncanonical",TRUE,""
"exp2","exp2_043","1 NC_CT_Aff_Good",5,"1","catch","second_clause",,,,"felicitous","noncanonical",TRUE,""
"exp2","exp2_043","1 NC_CT_Aff_Good_2",5,"1","catch","second_clause",,,,"felicitous","noncanonical",TRUE,""
"exp2","exp2_043","1 NC_F_Aff_InDirObj",5,"1","filler","second_clause",,,,"indirect_object","noncanonical",TRUE,""
"exp2","exp2_043","4_NC_F_Neg_InDirObj",5,"4","filler","first_clause",,,,"indirect_object","noncanonical",TRUE,""
"exp2","exp2_043","2 NC_F_Neg_InDirObj",5,"2","filler","first_clause",,,,"indirect_object","noncanonical",TRUE,""
"exp2","exp2_044","6 NC_Neg_Time_Loc",1,"6","experimental","first_clause","temporal",,"mismatch","mismatch","noncanonical",TRUE,""
"exp2","exp2_044","3 NC_CT_Neg_Bad_20",1,"3","catch","first_clause",,,,"infelicitous","noncanonical",TRUE,""
"exp2","exp2_044","6 NC_Neg_Time_Time",1,"6","experimental","first_clause","temporal",,"match","match","noncanonical",TRUE,""
"exp2","exp2_044","4 NC_CT_Aff_Bad_23",1,"4","catch","second_clause",,,,"infelicitous","noncanonical",TRUE,""
"exp2","exp2_044","2 NC_CT_Aff_Bad_30",1,"2","catch","second_clause",,,,"infelicitous","noncanonical",TRUE,""
"exp2","exp2_044","2 NC_CT_Aff_Bad_31",1,"2","catch","second_clause",,,,"infelicitous","noncanonical",TRUE,""
"exp2","exp2_044","3 NC_Neg_Manner_Mann",2,"3","experimental","first_clause","manner",,"match","match","noncanonical",TRUE,""
"exp2","exp2_044","3 NC_Neg_Manner_Loc",2,"3","experimental","first_clause","manner",,"mismatch","mismatch","noncanonical",TRUE,""
"exp2","exp2_044","4 NC_Neg_Red_Loc",2,"4","experimental","first_clause","ideophone","reduplication","mismatch","mismatch","noncanonical",TRUE,""
"exp2","exp2_044","2 NC_F_Aff_DirObj_33",4,"2","filler","second_clause",,,,"direct_object","noncanonical",TRUE,""
"exp2","exp2_044","1 NC_F_Neg_DirObj_26",4,"1","filler","first_clause",,,,"direct_object","noncanonical",TRUE,""
"exp2","exp2_044","1 NC_Aff_Red_Loc",4,"1","experimental","second_clause","ideophone","reduplication","mismatch","mismatch","noncanonical",TRUE,""
"exp2","exp2_044","1 NC_Aff_Red_Red",4,"1","experimental","second_clause","ideophone","reduplication","match","match","noncanonical",TRUE,""
"exp2","exp2_044","5 NC_Aff_Manner_Mann",4,"5","experimental","second_clause","manner",,"match","match","noncanonical",TRUE,""
"exp2","exp2_044","5 NC_Aff_Manner_Loc",4,"5","experimental","second_clause","manner",,"mismatch","mismatch","noncanonical",TRUE,""
"exp2","exp2_044","4 NC_Neg_Red_Red",4,"4","experimental","first_clause","ideophone","reduplication","match","match","noncanonical",TRUE,""
"exp2","exp2_044","3 NC_F_Neg_DirObj_25",4,"3","filler","first_clause",,,,"direct_object","noncanonical",TRUE,""
"exp2","exp2_044","2 NC_F_Aff_InDirObj_32",5,"2","filler","second_clause",,,,"indirect_object","noncanonical",TRUE,""
"exp2","exp2_044","1 NC_CT_Neg_Good_28",5,"1","catch","first_clause",,,,"felicitous","noncanonical",TRUE,""
"exp2","exp2_044","1 NC_CT_Neg_Good_29",5,"1","catch","first_clause",,,,"felicitous","noncanonical",TRUE,""
"exp2","exp2_044","4 NC_F_Aff_DirObj_18",5,"4","filler","second_clause",,,,"direct_object","noncanonical",TRUE,""
"exp2","exp2_044","4 NC_F_Aff_InDirObj_19",5,"4","filler","second_clause",,,,"indirect_object","noncanonical",TRUE,""
"exp2","exp2_044","3 NC_CT_Neg_Good_21",5,"3","catch","first_clause",,,,"felicitous","noncanonical",TRUE,""
"exp2","exp2_044","4 NC_CT_Aff_Good_22",5,"4","catch","second_clause",,,,"felicitous","noncanonical",TRUE,""
"exp2","exp2_044","2 NC_Aff_Time_Time",5,"2","experimental","second_clause","temporal",,"match","match","noncanonical",TRUE,""
"exp2","exp2_044","2 NC_Aff_Time_Loc",5,"2","experimental","second_clause","temporal",,"mismatch","mismatch","noncanonical",TRUE,""
"exp2","exp2_044","3 NC_F_Neg_InDirObj_24",5,"3","filler","first_clause",,,,"indirect_object","noncanonical",TRUE,""
"exp2","exp2_044","1 NC_F_Neg_InDirObj_27",5,"1","filler","first_clause",,,,"indirect_object","noncanonical",TRUE,""
"exp2","exp2_045","2 NC_CT_Neg_Bad_38",1,"2","catch","first_clause",,,,"infelicitous","noncanonical",TRUE,""
"exp2","exp2_045","2 NC_CT_Neg_Bad_39",1,"2","catch","first_clause",,,,"infelicitous","noncanonical",TRUE,""
"exp2","exp2_045","4 NC_CT_Aff_Bad_45",1,"4","catch","second_clause",,,,"infelicitous","noncanonical",TRUE,""
"exp2","exp2_045","3 NC_CT_Neg_Bad_46",1,"3","catch","first_clause",,,,"infelicitous","noncanonical",TRUE,""
"exp2","exp2_045","4 NC_Neg_Manner_Mann",4,"4","experimental","first_clause","manner",,"match","match","noncanonical",TRUE,""
"exp2","exp2_045","4 NC_Neg_Manner_Loc",4,"4","experimental","first_clause","manner",,"mismatch","mismatch","noncanonical",TRUE,""
"exp2","exp2_045","2 NC_Aff_Red_Red",4,"2","experimental","second_clause","ideophone","reduplication","match","match","noncanonical",TRUE,""
"exp2","exp2_045","3 NC_Aff_Time_Time",4,"3","experimental","second_clause","temporal",,"match","match","noncanonical",TRUE,""
"exp2","exp2_045","5 NC_Neg_Red_Loc",4,"5","experimental","first_clause","ideophone","reduplication","mismatch","mismatch","noncanonical",TRUE,""
"exp2","exp2_045","6 NC_Aff_Manner_Mann",4,"6","experimental","second_clause","manner",,"match","match","noncanonical",TRUE,""
"exp2","exp2_045","1 NC_Neg_Time_Time",4,"1","experimental","first_clause","temporal",,"match","match","noncanonical",TRUE,""
"exp2","exp2_045","2 NC_F_Neg_DirObj_49",4,"2","filler","first_clause",,,,"direct_object","noncanonical",TRUE,""
"exp2","exp2_045","1 NC_CT_Aff_Good_34",5,"1","catch","second_clause",,,,"felicitous","noncanonical",TRUE,""
"exp2","exp2_045","1 NC_CT_Aff_Good_35",5,"1","catch","second_clause",,,,"felicitous","noncanonical",TRUE,""
"exp2","exp2_045","1 NC_Neg_Time_Loc",5,"1","experimental","first_clause","temporal",,"mismatch","mismatch","noncanonical",TRUE,""
"exp2","exp2_045","3 NC_F_Neg_InDirObj_36",5,"3","filler","first_clause",,,,"indirect_object","noncanonical",TRUE,""
"exp2","exp2_045","3 NC_F_Neg_DirObj_37",5,"3","filler","first_clause",,,,"direct_object","noncanonical",TRUE,""
"exp2","exp2_045","5 NC_Neg_Red_Red",5,"5","experimental","first_clause","ideophone","reduplication","match","match","noncanonical",TRUE,""
"exp2","exp2_045","4 NC_F_Aff_InDirObj_40",5,"4","filler","second_clause",,,,"indirect_object","noncanonical",TRUE,""
"exp2","exp2_045","4 NC_F_Aff_DirObj_41",5,"4","filler","second_clause",,,,"direct_object","noncanonical",TRUE,""
"exp2","exp2_045","3 NC_Aff_Time_Loc",5,"3","experimental","second_clause","temporal",,"mismatch","mismatch","noncanonical",TRUE,""
"exp2","exp2_045","2 NC_Aff_Red_Loc",5,"2","experimental","second_clause","ideophone","reduplication","mismatch","mismatch","noncanonical",TRUE,""
"exp2","exp2_045","1 NC_F_Aff_DirObj_42",5,"1","filler","second_clause",,,,"direct_object","noncanonical",TRUE,""
"exp2","exp2_045","1 NC_F_Aff_InDirObj_43",5,"1","filler","second_clause",,,,"indirect_object","noncanonical",TRUE,""
"exp2","exp2_045","4 NC_CT_Aff_Good_44",5,"4","catch","second_clause",,,,"felicitous","noncanonical",TRUE,""
"exp2","exp2_045","3 NC_CT_Neg_Good_47",5,"3","catch","first_clause",,,,"felicitous","noncanonical",TRUE,""
"exp2","exp2_045","2 NC_F_Neg_InDirObj_48",5,"2","filler","first_clause",,,,"indirect_object","noncanonical",TRUE,""
"exp2","exp2_045","6 NC_Aff_Manner_Loc",5,"6","experimental","second_clause","manner",,"mismatch","mismatch","noncanonical",TRUE,""
"exp2","exp2_046","3 NC_CT_Neg_Bad_51",1,"3","catch","first_clause",,,,"infelicitous","noncanonical",TRUE,""
"exp2","exp2_046","4 NC_CT_Neg_Bad_52",1,"4","catch","first_clause",,,,"infelicitous","noncanonical",TRUE,""
"exp2","exp2_046","2 NC_CT_Aff_Bad_62",1,"2","catch","second_clause",,,,"infelicitous","noncanonical",TRUE,""
"exp2","exp2_046","2 NC_CT_Aff_Bad_63",1,"2","catch","second_clause",,,,"infelicitous","noncanonical",TRUE,""
"exp2","exp2_046","6 NC_Neg_Red_Loc",2,"6","experimental","first_clause","ideophone","reduplication","mismatch","mismatch","noncanonical",TRUE,""
"exp2","exp2_046","5 NC_Neg_Manner_Loc",4,"5","experimental","first_clause","manner",,"mismatch","mismatch","noncanonical",TRUE,""
"exp2","exp2_046","3 NC_F_Neg_DirObj_55",4,"3","filler","first_clause",,,,"direct_object","noncanonical",TRUE,""
"exp2","exp2_046","4 NC_F_Neg_DirObj_65",5,"4","filler","first_clause",,,,"direct_object","noncanonical",TRUE,""
"exp2","exp2_046","1 NC_Aff_Manner_Mann",5,"1","experimental","second_clause","manner",,"match","match","noncanonical",TRUE,""
"exp2","exp2_046","3 NC_CT_Neg_Good_50",5,"3","catch","first_clause",,,,"felicitous","noncanonical",TRUE,""
"exp2","exp2_046","5 NC_Neg_Manner_Mann",5,"5","experimental","first_clause","manner",,"match","match","noncanonical",TRUE,""
"exp2","exp2_046","4 NC_F_Neg_InDirObj_64",5,"4","filler","first_clause",,,,"indirect_object","noncanonical",TRUE,""
"exp2","exp2_046","3 NC_Aff_Red_Red",5,"3","experimental","second_clause","ideophone","reduplication","match","match","noncanonical",TRUE,""
"exp2","exp2_046","4 NC_CT_Neg_Good_53",5,"4","catch","first_clause",,,,"felicitous","noncanonical",TRUE,""
"exp2","exp2_046","3 NC_F_Neg_InDirObj_54",5,"3","filler","first_clause",,,,"indirect_object","noncanonical",TRUE,""
"exp2","exp2_046","6 NC_Neg_Red_Red",5,"6","experimental","first_clause","ideophone","reduplication","match","match","noncanonical",TRUE,""
"exp2","exp2_046","1 NC_F_Aff_DirObj_56",5,"1","filler","second_clause",,,,"direct_object","noncanonical",TRUE,""
"exp2","exp2_046","1 NC_F_Aff_InDirObj_57",5,"1","filler","second_clause",,,,"indirect_object","noncanonical",TRUE,""
"exp2","exp2_046","2 NC_F_Aff_InDirObj_58",5,"2","filler","second_clause",,,,"indirect_object","noncanonical",TRUE,""
"exp2","exp2_046","2 NC_F_Aff_DirObj_59",5,"2","filler","second_clause",,,,"direct_object","noncanonical",TRUE,""
"exp2","exp2_046","1 NC_CT_Aff_Good_60",5,"1","catch","second_clause",,,,"felicitous","noncanonical",TRUE,""
"exp2","exp2_046","1 NC_CT_Aff_Good_61",5,"1","catch","second_clause",,,,"felicitous","noncanonical",TRUE,""
"exp2","exp2_046","2 NC_Neg_Time_Time",5,"2","experimental","first_clause","temporal",,"match","match","noncanonical",TRUE,""
"exp2","exp2_046","2 NC_Neg_Time_Loc",5,"2","experimental","first_clause","temporal",,"mismatch","mismatch","noncanonical",TRUE,""
"exp2","exp2_046","4 NC_Aff_Time_Loc",5,"4","experimental","second_clause","temporal",,"mismatch","mismatch","noncanonical",TRUE,""
"exp2","exp2_046","4 NC_Aff_Time_Time",5,"4","experimental","second_clause","temporal",,"match","match","noncanonical",TRUE,""
"exp2","exp2_046","1 NC_Aff_Manner_Loc",5,"1","experimental","second_clause","manner",,"mismatch","mismatch","noncanonical",TRUE,""
"exp2","exp2_046","3 NC_Aff_Red_Loc",5,"3","experimental","second_clause","ideophone","reduplication","mismatch","mismatch","noncanonical",TRUE,""
"exp2","exp2_047","4 NC_CT_Neg_Bad",1,"4","catch","first_clause",,,,"infelicitous","noncanonical",TRUE,""
"exp2","exp2_047","2 NC_CT_Neg_Bad_1",1,"2","catch","first_clause",,,,"infelicitous","noncanonical",TRUE,""
"exp2","exp2_047","2 NC_CT_Neg_Bad",1,"2","catch","first_clause",,,,"infelicitous","noncanonical",TRUE,""
"exp2","exp2_047","3 NC_CT_Aff_Bad",2,"3","catch","second_clause",,,,"infelicitous","noncanonical",TRUE,""
"exp2","exp2_047","3 NC_Neg_Time_Time",4,"3","experimental","first_clause","temporal",,"match","match","noncanonical",TRUE,""
"exp2","exp2_047","2 NC_Aff_Manner_Mann",4,"2","experimental","second_clause","manner",,"match","match","noncanonical",TRUE,""
"exp2","exp2_047","6 NC_Neg_Manner_Loc",4,"6","experimental","first_clause","manner",,"mismatch","mismatch","noncanonical",TRUE,""
"exp2","exp2_047","6 NC_Neg_Manner_Mann",4,"6","experimental","first_clause","manner",,"match","match","noncanonical",TRUE,""
"exp2","exp2_047","1 NC_Neg_Red_Red",4,"1","experimental","first_clause","ideophone","reduplication","match","match","noncanonical",TRUE,""
"exp2","exp2_047","4 NC_Aff_Red_Red",4,"4","experimental","second_clause","ideophone","reduplication","match","match","noncanonical",TRUE,""
"exp2","exp2_047","5 NC_Aff_Time_Time",4,"5","experimental","second_clause","temporal",,"match","match","noncanonical",TRUE,""
"exp2","exp2_047","3 NC_CT_Aff_Good",5,"3","catch","second_clause",,,,"felicitous","noncanonical",TRUE,""
"exp2","exp2_047","3 NC_F_Aff_DirObj",5,"3","filler","second_clause",,,,"direct_object","noncanonical",TRUE,""
"exp2","exp2_047","3 NC_F_Aff_InDirOb",5,"3","filler","second_clause",,,,"indirect_object","noncanonical",TRUE,""
"exp2","exp2_047","3 NC_Neg_Time_Loc",5,"3","experimental","first_clause","temporal",,"mismatch","mismatch","noncanonical",TRUE,""
"exp2","exp2_047","4 NC_CT_Neg_Good",5,"4","catch","first_clause",,,,"felicitous","noncanonical",TRUE,""
"exp2","exp2_047","5 NC_Aff_Time_Loc",5,"5","experimental","second_clause","temporal",,"mismatch","mismatch","noncanonical",TRUE,""
"exp2","exp2_047","1 NC_CT_Aff_Good",5,"1","catch","second_clause",,,,"felicitous","noncanonical",TRUE,""
"exp2","exp2_047","1 NC_F_Aff_InDirObj",5,"1","filler","second_clause",,,,"indirect_object","noncanonical",TRUE,""
"exp2","exp2_047","1 NC_F_Aff_DirObj",5,"1","filler","second_clause",,,,"direct_object","noncanonical",TRUE,""
"exp2","exp2_047","4_NC_F_Neg_DirObj",5,"4","filler","first_clause",,,,"direct_object","noncanonical",TRUE,""
"exp2","exp2_047","4_NC_F_Neg_InDirObj",5,"4","filler","first_clause",,,,"indirect_object","noncanonical",TRUE,""
"exp2","exp2_047","2 NC_Aff_Manner_Loc",5,"2","experimental","second_clause","manner",,"mismatch","mismatch","noncanonical",TRUE,""
"exp2","exp2_047","1 NC_Neg_Red_Loc",5,"1","experimental","first_clause","ideophone","reduplication","mismatch","mismatch","noncanonical",TRUE,""
"exp2","exp2_047","2 NC_F_Neg_InDirObj",5,"2","filler","first_clause",,,,"indirect_object","noncanonical",TRUE,""
"exp2","exp2_047","2 NC_F_Neg_DirObj",5,"2","filler","first_clause",,,,"direct_object","noncanonical",TRUE,""
"exp2","exp2_047","4 NC_Aff_Red_Loc",5,"4","experimental","second_clause","ideophone","reduplication","mismatch","mismatch","noncanonical",TRUE,""
"exp2","exp2_047","1 NC_CT_Aff_Good_2",5,"1","catch","second_clause",,,,"felicitous","noncanonical",TRUE,""
"exp2","exp2_048","3 NC_F_Neg_DirObj_37",1,"3","filler","first_clause",,,,"direct_object","noncanonical",TRUE,""
"exp2","exp2_048","2 NC_CT_Neg_Bad_38",1,"2","catch","first_clause",,,,"infelicitous","noncanonical",TRUE,""
"exp2","exp2_048","2 NC_CT_Neg_Bad_39",1,"2","catch","first_clause",,,,"infelicitous","noncanonical",TRUE,""
"exp2","exp2_048","2 NC_Aff_Red_Red",1,"2","experimental","second_clause","ideophone","reduplication","match","match","noncanonical",TRUE,""
"exp2","exp2_048","4 NC_Neg_Manner_Loc",1,"4","experimental","first_clause","manner",,"mismatch","mismatch","noncanonical",TRUE,""
"exp2","exp2_048","4 NC_CT_Aff_Bad_45",1,"4","catch","second_clause",,,,"infelicitous","noncanonical",TRUE,""
"exp2","exp2_048","3 NC_CT_Neg_Bad_46",1,"3","catch","first_clause",,,,"infelicitous","noncanonical",TRUE,""
"exp2","exp2_048","3 NC_Aff_Time_Time",1,"3","experimental","second_clause","temporal",,"match","match","noncanonical",TRUE,""
"exp2","exp2_048","5 NC_Neg_Red_Red",2,"5","experimental","first_clause","ideophone","reduplication","match","match","noncanonical",TRUE,""
"exp2","exp2_048","6 NC_Aff_Manner_Mann",2,"6","experimental","second_clause","manner",,"match","match","noncanonical",TRUE,""
"exp2","exp2_048","2 NC_F_Neg_DirObj_49",2,"2","filler","first_clause",,,,"direct_object","noncanonical",TRUE,""
"exp2","exp2_048","1 NC_F_Aff_DirObj_42",4,"1","filler","second_clause",,,,"direct_object","noncanonical",TRUE,""
"exp2","exp2_048","1 NC_CT_Aff_Good_34",5,"1","catch","second_clause",,,,"felicitous","noncanonical",TRUE,""
"exp2","exp2_048","1 NC_CT_Aff_Good_35",5,"1","catch","second_clause",,,,"felicitous","noncanonical",TRUE,""
"exp2","exp2_048","1 NC_Neg_Time_Loc",5,"1","experimental","first_clause","temporal",,"mismatch","mismatch","noncanonical",TRUE,""
"exp2","exp2_048","1 NC_Neg_Time_Time",5,"1","experimental","first_clause","temporal",,"match","match","noncanonical",TRUE,""
"exp2","exp2_048","3 NC_F_Neg_InDirObj_36",5,"3","filler","first_clause",,,,"indirect_object","noncanonical",TRUE,""
"exp2","exp2_048","6 NC_Aff_Manner_Loc",5,"6","experimental","second_clause","manner",,"mismatch","mismatch","noncanonical",TRUE,""
"exp2","exp2_048","5 NC_Neg_Red_Loc",5,"5","experimental","first_clause","ideophone","reduplication","mismatch","mismatch","noncanonical",TRUE,""
"exp2","exp2_048","4 NC_F_Aff_InDirObj_40",5,"4","filler","second_clause",,,,"indirect_object","noncanonical",TRUE,""
"exp2","exp2_048","4 NC_F_Aff_DirObj_41",5,"4","filler","second_clause",,,,"direct_object","noncanonical",TRUE,""
"exp2","exp2_048","3 NC_Aff_Time_Loc",5,"3","experimental","second_clause","temporal",,"mismatch","mismatch","noncanonical",TRUE,""
"exp2","exp2_048","2 NC_Aff_Red_Loc",5,"2","experimental","second_clause","ideophone","reduplication","mismatch","mismatch","noncanonical",TRUE,""
"exp2","exp2_048","1 NC_F_Aff_InDirObj_43",5,"1","filler","second_clause",,,,"indirect_object","noncanonical",TRUE,""
"exp2","exp2_048","4 NC_CT_Aff_Good_44",5,"4","catch","second_clause",,,,"felicitous","noncanonical",TRUE,""
"exp2","exp2_048","3 NC_CT_Neg_Good_47",5,"3","catch","first_clause",,,,"felicitous","noncanonical",TRUE,""
"exp2","exp2_048","2 NC_F_Neg_InDirObj_48",5,"2","filler","first_clause",,,,"indirect_object","noncanonical",TRUE,""
"exp2","exp2_048","4 NC_Neg_Manner_Mann",5,"4","experimental","first_clause","manner",,"match","match","noncanonical",TRUE,""
"exp2","exp2_049","3 NC_CT_Neg_Bad",1,"3","catch","first_clause",,,,"infelicitous","noncanonical",TRUE,""
"exp2","exp2_049","1 NC_Neg_Manner_Mann",1,"1","experimental","first_clause","manner",,"match","match","noncanonical",TRUE,""
"exp2","exp2_049","2 NC_CT_Aff_Bad_4",1,"2","catch","second_clause",,,,"infelicitous","noncanonical",TRUE,""
"exp2","exp2_049","2 NC_CT_Aff_Bad",1,"2","catch","second_clause",,,,"infelicitous","noncanonical",TRUE,""
"exp2","exp2_049","4 NC_CT_Aff_Bad",1,"4","catch","second_clause",,,,"infelicitous","noncanonical",TRUE,""
"exp2","exp2_049","3 NC_F_Neg_DirObj",3,"3","filler","first_clause",,,,"direct_object","noncanonical",TRUE,""
"exp2","exp2_049","6 NC_Aff_Time_Time",3,"6","experimental","second_clause","temporal",,"match","match","noncanonical",TRUE,""
"exp2","exp2_049","3 NC_Aff_Manner_Mann",3,"3","experimental","second_clause","manner",,"match","match","noncanonical",TRUE,""
"exp2","exp2_049","2 NC_Neg_Red_Loc",3,"2","experimental","first_clause","ideophone","reduplication","mismatch","mismatch","noncanonical",TRUE,""
"exp2","exp2_049","4 NC_Neg_Time_Time",3,"4","experimental","first_clause","temporal",,"match","match","noncanonical",TRUE,""
"exp2","exp2_049","2 NC_Neg_Red_Red",3,"2","experimental","first_clause","ideophone","reduplication","match","match","noncanonical",TRUE,""
"exp2","exp2_049","1 NC_F_Neg_DirObj",4,"1","filler","first_clause",,,,"direct_object","noncanonical",TRUE,""
"exp2","exp2_049","2 NC_F_Aff_DirObj",4,"2","filler","second_clause",,,,"direct_object","noncanonical",TRUE,""
"exp2","exp2_049","1 NC_Neg_Manner_Loc",4,"1","experimental","first_clause","manner",,"mismatch","mismatch","noncanonical",TRUE,""
"exp2","exp2_049","3 NC_CT_Neg_Good",4,"3","catch","first_clause",,,,"felicitous","noncanonical",TRUE,""
"exp2","exp2_049","1 NC_CT_Neg_Good",4,"1","catch","first_clause",,,,"felicitous","noncanonical",TRUE,""
"exp2","exp2_049","4 NC_F_Aff_DirObj",4,"4","filler","second_clause",,,,"direct_object","noncanonical",TRUE,""
"exp2","exp2_049","1 NC_CT_Neg_Good_3",4,"1","catch","first_clause",,,,"felicitous","noncanonical",TRUE,""
"exp2","exp2_049","3 NC_Aff_Manner_Loc",4,"3","experimental","second_clause","manner",,"mismatch","mismatch","noncanonical",TRUE,""
"exp2","exp2_049","4 NC_F_Aff_InDirObj",4,"4","filler","second_clause",,,,"indirect_object","noncanonical",TRUE,""
"exp2","exp2_049","6 NC_Aff_Time_Loc",4,"6","experimental","second_clause","temporal",,"mismatch","mismatch","noncanonical",TRUE,""
"exp2","exp2_049","3 NC_F_Neg_InDirObj",4,"3","filler","first_clause",,,,"indirect_object","noncanonical",TRUE,""
"exp2","exp2_049","5 NC_Aff_Red_Red",4,"5","experimental","second_clause","ideophone","reduplication","match","match","noncanonical",TRUE,""
"exp2","exp2_049","5 NC_Aff_Red_Loc",4,"5","experimental","second_clause","ideophone","reduplication","mismatch","mismatch","noncanonical",TRUE,""
"exp2","exp2_049","4 NC_Neg_Time_Loc",4,"4","experimental","first_clause","temporal",,"mismatch","mismatch","noncanonical",TRUE,""
"exp2","exp2_049","2 NC_F_Aff_InDirObj",5,"2","filler","second_clause",,,,"indirect_object","noncanonical",TRUE,""
"exp2","exp2_049","4 NC_CT_Aff_Good",5,"4","catch","second_clause",,,,"felicitous","noncanonical",TRUE,""
"exp2","exp2_049","1 NC_F_Neg_InDirObj",5,"1","filler","first_clause",,,,"indirect_object","noncanonical",TRUE,""
