"study_id","participant_id","trial","rating","scenario","trial_type","polarity","iconicity_condition","adverb_type","semantic_class","morphological_integration","catch_grammaticality","attention_check_failure","attention_check_failures","included","exclusion_reason"
"exp3","exp3_001","Filler_Neg_UnGr_1_27",0,,"catch","negative",,,,,"ungrammatical",FALSE,0,TRUE,""
"exp3","exp3_001","Filler_Neg_UnGr_1_24",0,,"catch","negative",,,,,"ungrammatical",FALSE,0,TRUE,""
"exp3","exp3_001","Filler_Neg_Gr_1_28",90,,"catch","negative",,,,,"grammatical",FALSE,0,TRUE,""
"exp3","exp3_001","Filler_Neg_Gr_1_21",55,,"catch","negative",,,,,"grammatical",FALSE,0,TRUE,""
"exp3","exp3_001","Filler_Aff_UnGr_1_26",0,,"catch","affirmative",,,,,"ungrammatical",FALSE,0,TRUE,""
"exp3","exp3_001","Filler_Aff_UnGr_1_22",0,,"catch","affirmative",,,,,"ungrammatical",FALSE,0,TRUE,""
"exp3","exp3_001","Filler_Aff_Gr_1_25",100,,"catch","affirmative",,,,,"grammatical",FALSE,0,TRUE,""
"exp3","exp3_001","Filler_Aff_Gr_1_23",100,,"catch","affirmative",,,,,"grammatical",FALSE,0,TRUE,""
"exp3","exp3_001","8_NonIde_Red_Aff_1",100,"8","experimental","affirmative","nonideophone","reduplication","manner","low",,FALSE,0,TRUE,""
"exp3","exp3_001","8_Ide_Red_Aff_1",100,"8","experimental","affirmative","ideophone","reduplication","manner","low",,FALSE,0,TRUE,""
"exp3","exp3_001","7_NonIde_Red_Neg_1",90,"7","experimental","negative","nonideophone","reduplication","manner","low",,FALSE,0,TRUE,""
"exp3","exp3_001","7_Ide_Red_Neg_1",90,"7","experimental","negative","ideophone","reduplication","manner","low",,FALSE,0,TRUE,""
"exp3","exp3_001","6_NonIde_RegMod_Aff_1",100,"6","experimental","affirmative","nonideophone","manner","manner",,,FALSE,0,TRUE,""
"exp3","exp3_001","6_Ide_RegMod_Aff_1",100,"6","experimental","affirmative","ideophone","manner","manner",,,FALSE,0,TRUE,""
"exp3","exp3_001","5_NonIde_RegMod_Neg_1",71,"5","experimental","negative","nonideophone","manner","manner",,,FALSE,0,TRUE,""
"exp3","exp3_001","5_Ide_RegMod_Neg_1",90,"5","experimental","negative","ideophone","manner","manner",,,FALSE,0,TRUE,""
"exp3","exp3_001","4_NonIde_Cont_Aff_1",100,"4","experimental","affirmative","nonideophone","temporal","temporal",,,FALSE,0,TRUE,""
"exp3","exp3_001","4_Ide_Cont_Aff_1",100,"4","experimental","affirmative","ideophone","temporal","temporal",,,FALSE,0,TRUE,""
"exp3","exp3_001","3_NonIde_Cont_Neg_1",85,"3","experimental","negative","nonideophone","temporal","temporal",,,FALSE,0,TRUE,""
"exp3","exp3_001","3_Ide_Cont_Neg_1",90,"3","experimental","negative","ideophone","temporal","temporal",,,FALSE,0,TRUE,""
"exp3","exp3_001","2_NonIde_Cvb_Aff_1",100,"2","experimental","affirmative","nonideophone","converbial","manner","high",,FALSE,0,TRUE,""
"exp3","exp3_001","2_Ide_Cvb_Aff_1",65,"2","experimental","affirmative","ideophone","converbial","manner","high",,FALSE,0,TRUE,""
"exp3","exp3_001","1_NonIde_Cvb_Neg_1",56,"1","experimental","negative","nonideophone","converbial","manner","high",,FALSE,0,TRUE,""
"exp3","exp3_001","1_Ide_Cvb_Neg_1",55,"1","experimental","negative","ideophone","converbial","manner","high",,FALSE,0,TRUE,""
"exp3","exp3_002","Filler_Neg_UnGr_1_27",0,,"catch","negative",,,,,"ungrammatical",FALSE,0,TRUE,""
"exp3","exp3_002","Filler_Neg_UnGr_1_24",0,,"catch","negative",,,,,"ungrammatical",FALSE,0,TRUE,""
"exp3","exp3_002","Filler_Neg_Gr_1_28",65,,"catch","negative",,,,,"grammatical",FALSE,0,TRUE,""
"exp3","exp3_002","Filler_Neg_Gr_1_21",62,,"catch","negative",,,,,"grammatical",FALSE,0,TRUE,""
"exp3","exp3_002","Filler_Aff_UnGr_1_26",0,,"catch","affirmative",,,,,"ungrammatical",FALSE,0,TRUE,""
"exp3","exp3_002","Filler_Aff_UnGr_1_22",0,,"catch","affirmative",,,,,"ungrammatical",FALSE,0,TRUE,""
"exp3","exp3_002","Filler_Aff_Gr_1_25",100,,"catch","affirmative",,,,,"grammatical",FALSE,0,TRUE,""
"exp3","exp3_002","Filler_Aff_Gr_1_23",100,,"catch","affirmative",,,,,"grammatical",FALSE,0,TRUE,""
"exp3","exp3_002","8_NonIde_Red_Aff_1",75,"8","experimental","affirmative","nonideophone","reduplication","manner","low",,FALSE,0,TRUE,""
"exp3","exp3_002","8_Ide_Red_Aff_1",100,"8","experimental","affirmative","ideophone","reduplication","manner","low",,FALSE,0,TRUE,""
"exp3","exp3_002","7_NonIde_Red_Neg_1",60,"7","experimental","negative","nonideophone","reduplication","manner","low",,FALSE,0,TRUE,""
"exp3","exp3_002","7_Ide_Red_Neg_1",65,"7","experimental","negative","ideophone","reduplication","manner","low",,FALSE,0,TRUE,""
"exp3","exp3_002","6_NonIde_RegMod_Aff_1",100,"6","experimental","affirmative","nonideophone","manner","manner",,,FALSE,0,TRUE,""
"exp3","exp3_002","6_Ide_RegMod_Aff_1",100,"6","experimental","affirmative","ideophone","manner","manner",,,FALSE,0,TRUE,""
"exp3","exp3_002","5_NonIde_RegMod_Neg_1",52,"5","experimental","negative","nonideophone","manner","manner",,,FALSE,0,TRUE,""
"exp3","exp3_002","5_Ide_RegMod_Neg_1",40,"5","experimental","negative","ideophone","manner","manner",,,FALSE,0,TRUE,""
"exp3","exp3_002","4_NonIde_Cont_Aff_1",100,"4","experimental","affirmative","nonideophone","temporal","temporal",,,FALSE,0,TRUE,""
"exp3","exp3_002","4_Ide_Cont_Aff_1",100,"4","experimental","affirmative","ideophone","temporal","temporal",,,FALSE,0,TRUE,""
"exp3","exp3_002","3_NonIde_Cont_Neg_1",81,"3","experimental","negative","nonideophone","temporal","temporal",,,FALSE,0,TRUE,""
"exp3","exp3_002","3_Ide_Cont_Neg_1",85,"3","experimental","negative","ideophone","temporal","temporal",,,FALSE,0,TRUE,""
"exp3","exp3_002","2_NonIde_Cvb_Aff_1",100,"2","experimental","affirmative","nonideophone","converbial","manner","high",,FALSE,0,TRUE,""
"exp3","exp3_002","2_Ide_Cvb_Aff_1",65,"2","experimental","affirmative","ideophone","converbial","manner","high",,FALSE,0,TRUE,""
"exp3","exp3_002","1_NonIde_Cvb_Neg_1",60,"1","experimental","negative","nonideophone","converbial","manner","high",,FALSE,0,TRUE,""
"exp3","exp3_002","1_Ide_Cvb_Neg_1",65,"1","experimental","negative","ideophone","converbial","manner","high",,FALSE,0,TRUE,""
"exp3","exp3_003","Filler_Neg_UnGr_1_59",20,,"catch","negative",,,,,"ungrammatical",FALSE,0,TRUE,""
"exp3","exp3_003","Filler_Neg_UnGr_1_56",20,,"catch","negative",,,,,"ungrammatical",FALSE,0,TRUE,""
"exp3","exp3_003","Filler_Neg_Gr_1_60",66,,"catch","negative",,,,,"grammatical",FALSE,0,TRUE,""
"exp3","exp3_003","Filler_Neg_Gr_1_53",76,,"catch","negative",,,,,"grammatical",FALSE,0,TRUE,""
"exp3","exp3_003","Filler_Aff_UnGr_1_58",7,,"catch","affirmative",,,,,"ungrammatical",FALSE,0,TRUE,""
"exp3","exp3_003","Filler_Aff_UnGr_1_54",10,,"catch","affirmative",,,,,"ungrammatical",FALSE,0,TRUE,""
"exp3","exp3_003","Filler_Aff_Gr_1_57",100,,"catch","affirmative",,,,,"grammatical",FALSE,0,TRUE,""
"exp3","exp3_003","Filler_Aff_Gr_1_55",80,,"catch","affirmative",,,,,"grammatical",FALSE,0,TRUE,""
"exp3","exp3_003","8_NonIde_Cont_Aff_1",100,"8","experimental","affirmative","nonideophone","temporal","temporal",,,FALSE,0,TRUE,""
"exp3","exp3_003","8_Ide_Cont_Aff_1",92,"8","experimental","affirmative","ideophone","temporal","temporal",,,FALSE,0,TRUE,""
"exp3","exp3_003","7_NonIde_Cont_Neg_1",78,"7","experimental","negative","nonideophone","temporal","temporal",,,FALSE,0,TRUE,""
"exp3","exp3_003","7_Ide_Cont_Neg_1",79,"7","experimental","negative","ideophone","temporal","temporal",,,FALSE,0,TRUE,""
"exp3","exp3_003","6_NonIde_Cvb_Aff_1",90,"6","experimental","affirmative","nonideophone","converbial","manner","high",,FALSE,0,TRUE,""
"exp3","exp3_003","6_Ide_Cvb_Aff_1",77,"6","experimental","affirmative","ideophone","converbial","manner","high",,FALSE,0,TRUE,""
"exp3","exp3_003","5_NonIde_Cvb_Neg_1",60,"5","experimental","negative","nonideophone","converbial","manner","high",,FALSE,0,TRUE,""
"exp3","exp3_003","5_Ide_Cvb_Neg_1",21,"5","experimental","negative","ideophone","converbial","manner","high",,FALSE,0,TRUE,""
"exp3","exp3_003","4_NonIde_Red_Aff_1",69,"4","experimental","affirmative","nonideophone","reduplication","manner","low",,FALSE,0,TRUE,""
"exp3","exp3_003","4_Ide_Red_Aff_1",87,"4","experimental","affirmative","ideophone","reduplication","manner","low",,FALSE,0,TRUE,""
"exp3","exp3_003","3_NonIde_Red_Neg_1",82,"3","experimental","negative","nonideophone","reduplication","manner","low",,FALSE,0,TRUE,""
"exp3","exp3_003","3_Ide_Red_Neg_1",69,"3","experimental","negative","ideophone","reduplication","manner","low",,FALSE,0,TRUE,""
"exp3","exp3_003","2_NonIde_RegMod_Aff_1",98,"2","experimental","affirmative","nonideophone","manner","manner",,,FALSE,0,TRUE,""
"exp3","exp3_003","2_Ide_RegMod_Aff_1",100,"2","experimental","affirmative","ideophone","manner","manner",,,FALSE,0,TRUE,""
"exp3","exp3_003","1_NonIde_RegMod_Neg_1",58,"1","experimental","negative","nonideophone","manner","manner",,,FALSE,0,TRUE,""
"exp3","exp3_003","1_Ide_RegMod_Neg_1",83,"1","experimental","negative","ideophone","manner","manner",,,FALSE,0,TRUE,""
"exp3","exp3_004","Filler_Neg_UnGr_1_43",0,,"catch","negative",,,,,"ungrammatical",FALSE,0,TRUE,""
"exp3","exp3_004","Filler_Neg_UnGr_1_40",0,,"catch","negative",,,,,"ungrammatical",FALSE,0,TRUE,""
"exp3","exp3_004","Filler_Neg_Gr_1_44",60,,"catch","negative",,,,,"grammatical",FALSE,0,TRUE,""
"exp3","exp3_004","Filler_Neg_Gr_1_38",90,,"catch","negative",,,,,"grammatical",FALSE,0,TRUE,""
"exp3","exp3_004","Filler_Aff_UnGr_1_42",0,,"catch","affirmative",,,,,"ungrammatical",FALSE,0,TRUE,""
"exp3","exp3_004","Filler_Aff_UnGr_1_37",0,,"catch","affirmative",,,,,"ungrammatical",FALSE,0,TRUE,""
"exp3","exp3_004","Filler_Aff_Gr_1_41",100,,"catch","affirmative",,,,,"grammatical",FALSE,0,TRUE,""
"exp3","exp3_004","Filler_Aff_Gr_1_39",100,,"catch","affirmative",,,,,"grammatical",FALSE,0,TRUE,""
"exp3","exp3_004","8_NonIde_RegMod_Aff_1",100,"8","experimental","affirmative","nonideophone","manner","manner",,,FALSE,0,TRUE,""
"exp3","exp3_004","8_Ide_RegMod_Aff_1",100,"8","experimental","affirmative","ideophone","manner","manner",,,FALSE,0,TRUE,""
"exp3","exp3_004","7_NonIde_RegMod_Neg_1",60,"7","experimental","negative","nonideophone","manner","manner",,,FALSE,0,TRUE,""
"exp3","exp3_004","7_Ide_RegMod_Neg_1",60,"7","experimental","negative","ideophone","manner","manner",,,FALSE,0,TRUE,""
"exp3","exp3_004","6_NonIde_Cont_Aff_1",100,"6","experimental","affirmative","nonideophone","temporal","temporal",,,FALSE,0,TRUE,""
"exp3","exp3_004","6_Ide_Cont_Aff_1",70,"6","experimental","affirmative","ideophone","temporal","temporal",,,FALSE,0,TRUE,""
"exp3","exp3_004","5_NonIde_Cont_Neg_1",0,"5","experimental","negative","nonideophone","temporal","temporal",,,FALSE,0,TRUE,""
"exp3","exp3_004","5_Ide_Cont_Neg_1",65,"5","experimental","negative","ideophone","temporal","temporal",,,FALSE,0,TRUE,""
"exp3","exp3_004","4_NonIde_Cvb_Aff_1",70,"4","experimental","affirmative","nonideophone","converbial","manner","high",,FALSE,0,TRUE,""
"exp3","exp3_004","4_Ide_Cvb_Aff_1",90,"4","experimental","affirmative","ideophone","converbial","manner","high",,FALSE,0,TRUE,""
"exp3","exp3_004","3_NonIde_Cvb_Neg_1",0,"3","experimental","negative","nonideophone","converbial","manner","high",,FALSE,0,TRUE,""
"exp3","exp3_004","3_Ide_Cvb_Neg_1",0,"3","experimental","negative","ideophone","converbial","manner","high",,FALSE,0,TRUE,""
"exp3","exp3_004","2_NonIde_Red_Aff_1",100,"2","experimental","affirmative","nonideophone","reduplication","manner","low",,FALSE,0,TRUE,""
"exp3","exp3_004","2_Ide_Red_Aff_1",70,"2","experimental","affirmative","ideophone","reduplication","manner","low",,FALSE,0,TRUE,""
"exp3","exp3_004","1_NonIde_Red_Neg_1",20,"1","experimental","negative","nonideophone","reduplication","manner","low",,FALSE,0,TRUE,""
"exp3","exp3_004","1_Ide_Red_Neg_1",0,"1","experimental","negative","ideophone","reduplication","manner","low",,FALSE,0,TRUE,""
"exp3","exp3_005","Filler_Neg_UnGr_1_34",0,,"catch","negative",,,,,"ungrammatical",FALSE,0,TRUE,""
"exp3","exp3_005","Filler_Neg_UnGr_1_30",0,,"catch","negative",,,,,"ungrammatical",FALSE,0,TRUE,""
"exp3","exp3_005","Filler_Neg_Gr_1_33",100,,"catch","negative",,,,,"grammatical",FALSE,0,TRUE,""
"exp3","exp3_005","Filler_Neg_Gr_1_31",0,,"catch","negative",,,,,"grammatical",FALSE,0,TRUE,""
"exp3","exp3_005","Filler_Aff_UnGr_1_35",0,,"catch","affirmative",,,,,"ungrammatical",FALSE,0,TRUE,""
"exp3","exp3_005","Filler_Aff_UnGr_1_32",0,,"catch","affirmative",,,,,"ungrammatical",FALSE,0,TRUE,""
"exp3","exp3_005","Filler_Aff_Gr_1_36",100,,"catch","affirmative",,,,,"grammatical",FALSE,0,TRUE,""
"exp3","exp3_005","Filler_Aff_Gr_1_29",100,,"catch","affirmative",,,,,"grammatical",FALSE,0,TRUE,""
"exp3","exp3_005","8_NonIde_Red_Neg_1",0,"8","experimental","negative","nonideophone","reduplication","manner","low",,FALSE,0,TRUE,""
"exp3","exp3_005","8_Ide_Red_Neg_1",0,"8","experimental","negative","ideophone","reduplication","manner","low",,FALSE,0,TRUE,""
"exp3","exp3_005","7_NonIde_RegMod_Aff_1",100,"7","experimental","affirmative","nonideophone","manner","manner",,,FALSE,0,TRUE,""
"exp3","exp3_005","7_Ide_RegMod_Aff_1",100,"7","experimental","affirmative","ideophone","manner","manner",,,FALSE,0,TRUE,""
"exp3","exp3_005","6_NonIde_RegMod_Neg_1",100,"6","experimental","negative","nonideophone","manner","manner",,,FALSE,0,TRUE,""
"exp3","exp3_005","6_Ide_RegMod_Neg_1",0,"6","experimental","negative","ideophone","manner","manner",,,FALSE,0,TRUE,""
"exp3","exp3_005","5_NonIde_Cont_Aff_1",100,"5","experimental","affirmative","nonideophone","temporal","temporal",,,FALSE,0,TRUE,""
"exp3","exp3_005","5_Ide_Cont_Aff_1",100,"5","experimental","affirmative","ideophone","temporal","temporal",,,FALSE,0,TRUE,""
"exp3","exp3_005","4_NonIde_Cont_Neg_1",0,"4","experimental","negative","nonideophone","temporal","temporal",,,FALSE,0,TRUE,""
"exp3","exp3_005","4_Ide_Cont_Neg_1",100,"4","experimental","negative","ideophone","temporal","temporal",,,FALSE,0,TRUE,""
"exp3","exp3_005","3_NonIde_Cvb_Aff_1",100,"3","experimental","affirmative","nonideophone","converbial","manner","high",,FALSE,0,TRUE,""
"exp3","exp3_005","3_Ide_Cvb_Aff_1",100,"3","experimental","affirmative","ideophone","converbial","manner","high",,FALSE,0,TRUE,""
"exp3","exp3_005","2_NonIde_Cvb_Neg_1",100,"2","experimental","negative","nonideophone","converbial","manner","high",,FALSE,0,TRUE,""
"exp3","exp3_005","2_Ide_Cvb_Neg_1",0,"2","experimental","negative","ideophone","converbial","manner","high",,FALSE,0,TRUE,""
"exp3","exp3_005","1_NonIde_Red_Aff_1",100,"1","experimental","affirmative","nonideophone","reduplication","manner","low",,FALSE,0,TRUE,""
"exp3","exp3_005","1_Ide_Red_Aff_1",100,"1","experimental","affirmative","ideophone","reduplication","manner","low",,FALSE,0,TRUE,""
"exp3","exp3_006","Filler_Neg_UnGr_1_50",9,,"catch","negative",,,,,"ungrammatical",FALSE,1,TRUE,""
"exp3","exp3_006","Filler_Neg_UnGr_1_45",3,,"catch","negative",,,,,"ungrammatical",FALSE,1,TRUE,""
"exp3","exp3_006","Filler_Neg_Gr_1_49",88,,"catch","negative",,,,,"grammatical",FALSE,1,TRUE,""
"exp3","exp3_006","Filler_Neg_Gr_1_47",8,,"catch","negative",,,,,"grammatical",FALSE,1,TRUE,""
"exp3","exp3_006","Filler_Aff_UnGr_1_51",3,,"catch","affirmative",,,,,"ungrammatical",FALSE,1,TRUE,""
"exp3","exp3_006","Filler_Aff_UnGr_1_48",2,,"catch","affirmative",,,,,"ungrammatical",FALSE,1,TRUE,""
"exp3","exp3_006","Filler_Aff_Gr_1_52",26,,"catch","affirmative",,,,,"grammatical",TRUE,1,TRUE,""
"exp3","exp3_006","Filler_Aff_Gr_1_46",97,,"catch","affirmative",,,,,"grammatical",FALSE,1,TRUE,""
"exp3","exp3_006","8_NonIde_RegMod_Neg_1",72,"8","experimental","negative","nonideophone","manner","manner",,,FALSE,1,TRUE,""
"exp3","exp3_006","8_Ide_RegMod_Neg_1",88,"8","experimental","negative","ideophone","manner","manner",,,FALSE,1,TRUE,""
"exp3","exp3_006","7_NonIde_Cont_Aff_1",99,"7","experimental","affirmative","nonideophone","temporal","temporal",,,FALSE,1,TRUE,""
"exp3","exp3_006","7_Ide_Cont_Aff_1",97,"7","experimental","affirmative","ideophone","temporal","temporal",,,FALSE,1,TRUE,""
"exp3","exp3_006","6_NonIde_Cont_Neg_1",84,"6","experimental","negative","nonideophone","temporal","temporal",,,FALSE,1,TRUE,""
"exp3","exp3_006","6_Ide_Cont_Neg_1",84,"6","experimental","negative","ideophone","temporal","temporal",,,FALSE,1,TRUE,""
"exp3","exp3_006","5_NonIde_Cvb_Aff_1",89,"5","experimental","affirmative","nonideophone","converbial","manner","high",,FALSE,1,TRUE,""
"exp3","exp3_006","5_Ide_Cvb_Aff_1",97,"5","experimental","affirmative","ideophone","converbial","manner","high",,FALSE,1,TRUE,""
"exp3","exp3_006","4_NonIde_Cvb_Neg_1",83,"4","experimental","negative","nonideophone","converbial","manner","high",,FALSE,1,TRUE,""
"exp3","exp3_006","4_Ide_Cvb_Neg_1",86,"4","experimental","negative","ideophone","converbial","manner","high",,FALSE,1,TRUE,""
"exp3","exp3_006","3_NonIde_Red_Aff_1",95,"3","experimental","affirmative","nonideophone","reduplication","manner","low",,FALSE,1,TRUE,""
"exp3","exp3_006","3_Ide_Red_Aff_1",98,"3","experimental","affirmative","ideophone","reduplication","manner","low",,FALSE,1,TRUE,""
"exp3","exp3_006","2_NonIde_Red_Neg_1",91,"2","experimental","negative","nonideophone","reduplication","manner","low",,FALSE,1,TRUE,""
"exp3","exp3_006","2_Ide_Red_Neg_1",82,"2","experimental","negative","ideophone","reduplication","manner","low",,FALSE,1,TRUE,""
"exp3","exp3_006","1_NonIde_RegMod_Aff_1",82,"1","experimental","affirmative","nonideophone","manner","manner",,,FALSE,1,TRUE,""
"exp3","exp3_006","1_Ide_RegMod_Aff_1",97,"1","experimental","affirmative","ideophone","manner","manner",,,FALSE,1,TRUE,""
"exp3","exp3_007","Filler_Neg_UnGr_1_3",0,,"catch","negative",,,,,"ungrammatical",FALSE,0,TRUE,""
"exp3","exp3_007","Filler_Neg_UnGr_1",0,,"catch","negative",,,,,"ungrammatical",FALSE,0,TRUE,""
"exp3","exp3_007","Filler_Neg_Gr_1_1",100,,"catch","negative",,,,,"grammatical",FALSE,0,TRUE,""
"exp3","exp3_007","Filler_Neg_Gr_1",100,,"catch","negative",,,,,"grammatical",FALSE,0,TRUE,""
"exp3","exp3_007","Filler_Aff_UnGr_1_2",0,,"catch","affirmative",,,,,"ungrammatical",FALSE,0,TRUE,""
"exp3","exp3_007","Filler_Aff_UnGr_1",0,,"catch","affirmative",,,,,"ungrammatical",FALSE,0,TRUE,""
"exp3","exp3_007","Filler_Aff_Gr_1_4",100,,"catch","affirmative",,,,,"grammatical",FALSE,0,TRUE,""
"exp3","exp3_007","Filler_Aff_Gr_1",100,,"catch","affirmative",,,,,"grammatical",FALSE,0,TRUE,""
"exp3","exp3_007","8_NonIde_Cont_Neg_1",31,"8","experimental","negative","nonideophone","temporal","temporal",,,FALSE,0,TRUE,""
"exp3","exp3_007","8_Ide_Cont_Neg_1",0,"8","experimental","negative","ideophone","temporal","temporal",,,FALSE,0,TRUE,""
"exp3","exp3_007","7_NonIde_Cvb_Aff_1",100,"7","experimental","affirmative","nonideophone","converbial","manner","high",,FALSE,0,TRUE,""
"exp3","exp3_007","7_Ide_Cvb_Aff_1",100,"7","experimental","affirmative","ideophone","converbial","manner","high",,FALSE,0,TRUE,""
"exp3","exp3_007","6_NonIde_Cvb_Neg_1",28,"6","experimental","negative","nonideophone","converbial","manner","high",,FALSE,0,TRUE,""
"exp3","exp3_007","6_Ide_Cvb_Neg_1",0,"6","experimental","negative","ideophone","converbial","manner","high",,FALSE,0,TRUE,""
"exp3","exp3_007","5_NonIde_Red_Aff_1",100,"5","experimental","affirmative","nonideophone","reduplication","manner","low",,FALSE,0,TRUE,""
"exp3","exp3_007","5_Ide_Red_Aff_1",100,"5","experimental","affirmative","ideophone","reduplication","manner","low",,FALSE,0,TRUE,""
"exp3","exp3_007","4_NonIde_Red_Neg_1",0,"4","experimental","negative","nonideophone","reduplication","manner","low",,FALSE,0,TRUE,""
"exp3","exp3_007","4_Ide_Red_Neg_1",100,"4","experimental","negative","ideophone","reduplication","manner","low",,FALSE,0,TRUE,""
"exp3","exp3_007","3_NonIde_RegMod_Aff_1",85,"3","experimental","affirmative","nonideophone","manner","manner",,,FALSE,0,TRUE,""
"exp3","exp3_007","3_Ide_RegMod_Aff_1",100,"3","experimental","affirmative","ideophone","manner","manner",,,FALSE,0,TRUE,""
"exp3","exp3_007","2_NonIde_RegMod_Neg_1",85,"2","experimental","negative","nonideophone","manner","manner",,,FALSE,0,TRUE,""
"exp3","exp3_007","2_Ide_RegMod_Neg_1",89,"2","experimental","negative","ideophone","manner","manner",,,FALSE,0,TRUE,""
"exp3","exp3_007","1_NonIde_Cont_Aff_1",30,"1","experimental","affirmative","nonideophone","temporal","temporal",,,FALSE,0,TRUE,""
"exp3","exp3_007","1_Ide_Cont_Aff_1",100,"1","experimental","affirmative","ideophone","temporal","temporal",,,FALSE,0,TRUE,""
"exp3","exp3_008","Filler_Neg_UnGr_1_18",74,,"catch","negative",,,,,"ungrammatical",FALSE,2,FALSE,"failed_two_or_more_affirmative_catch_trials"
"exp3","exp3_008","Filler_Neg_UnGr_1_13",23,,"catch","negative",,,,,"ungrammatical",FALSE,2,FALSE,"failed_two_or_more_affirmative_catch_trials"
"exp3","exp3_008","Filler_Neg_Gr_1_17",77,,"catch","negative",,,,,"grammatical",FALSE,2,FALSE,"failed_two_or_more_affirmative_catch_trials"
"exp3","exp3_008","Filler_Neg_Gr_1_15",22,,"catch","negative",,,,,"grammatical",FALSE,2,FALSE,"failed_two_or_more_affirmative_catch_trials"
"exp3","exp3_008","Filler_Aff_UnGr_1_19",100,,"catch","affirmative",,,,,"ungrammatical",TRUE,2,FALSE,"failed_two_or_more_affirmative_catch_trials"
"exp3","exp3_008","Filler_Aff_UnGr_1_16",82,,"catch","affirmative",,,,,"ungrammatical",TRUE,2,FALSE,"failed_two_or_more_affirmative_catch_trials"
"exp3","exp3_008","Filler_Aff_Gr_1_20",79,,"catch","affirmative",,,,,"grammatical",FALSE,2,FALSE,"failed_two_or_more_affirmative_catch_trials"
"exp3","exp3_008","Filler_Aff_Gr_1_14",100,,"catch","affirmative",,,,,"grammatical",FALSE,2,FALSE,"failed_two_or_more_affirmative_catch_trials"
"exp3","exp3_008","8_NonIde_Cvb_Neg_1",0,"8","experimental","negative","nonideophone","converbial","manner","high",,FALSE,2,FALSE,"failed_two_or_more_affirmative_catch_trials"
"exp3","exp3_008","8_Ide_Cvb_Neg_1",25,"8","experimental","negative","ideophone","converbial","manner","high",,FALSE,2,FALSE,"failed_two_or_more_affirmative_catch_trials"
"exp3","exp3_008","7_NonIde_Red_Aff_1",76,"7","experimental","affirmative","nonideophone","reduplication","manner","low",,FALSE,2,FALSE,"failed_two_or_more_affirmative_catch_trials"
"exp3","exp3_008","7_Ide_Red_Aff_1",100,"7","experimental","affirmative","ideophone","reduplication","manner","low",,FALSE,2,FALSE,"failed_two_or_more_affirmative_catch_trials"
"exp3","exp3_008","6_NonIde_Red_Neg_1",19,"6","experimental","negative","nonideophone","reduplication","manner","low",,FALSE,2,FALSE,"failed_two_or_more_affirmative_catch_trials"
"exp3","exp3_008","6_Ide_Red_Neg_1",18,"6","experimental","negative","ideophone","reduplication","manner","low",,FALSE,2,FALSE,"failed_two_or_more_affirmative_catch_trials"
"exp3","exp3_008","5_NonIde_RegMod_Aff_1",100,"5","experimental","affirmative","nonideophone","manner","manner",,,FALSE,2,FALSE,"failed_two_or_more_affirmative_catch_trials"
"exp3","exp3_008","5_Ide_RegMod_Aff_1",22,"5","experimental","affirmative","ideophone","manner","manner",,,FALSE,2,FALSE,"failed_two_or_more_affirmative_catch_trials"
"exp3","exp3_008","4_NonIde_RegMod_Neg_1",25,"4","experimental","negative","nonideophone","manner","manner",,,FALSE,2,FALSE,"failed_two_or_more_affirmative_catch_trials"
"exp3","exp3_008","4_Ide_RegMod_Neg_1",27,"4","experimental","negative","ideophone","manner","manner",,,FALSE,2,FALSE,"failed_two_or_more_affirmative_catch_trials"
"exp3","exp3_008","3_NonIde_Cont_Aff_1",25,"3","experimental","affirmative","nonideophone","temporal","temporal",,,FALSE,2,FALSE,"failed_two_or_more_affirmative_catch_trials"
"exp3","exp3_008","3_Ide_Cont_Aff_1",22,"3","experimental","affirmative","ideophone","temporal","temporal",,,FALSE,2,FALSE,"failed_two_or_more_affirmative_catch_trials"
"exp3","exp3_008","2_NonIde_Cont_Neg_1",77,"2","experimental","negative","nonideophone","temporal","temporal",,,FALSE,2,FALSE,"failed_two_or_more_affirmative_catch_trials"
"exp3","exp3_008","2_Ide_Cont_Neg_1",100,"2","experimental","negative","ideophone","temporal","temporal",,,FALSE,2,FALSE,"failed_two_or_more_affirmative_catch_trials"
"exp3","exp3_008","1_NonIde_Cvb_Aff_1",66,"1","experimental","affirmative","nonideophone","converbial","manner","high",,FALSE,2,FALSE,"failed_two_or_more_affirmative_catch_trials"
"exp3","exp3_008","1_Ide_Cvb_Aff_1",17,"1","experimental","affirmative","ideophone","converbial","manner","high",,FALSE,2,FALSE,"failed_two_or_more_affirmative_catch_trials"
"exp3","exp3_009","Filler_Neg_UnGr_1_18",0,,"catch","negative",,,,,"ungrammatical",FALSE,0,TRUE,""
"exp3","exp3_009","Filler_Neg_UnGr_1_13",0,,"catch","negative",,,,,"ungrammatical",FALSE,0,TRUE,""
"exp3","exp3_009","Filler_Neg_Gr_1_17",25,,"catch","negative",,,,,"grammatical",FALSE,0,TRUE,""
"exp3","exp3_009","Filler_Neg_Gr_1_15",100,,"catch","negative",,,,,"grammatical",FALSE,0,TRUE,""
"exp3","exp3_009","Filler_Aff_UnGr_1_19",0,,"catch","affirmative",,,,,"ungrammatical",FALSE,0,TRUE,""
"exp3","exp3_009","Filler_Aff_UnGr_1_16",0,,"catch","affirmative",,,,,"ungrammatical",FALSE,0,TRUE,""
"exp3","exp3_009","Filler_Aff_Gr_1_20",100,,"catch","affirmative",,,,,"grammatical",FALSE,0,TRUE,""
"exp3","exp3_009","Filler_Aff_Gr_1_14",100,,"catch","affirmative",,,,,"grammatical",FALSE,0,TRUE,""
"exp3","exp3_009","8_NonIde_Cvb_Neg_1",0,"8","experimental","negative","nonideophone","converbial","manner","high",,FALSE,0,TRUE,""
"exp3","exp3_009","8_Ide_Cvb_Neg_1",70,"8","experimental","negative","ideophone","converbial","manner","high",,FALSE,0,TRUE,""
"exp3","exp3_009","7_NonIde_Red_Aff_1",100,"7","experimental","affirmative","nonideophone","reduplication","manner","low",,FALSE,0,TRUE,""
"exp3","exp3_009","7_Ide_Red_Aff_1",100,"7","experimental","affirmative","ideophone","reduplication","manner","low",,FALSE,0,TRUE,""
"exp3","exp3_009","6_NonIde_Red_Neg_1",50,"6","experimental","negative","nonideophone","reduplication","manner","low",,FALSE,0,TRUE,""
"exp3","exp3_009","6_Ide_Red_Neg_1",80,"6","experimental","negative","ideophone","reduplication","manner","low",,FALSE,0,TRUE,""
"exp3","exp3_009","5_NonIde_RegMod_Aff_1",90,"5","experimental","affirmative","nonideophone","manner","manner",,,FALSE,0,TRUE,""
"exp3","exp3_009","5_Ide_RegMod_Aff_1",100,"5","experimental","affirmative","ideophone","manner","manner",,,FALSE,0,TRUE,""
"exp3","exp3_009","4_NonIde_RegMod_Neg_1",20,"4","experimental","negative","nonideophone","manner","manner",,,FALSE,0,TRUE,""
"exp3","exp3_009","4_Ide_RegMod_Neg_1",90,"4","experimental","negative","ideophone","manner","manner",,,FALSE,0,TRUE,""
"exp3","exp3_009","3_NonIde_Cont_Aff_1",100,"3","experimental","affirmative","nonideophone","temporal","temporal",,,FALSE,0,TRUE,""
"exp3","exp3_009","3_Ide_Cont_Aff_1",100,"3","experimental","affirmative","ideophone","temporal","temporal",,,FALSE,0,TRUE,""
"exp3","exp3_009","2_NonIde_Cont_Neg_1",50,"2","experimental","negative","nonideophone","temporal","temporal",,,FALSE,0,TRUE,""
"exp3","exp3_009","2_Ide_Cont_Neg_1",100,"2","experimental","negative","ideophone","temporal","temporal",,,FALSE,0,TRUE,""
"exp3","exp3_009","1_NonIde_Cvb_Aff_1",35,"1","experimental","affirmative","nonideophone","converbial","manner","high",,FALSE,0,TRUE,""
"exp3","exp3_009","1_Ide_Cvb_Aff_1",100,"1","experimental","affirmative","ideophone","converbial","manner","high",,FALSE,0,TRUE,""
"exp3","exp3_010","Filler_Neg_UnGr_1_3",0,,"catch","negative",,,,,"ungrammatical",FALSE,0,TRUE,""
"exp3","exp3_010","Filler_Neg_UnGr_1",0,,"catch","negative",,,,,"ungrammatical",FALSE,0,TRUE,""
"exp3","exp3_010","Filler_Neg_Gr_1_1",99,,"catch","negative",,,,,"grammatical",FALSE,0,TRUE,""
"exp3","exp3_010","Filler_Neg_Gr_1",100,,"catch","negative",,,,,"grammatical",FALSE,0,TRUE,""
"exp3","exp3_010","Filler_Aff_UnGr_1_2",0,,"catch","affirmative",,,,,"ungrammatical",FALSE,0,TRUE,""
"exp3","exp3_010","Filler_Aff_UnGr_1",0,,"catch","affirmative",,,,,"ungrammatical",FALSE,0,TRUE,""
"exp3","exp3_010","Filler_Aff_Gr_1_4",100,,"catch","affirmative",,,,,"grammatical",FALSE,0,TRUE,""
"exp3","exp3_010","Filler_Aff_Gr_1",100,,"catch","affirmative",,,,,"grammatical",FALSE,0,TRUE,""
"exp3","exp3_010","8_NonIde_Cont_Neg_1",100,"8","experimental","negative","nonideophone","temporal","temporal",,,FALSE,0,TRUE,""
"exp3","exp3_010","8_Ide_Cont_Neg_1",100,"8","experimental","negative","ideophone","temporal","temporal",,,FALSE,0,TRUE,""
"exp3","exp3_010","7_NonIde_Cvb_Aff_1",100,"7","experimental","affirmative","nonideophone","converbial","manner","high",,FALSE,0,TRUE,""
"exp3","exp3_010","7_Ide_Cvb_Aff_1",81,"7","experimental","affirmative","ideophone","converbial","manner","high",,FALSE,0,TRUE,""
"exp3","exp3_010","6_NonIde_Cvb_Neg_1",95,"6","experimental","negative","nonideophone","converbial","manner","high",,FALSE,0,TRUE,""
"exp3","exp3_010","6_Ide_Cvb_Neg_1",40,"6","experimental","negative","ideophone","converbial","manner","high",,FALSE,0,TRUE,""
"exp3","exp3_010","5_NonIde_Red_Aff_1",100,"5","experimental","affirmative","nonideophone","reduplication","manner","low",,FALSE,0,TRUE,""
"exp3","exp3_010","5_Ide_Red_Aff_1",74,"5","experimental","affirmative","ideophone","reduplication","manner","low",,FALSE,0,TRUE,""
"exp3","exp3_010","4_NonIde_Red_Neg_1",43,"4","experimental","negative","nonideophone","reduplication","manner","low",,FALSE,0,TRUE,""
"exp3","exp3_010","4_Ide_Red_Neg_1",100,"4","experimental","negative","ideophone","reduplication","manner","low",,FALSE,0,TRUE,""
"exp3","exp3_010","3_NonIde_RegMod_Aff_1",100,"3","experimental","affirmative","nonideophone","manner","manner",,,FALSE,0,TRUE,""
"exp3","exp3_010","3_Ide_RegMod_Aff_1",100,"3","experimental","affirmative","ideophone","manner","manner",,,FALSE,0,TRUE,""
"exp3","exp3_010","2_NonIde_RegMod_Neg_1",100,"2","experimental","negative","nonideophone","manner","manner",,,FALSE,0,TRUE,""
"exp3","exp3_010","2_Ide_RegMod_Neg_1",100,"2","experimental","negative","ideophone","manner","manner",,,FALSE,0,TRUE,""
"exp3","exp3_010","1_NonIde_Cont_Aff_1",100,"1","experimental","affirmative","nonideophone","temporal","temporal",,,FALSE,0,TRUE,""
"exp3","exp3_010","1_Ide_Cont_Aff_1",100,"1","experimental","affirmative","ideophone","temporal","temporal",,,FALSE,0,TRUE,""
"exp3","exp3_011","Filler_Neg_UnGr_1_11",0,,"catch","negative",,,,,"ungrammatical",FALSE,0,TRUE,""
"exp3","exp3_011","Filler_Neg_UnGr_1_10",0,,"catch","negative",,,,,"ungrammatical",FALSE,0,TRUE,""
"exp3","exp3_011","Filler_Neg_Gr_1_7",20,,"catch","negative",,,,,"grammatical",FALSE,0,TRUE,""
"exp3","exp3_011","Filler_Neg_Gr_1_12",100,,"catch","negative",,,,,"grammatical",FALSE,0,TRUE,""
"exp3","exp3_011","Filler_Aff_UnGr_1_9",0,,"catch","affirmative",,,,,"ungrammatical",FALSE,0,TRUE,""
"exp3","exp3_011","Filler_Aff_UnGr_1_6",0,,"catch","affirmative",,,,,"ungrammatical",FALSE,0,TRUE,""
"exp3","exp3_011","Filler_Aff_Gr_1_8",100,,"catch","affirmative",,,,,"grammatical",FALSE,0,TRUE,""
"exp3","exp3_011","Filler_Aff_Gr_1_5",100,,"catch","affirmative",,,,,"grammatical",FALSE,0,TRUE,""
"exp3","exp3_011","8_NonIde_Cvb_Aff_1",100,"8","experimental","affirmative","nonideophone","converbial","manner","high",,FALSE,0,TRUE,""
"exp3","exp3_011","8_Ide_Cvb_Aff_1",100,"8","experimental","affirmative","ideophone","converbial","manner","high",,FALSE,0,TRUE,""
"exp3","exp3_011","7_NonIde_Cvb_Neg_1",5,"7","experimental","negative","nonideophone","converbial","manner","high",,FALSE,0,TRUE,""
"exp3","exp3_011","7_Ide_Cvb_Neg_1",35,"7","experimental","negative","ideophone","converbial","manner","high",,FALSE,0,TRUE,""
"exp3","exp3_011","6_NonIde_Red_Aff_1",100,"6","experimental","affirmative","nonideophone","reduplication","manner","low",,FALSE,0,TRUE,""
"exp3","exp3_011","6_Ide_Red_Aff_1",100,"6","experimental","affirmative","ideophone","reduplication","manner","low",,FALSE,0,TRUE,""
"exp3","exp3_011","5_NonIde_Red_Neg_1",50,"5","experimental","negative","nonideophone","reduplication","manner","low",,FALSE,0,TRUE,""
"exp3","exp3_011","5_Ide_Red_Neg_1",10,"5","experimental","negative","ideophone","reduplication","manner","low",,FALSE,0,TRUE,""
"exp3","exp3_011","4_NonIde_RegMod_Aff_1",100,"4","experimental","affirmative","nonideophone","manner","manner",,,FALSE,0,TRUE,""
"exp3","exp3_011","4_Ide_RegMod_Aff_1",100,"4","experimental","affirmative","ideophone","manner","manner",,,FALSE,0,TRUE,""
"exp3","exp3_011","3_NonIde_RegMod_Neg_1",15,"3","experimental","negative","nonideophone","manner","manner",,,FALSE,0,TRUE,""
"exp3","exp3_011","3_Ide_RegMod_Neg_1",22,"3","experimental","negative","ideophone","manner","manner",,,FALSE,0,TRUE,""
"exp3","exp3_011","2_NonIde_Cont_Aff_1",100,"2","experimental","affirmative","nonideophone","temporal","temporal",,,FALSE,0,TRUE,""
"exp3","exp3_011","2_Ide_Cont_Aff_1",100,"2","experimental","affirmative","ideophone","temporal","temporal",,,FALSE,0,TRUE,""
"exp3","exp3_011","1_NonIde_Cont_Neg_1",25,"1","experimental","negative","nonideophone","temporal","temporal",,,FALSE,0,TRUE,""
"exp3","exp3_011","1_Ide_Cont_Neg_1",50,"1","experimental","negative","ideophone","temporal","temporal",,,FALSE,0,TRUE,""
"exp3","exp3_012","Filler_Neg_UnGr_1_11",0,,"catch","negative",,,,,"ungrammatical",FALSE,0,TRUE,""
"exp3","exp3_012","Filler_Neg_UnGr_1_10",0,,"catch","negative",,,,,"ungrammatical",FALSE,0,TRUE,""
"exp3","exp3_012","Filler_Neg_Gr_1_7",88,,"catch","negative",,,,,"grammatical",FALSE,0,TRUE,""
"exp3","exp3_012","Filler_Neg_Gr_1_12",68,,"catch","negative",,,,,"grammatical",FALSE,0,TRUE,""
"exp3","exp3_012","Filler_Aff_UnGr_1_9",0,,"catch","affirmative",,,,,"ungrammatical",FALSE,0,TRUE,""
"exp3","exp3_012","Filler_Aff_UnGr_1_6",0,,"catch","affirmative",,,,,"ungrammatical",FALSE,0,TRUE,""
"exp3","exp3_012","Filler_Aff_Gr_1_8",100,,"catch","affirmative",,,,,"grammatical",FALSE,0,TRUE,""
"exp3","exp3_012","Filler_Aff_Gr_1_5",96,,"catch","affirmative",,,,,"grammatical",FALSE,0,TRUE,""
"exp3","exp3_012","8_NonIde_Cvb_Aff_1",86,"8","experimental","affirmative","nonideophone","converbial","manner","high",,FALSE,0,TRUE,""
"exp3","exp3_012","8_Ide_Cvb_Aff_1",100,"8","experimental","affirmative","ideophone","converbial","manner","high",,FALSE,0,TRUE,""
"exp3","exp3_012","7_NonIde_Cvb_Neg_1",58,"7","experimental","negative","nonideophone","converbial","manner","high",,FALSE,0,TRUE,""
"exp3","exp3_012","7_Ide_Cvb_Neg_1",66,"7","experimental","negative","ideophone","converbial","manner","high",,FALSE,0,TRUE,""
"exp3","exp3_012","6_NonIde_Red_Aff_1",66,"6","experimental","affirmative","nonideophone","reduplication","manner","low",,FALSE,0,TRUE,""
"exp3","exp3_012","6_Ide_Red_Aff_1",99,"6","experimental","affirmative","ideophone","reduplication","manner","low",,FALSE,0,TRUE,""
"exp3","exp3_012","5_NonIde_Red_Neg_1",58,"5","experimental","negative","nonideophone","reduplication","manner","low",,FALSE,0,TRUE,""
"exp3","exp3_012","5_Ide_Red_Neg_1",63,"5","experimental","negative","ideophone","reduplication","manner","low",,FALSE,0,TRUE,""
"exp3","exp3_012","4_NonIde_RegMod_Aff_1",100,"4","experimental","affirmative","nonideophone","manner","manner",,,FALSE,0,TRUE,""
"exp3","exp3_012","4_Ide_RegMod_Aff_1",100,"4","experimental","affirmative","ideophone","manner","manner",,,FALSE,0,TRUE,""
"exp3","exp3_012","3_NonIde_RegMod_Neg_1",40,"3","experimental","negative","nonideophone","manner","manner",,,FALSE,0,TRUE,""
"exp3","exp3_012","3_Ide_RegMod_Neg_1",36,"3","experimental","negative","ideophone","manner","manner",,,FALSE,0,TRUE,""
"exp3","exp3_012","2_NonIde_Cont_Aff_1",100,"2","experimental","affirmative","nonideophone","temporal","temporal",,,FALSE,0,TRUE,""
"exp3","exp3_012","2_Ide_Cont_Aff_1",100,"2","experimental","affirmative","ideophone","temporal","temporal",,,FALSE,0,TRUE,""
"exp3","exp3_012","1_NonIde_Cont_Neg_1",55,"1","experimental","negative","nonideophone","temporal","temporal",,,FALSE,0,TRUE,""
"exp3","exp3_012","1_Ide_Cont_Neg_1",65,"1","experimental","negative","ideophone","temporal","temporal",,,FALSE,0,TRUE,""
"exp3","exp3_013","Filler_Neg_UnGr_1_59",0,,"catch","negative",,,,,"ungrammatical",FALSE,1,TRUE,""
"exp3","exp3_013","Filler_Neg_UnGr_1_56",0,,"catch","negative",,,,,"ungrammatical",FALSE,1,TRUE,""
"exp3","exp3_013","Filler_Neg_Gr_1_60",100,,"catch","negative",,,,,"grammatical",FALSE,1,TRUE,""
"exp3","exp3_013","Filler_Neg_Gr_1_53",100,,"catch","negative",,,,,"grammatical",FALSE,1,TRUE,""
"exp3","exp3_013","Filler_Aff_UnGr_1_58",0,,"catch","affirmative",,,,,"ungrammatical",FALSE,1,TRUE,""
"exp3","exp3_013","Filler_Aff_UnGr_1_54",0,,"catch","affirmative",,,,,"ungrammatical",FALSE,1,TRUE,""
"exp3","exp3_013","Filler_Aff_Gr_1_57",41,,"catch","affirmative",,,,,"grammatical",TRUE,1,TRUE,""
"exp3","exp3_013","Filler_Aff_Gr_1_55",100,,"catch","affirmative",,,,,"grammatical",FALSE,1,TRUE,""
"exp3","exp3_013","8_NonIde_Cont_Aff_1",100,"8","experimental","affirmative","nonideophone","temporal","temporal",,,FALSE,1,TRUE,""
"exp3","exp3_013","8_Ide_Cont_Aff_1",100,"8","experimental","affirmative","ideophone","temporal","temporal",,,FALSE,1,TRUE,""
"exp3","exp3_013","7_NonIde_Cont_Neg_1",100,"7","experimental","negative","nonideophone","temporal","temporal",,,FALSE,1,TRUE,""
"exp3","exp3_013","7_Ide_Cont_Neg_1",40,"7","experimental","negative","ideophone","temporal","temporal",,,FALSE,1,TRUE,""
"exp3","exp3_013","6_NonIde_Cvb_Aff_1",100,"6","experimental","affirmative","nonideophone","converbial","manner","high",,FALSE,1,TRUE,""
"exp3","exp3_013","6_Ide_Cvb_Aff_1",100,"6","experimental","affirmative","ideophone","converbial","manner","high",,FALSE,1,TRUE,""
"exp3","exp3_013","5_NonIde_Cvb_Neg_1",41,"5","experimental","negative","nonideophone","converbial","manner","high",,FALSE,1,TRUE,""
"exp3","exp3_013","5_Ide_Cvb_Neg_1",40,"5","experimental","negative","ideophone","converbial","manner","high",,FALSE,1,TRUE,""
"exp3","exp3_013","4_NonIde_Red_Aff_1",100,"4","experimental","affirmative","nonideophone","reduplication","manner","low",,FALSE,1,TRUE,""
"exp3","exp3_013","4_Ide_Red_Aff_1",100,"4","experimental","affirmative","ideophone","reduplication","manner","low",,FALSE,1,TRUE,""
"exp3","exp3_013","3_NonIde_Red_Neg_1",40,"3","experimental","negative","nonideophone","reduplication","manner","low",,FALSE,1,TRUE,""
"exp3","exp3_013","3_Ide_Red_Neg_1",100,"3","experimental","negative","ideophone","reduplication","manner","low",,FALSE,1,TRUE,""
"exp3","exp3_013","2_NonIde_RegMod_Aff_1",100,"2","experimental","affirmative","nonideophone","manner","manner",,,FALSE,1,TRUE,""
"exp3","exp3_013","2_Ide_RegMod_Aff_1",100,"2","experimental","affirmative","ideophone","manner","manner",,,FALSE,1,TRUE,""
"exp3","exp3_013","1_NonIde_RegMod_Neg_1",100,"1","experimental","negative","nonideophone","manner","manner",,,FALSE,1,TRUE,""
"exp3","exp3_013","1_Ide_RegMod_Neg_1",100,"1","experimental","negative","ideophone","manner","manner",,,FALSE,1,TRUE,""
"exp3","exp3_014","Filler_Neg_UnGr_1_11",0,,"catch","negative",,,,,"ungrammatical",FALSE,0,TRUE,""
"exp3","exp3_014","Filler_Neg_UnGr_1_10",0,,"catch","negative",,,,,"ungrammatical",FALSE,0,TRUE,""
"exp3","exp3_014","Filler_Neg_Gr_1_7",100,,"catch","negative",,,,,"grammatical",FALSE,0,TRUE,""
"exp3","exp3_014","Filler_Neg_Gr_1_12",100,,"catch","negative",,,,,"grammatical",FALSE,0,TRUE,""
"exp3","exp3_014","Filler_Aff_UnGr_1_9",0,,"catch","affirmative",,,,,"ungrammatical",FALSE,0,TRUE,""
"exp3","exp3_014","Filler_Aff_UnGr_1_6",0,,"catch","affirmative",,,,,"ungrammatical",FALSE,0,TRUE,""
"exp3","exp3_014","Filler_Aff_Gr_1_8",100,,"catch","affirmative",,,,,"grammatical",FALSE,0,TRUE,""
"exp3","exp3_014","Filler_Aff_Gr_1_5",100,,"catch","affirmative",,,,,"grammatical",FALSE,0,TRUE,""
"exp3","exp3_014","8_NonIde_Cvb_Aff_1",100,"8","experimental","affirmative","nonideophone","converbial","manner","high",,FALSE,0,TRUE,""
"exp3","exp3_014","8_Ide_Cvb_Aff_1",100,"8","experimental","affirmative","ideophone","converbial","manner","high",,FALSE,0,TRUE,""
"exp3","exp3_014","7_NonIde_Cvb_Neg_1",100,"7","experimental","negative","nonideophone","converbial","manner","high",,FALSE,0,TRUE,""
"exp3","exp3_014","7_Ide_Cvb_Neg_1",100,"7","experimental","negative","ideophone","converbial","manner","high",,FALSE,0,TRUE,""
"exp3","exp3_014","6_NonIde_Red_Aff_1",100,"6","experimental","affirmative","nonideophone","reduplication","manner","low",,FALSE,0,TRUE,""
"exp3","exp3_014","6_Ide_Red_Aff_1",100,"6","experimental","affirmative","ideophone","reduplication","manner","low",,FALSE,0,TRUE,""
"exp3","exp3_014","5_NonIde_Red_Neg_1",100,"5","experimental","negative","nonideophone","reduplication","manner","low",,FALSE,0,TRUE,""
"exp3","exp3_014","5_Ide_Red_Neg_1",100,"5","experimental","negative","ideophone","reduplication","manner","low",,FALSE,0,TRUE,""
"exp3","exp3_014","4_NonIde_RegMod_Aff_1",100,"4","experimental","affirmative","nonideophone","manner","manner",,,FALSE,0,TRUE,""
"exp3","exp3_014","4_Ide_RegMod_Aff_1",100,"4","experimental","affirmative","ideophone","manner","manner",,,FALSE,0,TRUE,""
"exp3","exp3_014","3_NonIde_RegMod_Neg_1",100,"3","experimental","negative","nonideophone","manner","manner",,,FALSE,0,TRUE,""
"exp3","exp3_014","3_Ide_RegMod_Neg_1",0,"3","experimental","negative","ideophone","manner","manner",,,FALSE,0,TRUE,""
"exp3","exp3_014","2_NonIde_Cont_Aff_1",100,"2","experimental","affirmative","nonideophone","temporal","temporal",,,FALSE,0,TRUE,""
"exp3","exp3_014","2_Ide_Cont_Aff_1",100,"2","experimental","affirmative","ideophone","temporal","temporal",,,FALSE,0,TRUE,""
"exp3","exp3_014","1_NonIde_Cont_Neg_1",100,"1","experimental","negative","nonideophone","temporal","temporal",,,FALSE,0,TRUE,""
"exp3","exp3_014","1_Ide_Cont_Neg_1",100,"1","experimental","negative","ideophone","temporal","temporal",,,FALSE,0,TRUE,""
"exp3","exp3_015","Filler_Neg_UnGr_1_59",0,,"catch","negative",,,,,"ungrammatical",FALSE,0,TRUE,""
"exp3","exp3_015","Filler_Neg_UnGr_1_56",0,,"catch","negative",,,,,"ungrammatical",FALSE,0,TRUE,""
"exp3","exp3_015","Filler_Neg_Gr_1_60",100,,"catch","negative",,,,,"grammatical",FALSE,0,TRUE,""
"exp3","exp3_015","Filler_Neg_Gr_1_53",100,,"catch","negative",,,,,"grammatical",FALSE,0,TRUE,""
"exp3","exp3_015","Filler_Aff_UnGr_1_58",0,,"catch","affirmative",,,,,"ungrammatical",FALSE,0,TRUE,""
"exp3","exp3_015","Filler_Aff_UnGr_1_54",0,,"catch","affirmative",,,,,"ungrammatical",FALSE,0,TRUE,""
"exp3","exp3_015","Filler_Aff_Gr_1_57",100,,"catch","affirmative",,,,,"grammatical",FALSE,0,TRUE,""
"exp3","exp3_015","Filler_Aff_Gr_1_55",100,,"catch","affirmative",,,,,"grammatical",FALSE,0,TRUE,""
"exp3","exp3_015","8_NonIde_Cont_Aff_1",100,"8","experimental","affirmative","nonideophone","temporal","temporal",,,FALSE,0,TRUE,""
"exp3","exp3_015","8_Ide_Cont_Aff_1",100,"8","experimental","affirmative","ideophone","temporal","temporal",,,FALSE,0,TRUE,""
"exp3","exp3_015","7_NonIde_Cont_Neg_1",0,"7","experimental","negative","nonideophone","temporal","temporal",,,FALSE,0,TRUE,""
"exp3","exp3_015","7_Ide_Cont_Neg_1",0,"7","experimental","negative","ideophone","temporal","temporal",,,FALSE,0,TRUE,""
"exp3","exp3_015","6_NonIde_Cvb_Aff_1",100,"6","experimental","affirmative","nonideophone","converbial","manner","high",,FALSE,0,TRUE,""
"exp3","exp3_015","6_Ide_Cvb_Aff_1",0,"6","experimental","affirmative","ideophone","converbial","manner","high",,FALSE,0,TRUE,""
"exp3","exp3_015","5_NonIde_Cvb_Neg_1",0,"5","experimental","negative","nonideophone","converbial","manner","high",,FALSE,0,TRUE,""
"exp3","exp3_015","5_Ide_Cvb_Neg_1",0,"5","experimental","negative","ideophone","converbial","manner","high",,FALSE,0,TRUE,""
"exp3","exp3_015","4_NonIde_Red_Aff_1",100,"4","experimental","affirmative","nonideophone","reduplication","manner","low",,FALSE,0,TRUE,""
"exp3","exp3_015","4_Ide_Red_Aff_1",100,"4","experimental","affirmative","ideophone","reduplication","manner","low",,FALSE,0,TRUE,""
"exp3","exp3_015","3_NonIde_Red_Neg_1",0,"3","experimental","negative","nonideophone","reduplication","manner","low",,FALSE,0,TRUE,""
"exp3","exp3_015","3_Ide_Red_Neg_1",0,"3","experimental","negative","ideophone","reduplication","manner","low",,FALSE,0,TRUE,""
"exp3","exp3_015","2_NonIde_RegMod_Aff_1",100,"2","experimental","affirmative","nonideophone","manner","manner",,,FALSE,0,TRUE,""
"exp3","exp3_015","2_Ide_RegMod_Aff_1",100,"2","experimental","affirmative","ideophone","manner","manner",,,FALSE,0,TRUE,""
"exp3","exp3_015","1_NonIde_RegMod_Neg_1",0,"1","experimental","negative","nonideophone","manner","manner",,,FALSE,0,TRUE,""
"exp3","exp3_015","1_Ide_RegMod_Neg_1",0,"1","experimental","negative","ideophone","manner","manner",,,FALSE,0,TRUE,""
"exp3","exp3_016","Filler_Neg_UnGr_1_3",0,,"catch","negative",,,,,"ungrammatical",FALSE,0,TRUE,""
"exp3","exp3_016","Filler_Neg_UnGr_1",0,,"catch","negative",,,,,"ungrammatical",FALSE,0,TRUE,""
"exp3","exp3_016","Filler_Neg_Gr_1_1",89,,"catch","negative",,,,,"grammatical",FALSE,0,TRUE,""
"exp3","exp3_016","Filler_Neg_Gr_1",87,,"catch","negative",,,,,"grammatical",FALSE,0,TRUE,""
"exp3","exp3_016","Filler_Aff_UnGr_1_2",0,,"catch","affirmative",,,,,"ungrammatical",FALSE,0,TRUE,""
"exp3","exp3_016","Filler_Aff_UnGr_1",0,,"catch","affirmative",,,,,"ungrammatical",FALSE,0,TRUE,""
"exp3","exp3_016","Filler_Aff_Gr_1_4",83,,"catch","affirmative",,,,,"grammatical",FALSE,0,TRUE,""
"exp3","exp3_016","Filler_Aff_Gr_1",100,,"catch","affirmative",,,,,"grammatical",FALSE,0,TRUE,""
"exp3","exp3_016","8_NonIde_Cont_Neg_1",88,"8","experimental","negative","nonideophone","temporal","temporal",,,FALSE,0,TRUE,""
"exp3","exp3_016","8_Ide_Cont_Neg_1",91,"8","experimental","negative","ideophone","temporal","temporal",,,FALSE,0,TRUE,""
"exp3","exp3_016","7_NonIde_Cvb_Aff_1",100,"7","experimental","affirmative","nonideophone","converbial","manner","high",,FALSE,0,TRUE,""
"exp3","exp3_016","7_Ide_Cvb_Aff_1",100,"7","experimental","affirmative","ideophone","converbial","manner","high",,FALSE,0,TRUE,""
"exp3","exp3_016","6_NonIde_Cvb_Neg_1",72,"6","experimental","negative","nonideophone","converbial","manner","high",,FALSE,0,TRUE,""
"exp3","exp3_016","6_Ide_Cvb_Neg_1",70,"6","experimental","negative","ideophone","converbial","manner","high",,FALSE,0,TRUE,""
"exp3","exp3_016","5_NonIde_Red_Aff_1",100,"5","experimental","affirmative","nonideophone","reduplication","manner","low",,FALSE,0,TRUE,""
"exp3","exp3_016","5_Ide_Red_Aff_1",100,"5","experimental","affirmative","ideophone","reduplication","manner","low",,FALSE,0,TRUE,""
"exp3","exp3_016","4_NonIde_Red_Neg_1",89,"4","experimental","negative","nonideophone","reduplication","manner","low",,FALSE,0,TRUE,""
"exp3","exp3_016","4_Ide_Red_Neg_1",86,"4","experimental","negative","ideophone","reduplication","manner","low",,FALSE,0,TRUE,""
"exp3","exp3_016","3_NonIde_RegMod_Aff_1",100,"3","experimental","affirmative","nonideophone","manner","manner",,,FALSE,0,TRUE,""
"exp3","exp3_016","3_Ide_RegMod_Aff_1",100,"3","experimental","affirmative","ideophone","manner","manner",,,FALSE,0,TRUE,""
"exp3","exp3_016","2_NonIde_RegMod_Neg_1",74,"2","experimental","negative","nonideophone","manner","manner",,,FALSE,0,TRUE,""
"exp3","exp3_016","2_Ide_RegMod_Neg_1",83,"2","experimental","negative","ideophone","manner","manner",,,FALSE,0,TRUE,""
"exp3","exp3_016","1_NonIde_Cont_Aff_1",100,"1","experimental","affirmative","nonideophone","temporal","temporal",,,FALSE,0,TRUE,""
"exp3","exp3_016","1_Ide_Cont_Aff_1",100,"1","experimental","affirmative","ideophone","temporal","temporal",,,FALSE,0,TRUE,""
"exp3","exp3_017","Filler_Neg_UnGr_1_18",0,,"catch","negative",,,,,"ungrammatical",FALSE,0,TRUE,""
"exp3","exp3_017","Filler_Neg_UnGr_1_13",0,,"catch","negative",,,,,"ungrammatical",FALSE,0,TRUE,""
"exp3","exp3_017","Filler_Neg_Gr_1_17",94,,"catch","negative",,,,,"grammatical",FALSE,0,TRUE,""
"exp3","exp3_017","Filler_Neg_Gr_1_15",100,,"catch","negative",,,,,"grammatical",FALSE,0,TRUE,""
"exp3","exp3_017","Filler_Aff_UnGr_1_19",0,,"catch","affirmative",,,,,"ungrammatical",FALSE,0,TRUE,""
"exp3","exp3_017","Filler_Aff_UnGr_1_16",0,,"catch","affirmative",,,,,"ungrammatical",FALSE,0,TRUE,""
"exp3","exp3_017","Filler_Aff_Gr_1_20",100,,"catch","affirmative",,,,,"grammatical",FALSE,0,TRUE,""
"exp3","exp3_017","Filler_Aff_Gr_1_14",100,,"catch","affirmative",,,,,"grammatical",FALSE,0,TRUE,""
"exp3","exp3_017","8_NonIde_Cvb_Neg_1",0,"8","experimental","negative","nonideophone","converbial","manner","high",,FALSE,0,TRUE,""
"exp3","exp3_017","8_Ide_Cvb_Neg_1",90,"8","experimental","negative","ideophone","converbial","manner","high",,FALSE,0,TRUE,""
"exp3","exp3_017","7_NonIde_Red_Aff_1",100,"7","experimental","affirmative","nonideophone","reduplication","manner","low",,FALSE,0,TRUE,""
"exp3","exp3_017","7_Ide_Red_Aff_1",100,"7","experimental","affirmative","ideophone","reduplication","manner","low",,FALSE,0,TRUE,""
"exp3","exp3_017","6_NonIde_Red_Neg_1",76,"6","experimental","negative","nonideophone","reduplication","manner","low",,FALSE,0,TRUE,""
"exp3","exp3_017","6_Ide_Red_Neg_1",89,"6","experimental","negative","ideophone","reduplication","manner","low",,FALSE,0,TRUE,""
"exp3","exp3_017","5_NonIde_RegMod_Aff_1",100,"5","experimental","affirmative","nonideophone","manner","manner",,,FALSE,0,TRUE,""
"exp3","exp3_017","5_Ide_RegMod_Aff_1",100,"5","experimental","affirmative","ideophone","manner","manner",,,FALSE,0,TRUE,""
"exp3","exp3_017","4_NonIde_RegMod_Neg_1",86,"4","experimental","negative","nonideophone","manner","manner",,,FALSE,0,TRUE,""
"exp3","exp3_017","4_Ide_RegMod_Neg_1",3,"4","experimental","negative","ideophone","manner","manner",,,FALSE,0,TRUE,""
"exp3","exp3_017","3_NonIde_Cont_Aff_1",100,"3","experimental","affirmative","nonideophone","temporal","temporal",,,FALSE,0,TRUE,""
"exp3","exp3_017","3_Ide_Cont_Aff_1",100,"3","experimental","affirmative","ideophone","temporal","temporal",,,FALSE,0,TRUE,""
"exp3","exp3_017","2_NonIde_Cont_Neg_1",85,"2","experimental","negative","nonideophone","temporal","temporal",,,FALSE,0,TRUE,""
"exp3","exp3_017","2_Ide_Cont_Neg_1",100,"2","experimental","negative","ideophone","temporal","temporal",,,FALSE,0,TRUE,""
"exp3","exp3_017","1_NonIde_Cvb_Aff_1",100,"1","experimental","affirmative","nonideophone","converbial","manner","high",,FALSE,0,TRUE,""
"exp3","exp3_017","1_Ide_Cvb_Aff_1",100,"1","experimental","affirmative","ideophone","converbial","manner","high",,FALSE,0,TRUE,""
"exp3","exp3_018","Filler_Neg_UnGr_1_34",0,,"catch","negative",,,,,"ungrammatical",FALSE,0,TRUE,""
"exp3","exp3_018","Filler_Neg_UnGr_1_30",0,,"catch","negative",,,,,"ungrammatical",FALSE,0,TRUE,""
"exp3","exp3_018","Filler_Neg_Gr_1_33",100,,"catch","negative",,,,,"grammatical",FALSE,0,TRUE,""
"exp3","exp3_018","Filler_Neg_Gr_1_31",100,,"catch","negative",,,,,"grammatical",FALSE,0,TRUE,""
"exp3","exp3_018","Filler_Aff_UnGr_1_35",0,,"catch","affirmative",,,,,"ungrammatical",FALSE,0,TRUE,""
"exp3","exp3_018","Filler_Aff_UnGr_1_32",0,,"catch","affirmative",,,,,"ungrammatical",FALSE,0,TRUE,""
"exp3","exp3_018","Filler_Aff_Gr_1_36",100,,"catch","affirmative",,,,,"grammatical",FALSE,0,TRUE,""
"exp3","exp3_018","Filler_Aff_Gr_1_29",100,,"catch","affirmative",,,,,"grammatical",FALSE,0,TRUE,""
"exp3","exp3_018","8_NonIde_Red_Neg_1",70,"8","experimental","negative","nonideophone","reduplication","manner","low",,FALSE,0,TRUE,""
"exp3","exp3_018","8_Ide_Red_Neg_1",60,"8","experimental","negative","ideophone","reduplication","manner","low",,FALSE,0,TRUE,""
"exp3","exp3_018","7_NonIde_RegMod_Aff_1",100,"7","experimental","affirmative","nonideophone","manner","manner",,,FALSE,0,TRUE,""
"exp3","exp3_018","7_Ide_RegMod_Aff_1",100,"7","experimental","affirmative","ideophone","manner","manner",,,FALSE,0,TRUE,""
"exp3","exp3_018","6_NonIde_RegMod_Neg_1",40,"6","experimental","negative","nonideophone","manner","manner",,,FALSE,0,TRUE,""
"exp3","exp3_018","6_Ide_RegMod_Neg_1",70,"6","experimental","negative","ideophone","manner","manner",,,FALSE,0,TRUE,""
"exp3","exp3_018","5_NonIde_Cont_Aff_1",60,"5","experimental","affirmative","nonideophone","temporal","temporal",,,FALSE,0,TRUE,""
"exp3","exp3_018","5_Ide_Cont_Aff_1",100,"5","experimental","affirmative","ideophone","temporal","temporal",,,FALSE,0,TRUE,""
"exp3","exp3_018","4_NonIde_Cont_Neg_1",30,"4","experimental","negative","nonideophone","temporal","temporal",,,FALSE,0,TRUE,""
"exp3","exp3_018","4_Ide_Cont_Neg_1",100,"4","experimental","negative","ideophone","temporal","temporal",,,FALSE,0,TRUE,""
"exp3","exp3_018","3_NonIde_Cvb_Aff_1",100,"3","experimental","affirmative","nonideophone","converbial","manner","high",,FALSE,0,TRUE,""
"exp3","exp3_018","3_Ide_Cvb_Aff_1",100,"3","experimental","affirmative","ideophone","converbial","manner","high",,FALSE,0,TRUE,""
"exp3","exp3_018","2_NonIde_Cvb_Neg_1",40,"2","experimental","negative","nonideophone","converbial","manner","high",,FALSE,0,TRUE,""
"exp3","exp3_018","2_Ide_Cvb_Neg_1",60,"2","experimental","negative","ideophone","converbial","manner","high",,FALSE,0,TRUE,""
"exp3","exp3_018","1_NonIde_Red_Aff_1",30,"1","experimental","affirmative","nonideophone","reduplication","manner","low",,FALSE,0,TRUE,""
"exp3","exp3_018","1_Ide_Red_Aff_1",55,"1","experimental","affirmative","ideophone","reduplication","manner","low",,FALSE,0,TRUE,""
"exp3","exp3_019","Filler_Neg_UnGr_1_11",2,,"catch","negative",,,,,"ungrammatical",FALSE,0,TRUE,""
"exp3","exp3_019","Filler_Neg_UnGr_1_10",19,,"catch","negative",,,,,"ungrammatical",FALSE,0,TRUE,""
"exp3","exp3_019","Filler_Neg_Gr_1_7",33,,"catch","negative",,,,,"grammatical",FALSE,0,TRUE,""
"exp3","exp3_019","Filler_Neg_Gr_1_12",63,,"catch","negative",,,,,"grammatical",FALSE,0,TRUE,""
"exp3","exp3_019","Filler_Aff_UnGr_1_9",0,,"catch","affirmative",,,,,"ungrammatical",FALSE,0,TRUE,""
"exp3","exp3_019","Filler_Aff_UnGr_1_6",0,,"catch","affirmative",,,,,"ungrammatical",FALSE,0,TRUE,""
"exp3","exp3_019","Filler_Aff_Gr_1_8",99,,"catch","affirmative",,,,,"grammatical",FALSE,0,TRUE,""
"exp3","exp3_019","Filler_Aff_Gr_1_5",100,,"catch","affirmative",,,,,"grammatical",FALSE,0,TRUE,""
"exp3","exp3_019","8_NonIde_Cvb_Aff_1",68,"8","experimental","affirmative","nonideophone","converbial","manner","high",,FALSE,0,TRUE,""
"exp3","exp3_019","8_Ide_Cvb_Aff_1",86,"8","experimental","affirmative","ideophone","converbial","manner","high",,FALSE,0,TRUE,""
"exp3","exp3_019","7_NonIde_Cvb_Neg_1",26,"7","experimental","negative","nonideophone","converbial","manner","high",,FALSE,0,TRUE,""
"exp3","exp3_019","7_Ide_Cvb_Neg_1",27,"7","experimental","negative","ideophone","converbial","manner","high",,FALSE,0,TRUE,""
"exp3","exp3_019","6_NonIde_Red_Aff_1",62,"6","experimental","affirmative","nonideophone","reduplication","manner","low",,FALSE,0,TRUE,""
"exp3","exp3_019","6_Ide_Red_Aff_1",58,"6","experimental","affirmative","ideophone","reduplication","manner","low",,FALSE,0,TRUE,""
"exp3","exp3_019","5_NonIde_Red_Neg_1",28,"5","experimental","negative","nonideophone","reduplication","manner","low",,FALSE,0,TRUE,""
"exp3","exp3_019","5_Ide_Red_Neg_1",33,"5","experimental","negative","ideophone","reduplication","manner","low",,FALSE,0,TRUE,""
"exp3","exp3_019","4_NonIde_RegMod_Aff_1",75,"4","experimental","affirmative","nonideophone","manner","manner",,,FALSE,0,TRUE,""
"exp3","exp3_019","4_Ide_RegMod_Aff_1",65,"4","experimental","affirmative","ideophone","manner","manner",,,FALSE,0,TRUE,""
"exp3","exp3_019","3_NonIde_RegMod_Neg_1",27,"3","experimental","negative","nonideophone","manner","manner",,,FALSE,0,TRUE,""
"exp3","exp3_019","3_Ide_RegMod_Neg_1",27,"3","experimental","negative","ideophone","manner","manner",,,FALSE,0,TRUE,""
"exp3","exp3_019","2_NonIde_Cont_Aff_1",95,"2","experimental","affirmative","nonideophone","temporal","temporal",,,FALSE,0,TRUE,""
"exp3","exp3_019","2_Ide_Cont_Aff_1",86,"2","experimental","affirmative","ideophone","temporal","temporal",,,FALSE,0,TRUE,""
"exp3","exp3_019","1_NonIde_Cont_Neg_1",36,"1","experimental","negative","nonideophone","temporal","temporal",,,FALSE,0,TRUE,""
"exp3","exp3_019","1_Ide_Cont_Neg_1",55,"1","experimental","negative","ideophone","temporal","temporal",,,FALSE,0,TRUE,""
"exp3","exp3_020","Filler_Neg_UnGr_1_11",0,,"catch","negative",,,,,"ungrammatical",FALSE,0,TRUE,""
"exp3","exp3_020","Filler_Neg_UnGr_1_10",0,,"catch","negative",,,,,"ungrammatical",FALSE,0,TRUE,""
"exp3","exp3_020","Filler_Neg_Gr_1_7",100,,"catch","negative",,,,,"grammatical",FALSE,0,TRUE,""
"exp3","exp3_020","Filler_Neg_Gr_1_12",100,,"catch","negative",,,,,"grammatical",FALSE,0,TRUE,""
"exp3","exp3_020","Filler_Aff_UnGr_1_9",0,,"catch","affirmative",,,,,"ungrammatical",FALSE,0,TRUE,""
"exp3","exp3_020","Filler_Aff_UnGr_1_6",0,,"catch","affirmative",,,,,"ungrammatical",FALSE,0,TRUE,""
"exp3","exp3_020","Filler_Aff_Gr_1_8",100,,"catch","affirmative",,,,,"grammatical",FALSE,0,TRUE,""
"exp3","exp3_020","Filler_Aff_Gr_1_5",99,,"catch","affirmative",,,,,"grammatical",FALSE,0,TRUE,""
"exp3","exp3_020","8_NonIde_Cvb_Aff_1",100,"8","experimental","affirmative","nonideophone","converbial","manner","high",,FALSE,0,TRUE,""
"exp3","exp3_020","8_Ide_Cvb_Aff_1",100,"8","experimental","affirmative","ideophone","converbial","manner","high",,FALSE,0,TRUE,""
"exp3","exp3_020","7_NonIde_Cvb_Neg_1",100,"7","experimental","negative","nonideophone","converbial","manner","high",,FALSE,0,TRUE,""
"exp3","exp3_020","7_Ide_Cvb_Neg_1",100,"7","experimental","negative","ideophone","converbial","manner","high",,FALSE,0,TRUE,""
"exp3","exp3_020","6_NonIde_Red_Aff_1",100,"6","experimental","affirmative","nonideophone","reduplication","manner","low",,FALSE,0,TRUE,""
"exp3","exp3_020","6_Ide_Red_Aff_1",100,"6","experimental","affirmative","ideophone","reduplication","manner","low",,FALSE,0,TRUE,""
"exp3","exp3_020","5_NonIde_Red_Neg_1",100,"5","experimental","negative","nonideophone","reduplication","manner","low",,FALSE,0,TRUE,""
"exp3","exp3_020","5_Ide_Red_Neg_1",100,"5","experimental","negative","ideophone","reduplication","manner","low",,FALSE,0,TRUE,""
"exp3","exp3_020","4_NonIde_RegMod_Aff_1",100,"4","experimental","affirmative","nonideophone","manner","manner",,,FALSE,0,TRUE,""
"exp3","exp3_020","4_Ide_RegMod_Aff_1",100,"4","experimental","affirmative","ideophone","manner","manner",,,FALSE,0,TRUE,""
"exp3","exp3_020","3_NonIde_RegMod_Neg_1",100,"3","experimental","negative","nonideophone","manner","manner",,,FALSE,0,TRUE,""
"exp3","exp3_020","3_Ide_RegMod_Neg_1",100,"3","experimental","negative","ideophone","manner","manner",,,FALSE,0,TRUE,""
"exp3","exp3_020","2_NonIde_Cont_Aff_1",100,"2","experimental","affirmative","nonideophone","temporal","temporal",,,FALSE,0,TRUE,""
"exp3","exp3_020","2_Ide_Cont_Aff_1",100,"2","experimental","affirmative","ideophone","temporal","temporal",,,FALSE,0,TRUE,""
"exp3","exp3_020","1_NonIde_Cont_Neg_1",100,"1","experimental","negative","nonideophone","temporal","temporal",,,FALSE,0,TRUE,""
"exp3","exp3_020","1_Ide_Cont_Neg_1",100,"1","experimental","negative","ideophone","temporal","temporal",,,FALSE,0,TRUE,""
"exp3","exp3_021","Filler_Neg_UnGr_1_43",6,,"catch","negative",,,,,"ungrammatical",FALSE,0,TRUE,""
"exp3","exp3_021","Filler_Neg_UnGr_1_40",0,,"catch","negative",,,,,"ungrammatical",FALSE,0,TRUE,""
"exp3","exp3_021","Filler_Neg_Gr_1_44",100,,"catch","negative",,,,,"grammatical",FALSE,0,TRUE,""
"exp3","exp3_021","Filler_Neg_Gr_1_38",100,,"catch","negative",,,,,"grammatical",FALSE,0,TRUE,""
"exp3","exp3_021","Filler_Aff_UnGr_1_42",0,,"catch","affirmative",,,,,"ungrammatical",FALSE,0,TRUE,""
"exp3","exp3_021","Filler_Aff_UnGr_1_37",30,,"catch","affirmative",,,,,"ungrammatical",FALSE,0,TRUE,""
"exp3","exp3_021","Filler_Aff_Gr_1_41",100,,"catch","affirmative",,,,,"grammatical",FALSE,0,TRUE,""
"exp3","exp3_021","Filler_Aff_Gr_1_39",100,,"catch","affirmative",,,,,"grammatical",FALSE,0,TRUE,""
"exp3","exp3_021","8_NonIde_RegMod_Aff_1",100,"8","experimental","affirmative","nonideophone","manner","manner",,,FALSE,0,TRUE,""
"exp3","exp3_021","8_Ide_RegMod_Aff_1",100,"8","experimental","affirmative","ideophone","manner","manner",,,FALSE,0,TRUE,""
"exp3","exp3_021","7_NonIde_RegMod_Neg_1",100,"7","experimental","negative","nonideophone","manner","manner",,,FALSE,0,TRUE,""
"exp3","exp3_021","7_Ide_RegMod_Neg_1",100,"7","experimental","negative","ideophone","manner","manner",,,FALSE,0,TRUE,""
"exp3","exp3_021","6_NonIde_Cont_Aff_1",100,"6","experimental","affirmative","nonideophone","temporal","temporal",,,FALSE,0,TRUE,""
"exp3","exp3_021","6_Ide_Cont_Aff_1",100,"6","experimental","affirmative","ideophone","temporal","temporal",,,FALSE,0,TRUE,""
"exp3","exp3_021","5_NonIde_Cont_Neg_1",100,"5","experimental","negative","nonideophone","temporal","temporal",,,FALSE,0,TRUE,""
"exp3","exp3_021","5_Ide_Cont_Neg_1",20,"5","experimental","negative","ideophone","temporal","temporal",,,FALSE,0,TRUE,""
"exp3","exp3_021","4_NonIde_Cvb_Aff_1",100,"4","experimental","affirmative","nonideophone","converbial","manner","high",,FALSE,0,TRUE,""
"exp3","exp3_021","4_Ide_Cvb_Aff_1",100,"4","experimental","affirmative","ideophone","converbial","manner","high",,FALSE,0,TRUE,""
"exp3","exp3_021","3_NonIde_Cvb_Neg_1",100,"3","experimental","negative","nonideophone","converbial","manner","high",,FALSE,0,TRUE,""
"exp3","exp3_021","3_Ide_Cvb_Neg_1",100,"3","experimental","negative","ideophone","converbial","manner","high",,FALSE,0,TRUE,""
"exp3","exp3_021","2_NonIde_Red_Aff_1",100,"2","experimental","affirmative","nonideophone","reduplication","manner","low",,FALSE,0,TRUE,""
"exp3","exp3_021","2_Ide_Red_Aff_1",100,"2","experimental","affirmative","ideophone","reduplication","manner","low",,FALSE,0,TRUE,""
"exp3","exp3_021","1_NonIde_Red_Neg_1",100,"1","experimental","negative","nonideophone","reduplication","manner","low",,FALSE,0,TRUE,""
"exp3","exp3_021","1_Ide_Red_Neg_1",100,"1","experimental","negative","ideophone","reduplication","manner","low",,FALSE,0,TRUE,""
"exp3","exp3_022","Filler_Neg_UnGr_1_11",0,,"catch","negative",,,,,"ungrammatical",FALSE,0,TRUE,""
"exp3","exp3_022","Filler_Neg_UnGr_1_10",0,,"catch","negative",,,,,"ungrammatical",FALSE,0,TRUE,""
"exp3","exp3_022","Filler_Neg_Gr_1_7",88,,"catch","negative",,,,,"grammatical",FALSE,0,TRUE,""
"exp3","exp3_022","Filler_Neg_Gr_1_12",93,,"catch","negative",,,,,"grammatical",FALSE,0,TRUE,""
"exp3","exp3_022","Filler_Aff_UnGr_1_9",0,,"catch","affirmative",,,,,"ungrammatical",FALSE,0,TRUE,""
"exp3","exp3_022","Filler_Aff_UnGr_1_6",14,,"catch","affirmative",,,,,"ungrammatical",FALSE,0,TRUE,""
"exp3","exp3_022","Filler_Aff_Gr_1_8",90,,"catch","affirmative",,,,,"grammatical",FALSE,0,TRUE,""
"exp3","exp3_022","Filler_Aff_Gr_1_5",100,,"catch","affirmative",,,,,"grammatical",FALSE,0,TRUE,""
"exp3","exp3_022","8_NonIde_Cvb_Aff_1",100,"8","experimental","affirmative","nonideophone","converbial","manner","high",,FALSE,0,TRUE,""
"exp3","exp3_022","8_Ide_Cvb_Aff_1",92,"8","experimental","affirmative","ideophone","converbial","manner","high",,FALSE,0,TRUE,""
"exp3","exp3_022","7_NonIde_Cvb_Neg_1",88,"7","experimental","negative","nonideophone","converbial","manner","high",,FALSE,0,TRUE,""
"exp3","exp3_022","7_Ide_Cvb_Neg_1",71,"7","experimental","negative","ideophone","converbial","manner","high",,FALSE,0,TRUE,""
"exp3","exp3_022","6_NonIde_Red_Aff_1",80,"6","experimental","affirmative","nonideophone","reduplication","manner","low",,FALSE,0,TRUE,""
"exp3","exp3_022","6_Ide_Red_Aff_1",100,"6","experimental","affirmative","ideophone","reduplication","manner","low",,FALSE,0,TRUE,""
"exp3","exp3_022","5_NonIde_Red_Neg_1",90,"5","experimental","negative","nonideophone","reduplication","manner","low",,FALSE,0,TRUE,""
"exp3","exp3_022","5_Ide_Red_Neg_1",52,"5","experimental","negative","ideophone","reduplication","manner","low",,FALSE,0,TRUE,""
"exp3","exp3_022","4_NonIde_RegMod_Aff_1",84,"4","experimental","affirmative","nonideophone","manner","manner",,,FALSE,0,TRUE,""
"exp3","exp3_022","4_Ide_RegMod_Aff_1",100,"4","experimental","affirmative","ideophone","manner","manner",,,FALSE,0,TRUE,""
"exp3","exp3_022","3_NonIde_RegMod_Neg_1",63,"3","experimental","negative","nonideophone","manner","manner",,,FALSE,0,TRUE,""
"exp3","exp3_022","3_Ide_RegMod_Neg_1",62,"3","experimental","negative","ideophone","manner","manner",,,FALSE,0,TRUE,""
"exp3","exp3_022","2_NonIde_Cont_Aff_1",92,"2","experimental","affirmative","nonideophone","temporal","temporal",,,FALSE,0,TRUE,""
"exp3","exp3_022","2_Ide_Cont_Aff_1",100,"2","experimental","affirmative","ideophone","temporal","temporal",,,FALSE,0,TRUE,""
"exp3","exp3_022","1_NonIde_Cont_Neg_1",72,"1","experimental","negative","nonideophone","temporal","temporal",,,FALSE,0,TRUE,""
"exp3","exp3_022","1_Ide_Cont_Neg_1",100,"1","experimental","negative","ideophone","temporal","temporal",,,FALSE,0,TRUE,""
"exp3","exp3_023","Filler_Neg_UnGr_1_59",0,,"catch","negative",,,,,"ungrammatical",FALSE,0,TRUE,""
"exp3","exp3_023","Filler_Neg_UnGr_1_56",0,,"catch","negative",,,,,"ungrammatical",FALSE,0,TRUE,""
"exp3","exp3_023","Filler_Neg_Gr_1_60",100,,"catch","negative",,,,,"grammatical",FALSE,0,TRUE,""
"exp3","exp3_023","Filler_Neg_Gr_1_53",80,,"catch","negative",,,,,"grammatical",FALSE,0,TRUE,""
"exp3","exp3_023","Filler_Aff_UnGr_1_58",0,,"catch","affirmative",,,,,"ungrammatical",FALSE,0,TRUE,""
"exp3","exp3_023","Filler_Aff_UnGr_1_54",0,,"catch","affirmative",,,,,"ungrammatical",FALSE,0,TRUE,""
"exp3","exp3_023","Filler_Aff_Gr_1_57",100,,"catch","affirmative",,,,,"grammatical",FALSE,0,TRUE,""
"exp3","exp3_023","Filler_Aff_Gr_1_55",100,,"catch","affirmative",,,,,"grammatical",FALSE,0,TRUE,""
"exp3","exp3_023","8_NonIde_Cont_Aff_1",100,"8","experimental","affirmative","nonideophone","temporal","temporal",,,FALSE,0,TRUE,""
"exp3","exp3_023","8_Ide_Cont_Aff_1",100,"8","experimental","affirmative","ideophone","temporal","temporal",,,FALSE,0,TRUE,""
"exp3","exp3_023","7_NonIde_Cont_Neg_1",100,"7","experimental","negative","nonideophone","temporal","temporal",,,FALSE,0,TRUE,""
"exp3","exp3_023","7_Ide_Cont_Neg_1",100,"7","experimental","negative","ideophone","temporal","temporal",,,FALSE,0,TRUE,""
"exp3","exp3_023","6_NonIde_Cvb_Aff_1",100,"6","experimental","affirmative","nonideophone","converbial","manner","high",,FALSE,0,TRUE,""
"exp3","exp3_023","6_Ide_Cvb_Aff_1",80,"6","experimental","affirmative","ideophone","converbial","manner","high",,FALSE,0,TRUE,""
"exp3","exp3_023","5_NonIde_Cvb_Neg_1",90,"5","experimental","negative","nonideophone","converbial","manner","high",,FALSE,0,TRUE,""
"exp3","exp3_023","5_Ide_Cvb_Neg_1",40,"5","experimental","negative","ideophone","converbial","manner","high",,FALSE,0,TRUE,""
"exp3","exp3_023","4_NonIde_Red_Aff_1",90,"4","experimental","affirmative","nonideophone","reduplication","manner","low",,FALSE,0,TRUE,""
"exp3","exp3_023","4_Ide_Red_Aff_1",80,"4","experimental","affirmative","ideophone","reduplication","manner","low",,FALSE,0,TRUE,""
"exp3","exp3_023","3_NonIde_Red_Neg_1",90,"3","experimental","negative","nonideophone","reduplication","manner","low",,FALSE,0,TRUE,""
"exp3","exp3_023","3_Ide_Red_Neg_1",95,"3","experimental","negative","ideophone","reduplication","manner","low",,FALSE,0,TRUE,""
"exp3","exp3_023","2_NonIde_RegMod_Aff_1",100,"2","experimental","affirmative","nonideophone","manner","manner",,,FALSE,0,TRUE,""
"exp3","exp3_023","2_Ide_RegMod_Aff_1",100,"2","experimental","affirmative","ideophone","manner","manner",,,FALSE,0,TRUE,""
"exp3","exp3_023","1_NonIde_RegMod_Neg_1",90,"1","experimental","negative","nonideophone","manner","manner",,,FALSE,0,TRUE,""
"exp3","exp3_023","1_Ide_RegMod_Neg_1",95,"1","experimental","negative","ideophone","manner","manner",,,FALSE,0,TRUE,""
"exp3","exp3_024","Filler_Neg_UnGr_1_27",66,,"catch","negative",,,,,"ungrammatical",FALSE,1,TRUE,""
"exp3","exp3_024","Filler_Neg_UnGr_1_24",25,,"catch","negative",,,,,"ungrammatical",FALSE,1,TRUE,""
"exp3","exp3_024","Filler_Neg_Gr_1_28",77,,"catch","negative",,,,,"grammatical",FALSE,1,TRUE,""
"exp3","exp3_024","Filler_Neg_Gr_1_21",70,,"catch","negative",,,,,"grammatical",FALSE,1,TRUE,""
"exp3","exp3_024","Filler_Aff_UnGr_1_26",36,,"catch","affirmative",,,,,"ungrammatical",FALSE,1,TRUE,""
"exp3","exp3_024","Filler_Aff_UnGr_1_22",69,,"catch","affirmative",,,,,"ungrammatical",TRUE,1,TRUE,""
"exp3","exp3_024","Filler_Aff_Gr_1_25",100,,"catch","affirmative",,,,,"grammatical",FALSE,1,TRUE,""
"exp3","exp3_024","Filler_Aff_Gr_1_23",83,,"catch","affirmative",,,,,"grammatical",FALSE,1,TRUE,""
"exp3","exp3_024","8_NonIde_Red_Aff_1",82,"8","experimental","affirmative","nonideophone","reduplication","manner","low",,FALSE,1,TRUE,""
"exp3","exp3_024","8_Ide_Red_Aff_1",38,"8","experimental","affirmative","ideophone","reduplication","manner","low",,FALSE,1,TRUE,""
"exp3","exp3_024","7_NonIde_Red_Neg_1",44,"7","experimental","negative","nonideophone","reduplication","manner","low",,FALSE,1,TRUE,""
"exp3","exp3_024","7_Ide_Red_Neg_1",31,"7","experimental","negative","ideophone","reduplication","manner","low",,FALSE,1,TRUE,""
"exp3","exp3_024","6_NonIde_RegMod_Aff_1",71,"6","experimental","affirmative","nonideophone","manner","manner",,,FALSE,1,TRUE,""
"exp3","exp3_024","6_Ide_RegMod_Aff_1",100,"6","experimental","affirmative","ideophone","manner","manner",,,FALSE,1,TRUE,""
"exp3","exp3_024","5_NonIde_RegMod_Neg_1",70,"5","experimental","negative","nonideophone","manner","manner",,,FALSE,1,TRUE,""
"exp3","exp3_024","5_Ide_RegMod_Neg_1",85,"5","experimental","negative","ideophone","manner","manner",,,FALSE,1,TRUE,""
"exp3","exp3_024","4_NonIde_Cont_Aff_1",76,"4","experimental","affirmative","nonideophone","temporal","temporal",,,FALSE,1,TRUE,""
"exp3","exp3_024","4_Ide_Cont_Aff_1",100,"4","experimental","affirmative","ideophone","temporal","temporal",,,FALSE,1,TRUE,""
"exp3","exp3_024","3_NonIde_Cont_Neg_1",100,"3","experimental","negative","nonideophone","temporal","temporal",,,FALSE,1,TRUE,""
"exp3","exp3_024","3_Ide_Cont_Neg_1",89,"3","experimental","negative","ideophone","temporal","temporal",,,FALSE,1,TRUE,""
"exp3","exp3_024","2_NonIde_Cvb_Aff_1",100,"2","experimental","affirmative","nonideophone","converbial","manner","high",,FALSE,1,TRUE,""
"exp3","exp3_024","2_Ide_Cvb_Aff_1",81,"2","experimental","affirmative","ideophone","converbial","manner","high",,FALSE,1,TRUE,""
"exp3","exp3_024","1_NonIde_Cvb_Neg_1",67,"1","experimental","negative","nonideophone","converbial","manner","high",,FALSE,1,TRUE,""
"exp3","exp3_024","1_Ide_Cvb_Neg_1",29,"1","experimental","negative","ideophone","converbial","manner","high",,FALSE,1,TRUE,""
"exp3","exp3_025","Filler_Neg_UnGr_1_27",0,,"catch","negative",,,,,"ungrammatical",FALSE,0,TRUE,""
"exp3","exp3_025","Filler_Neg_UnGr_1_24",2,,"catch","negative",,,,,"ungrammatical",FALSE,0,TRUE,""
"exp3","exp3_025","Filler_Neg_Gr_1_28",100,,"catch","negative",,,,,"grammatical",FALSE,0,TRUE,""
"exp3","exp3_025","Filler_Neg_Gr_1_21",100,,"catch","negative",,,,,"grammatical",FALSE,0,TRUE,""
"exp3","exp3_025","Filler_Aff_UnGr_1_26",5,,"catch","affirmative",,,,,"ungrammatical",FALSE,0,TRUE,""
"exp3","exp3_025","Filler_Aff_UnGr_1_22",0,,"catch","affirmative",,,,,"ungrammatical",FALSE,0,TRUE,""
"exp3","exp3_025","Filler_Aff_Gr_1_25",100,,"catch","affirmative",,,,,"grammatical",FALSE,0,TRUE,""
"exp3","exp3_025","Filler_Aff_Gr_1_23",100,,"catch","affirmative",,,,,"grammatical",FALSE,0,TRUE,""
"exp3","exp3_025","8_NonIde_Red_Aff_1",100,"8","experimental","affirmative","nonideophone","reduplication","manner","low",,FALSE,0,TRUE,""
"exp3","exp3_025","8_Ide_Red_Aff_1",100,"8","experimental","affirmative","ideophone","reduplication","manner","low",,FALSE,0,TRUE,""
"exp3","exp3_025","7_NonIde_Red_Neg_1",100,"7","experimental","negative","nonideophone","reduplication","manner","low",,FALSE,0,TRUE,""
"exp3","exp3_025","7_Ide_Red_Neg_1",100,"7","experimental","negative","ideophone","reduplication","manner","low",,FALSE,0,TRUE,""
"exp3","exp3_025","6_NonIde_RegMod_Aff_1",74,"6","experimental","affirmative","nonideophone","manner","manner",,,FALSE,0,TRUE,""
"exp3","exp3_025","6_Ide_RegMod_Aff_1",100,"6","experimental","affirmative","ideophone","manner","manner",,,FALSE,0,TRUE,""
"exp3","exp3_025","5_NonIde_RegMod_Neg_1",100,"5","experimental","negative","nonideophone","manner","manner",,,FALSE,0,TRUE,""
"exp3","exp3_025","5_Ide_RegMod_Neg_1",64,"5","experimental","negative","ideophone","manner","manner",,,FALSE,0,TRUE,""
"exp3","exp3_025","4_NonIde_Cont_Aff_1",100,"4","experimental","affirmative","nonideophone","temporal","temporal",,,FALSE,0,TRUE,""
"exp3","exp3_025","4_Ide_Cont_Aff_1",100,"4","experimental","affirmative","ideophone","temporal","temporal",,,FALSE,0,TRUE,""
"exp3","exp3_025","3_NonIde_Cont_Neg_1",100,"3","experimental","negative","nonideophone","temporal","temporal",,,FALSE,0,TRUE,""
"exp3","exp3_025","3_Ide_Cont_Neg_1",77,"3","experimental","negative","ideophone","temporal","temporal",,,FALSE,0,TRUE,""
"exp3","exp3_025","2_NonIde_Cvb_Aff_1",100,"2","experimental","affirmative","nonideophone","converbial","manner","high",,FALSE,0,TRUE,""
"exp3","exp3_025","2_Ide_Cvb_Aff_1",79,"2","experimental","affirmative","ideophone","converbial","manner","high",,FALSE,0,TRUE,""
"exp3","exp3_025","1_NonIde_Cvb_Neg_1",100,"1","experimental","negative","nonideophone","converbial","manner","high",,FALSE,0,TRUE,""
"exp3","exp3_025","1_Ide_Cvb_Neg_1",69,"1","experimental","negative","ideophone","converbial","manner","high",,FALSE,0,TRUE,""
"exp3","exp3_026","Filler_Neg_UnGr_1_59",0,,"catch","negative",,,,,"ungrammatical",FALSE,0,TRUE,""
"exp3","exp3_026","Filler_Neg_UnGr_1_56",0,,"catch","negative",,,,,"ungrammatical",FALSE,0,TRUE,""
"exp3","exp3_026","Filler_Neg_Gr_1_60",65,,"catch","negative",,,,,"grammatical",FALSE,0,TRUE,""
"exp3","exp3_026","Filler_Neg_Gr_1_53",95,,"catch","negative",,,,,"grammatical",FALSE,0,TRUE,""
"exp3","exp3_026","Filler_Aff_UnGr_1_58",0,,"catch","affirmative",,,,,"ungrammatical",FALSE,0,TRUE,""
"exp3","exp3_026","Filler_Aff_UnGr_1_54",0,,"catch","affirmative",,,,,"ungrammatical",FALSE,0,TRUE,""
"exp3","exp3_026","Filler_Aff_Gr_1_57",100,,"catch","affirmative",,,,,"grammatical",FALSE,0,TRUE,""
"exp3","exp3_026","Filler_Aff_Gr_1_55",100,,"catch","affirmative",,,,,"grammatical",FALSE,0,TRUE,""
"exp3","exp3_026","8_NonIde_Cont_Aff_1",100,"8","experimental","affirmative","nonideophone","temporal","temporal",,,FALSE,0,TRUE,""
"exp3","exp3_026","8_Ide_Cont_Aff_1",100,"8","experimental","affirmative","ideophone","temporal","temporal",,,FALSE,0,TRUE,""
"exp3","exp3_026","7_NonIde_Cont_Neg_1",100,"7","experimental","negative","nonideophone","temporal","temporal",,,FALSE,0,TRUE,""
"exp3","exp3_026","7_Ide_Cont_Neg_1",90,"7","experimental","negative","ideophone","temporal","temporal",,,FALSE,0,TRUE,""
"exp3","exp3_026","6_NonIde_Cvb_Aff_1",100,"6","experimental","affirmative","nonideophone","converbial","manner","high",,FALSE,0,TRUE,""
"exp3","exp3_026","6_Ide_Cvb_Aff_1",70,"6","experimental","affirmative","ideophone","converbial","manner","high",,FALSE,0,TRUE,""
"exp3","exp3_026","5_NonIde_Cvb_Neg_1",90,"5","experimental","negative","nonideophone","converbial","manner","high",,FALSE,0,TRUE,""
"exp3","exp3_026","5_Ide_Cvb_Neg_1",40,"5","experimental","negative","ideophone","converbial","manner","high",,FALSE,0,TRUE,""
"exp3","exp3_026","4_NonIde_Red_Aff_1",100,"4","experimental","affirmative","nonideophone","reduplication","manner","low",,FALSE,0,TRUE,""
"exp3","exp3_026","4_Ide_Red_Aff_1",85,"4","experimental","affirmative","ideophone","reduplication","manner","low",,FALSE,0,TRUE,""
"exp3","exp3_026","3_NonIde_Red_Neg_1",90,"3","experimental","negative","nonideophone","reduplication","manner","low",,FALSE,0,TRUE,""
"exp3","exp3_026","3_Ide_Red_Neg_1",90,"3","experimental","negative","ideophone","reduplication","manner","low",,FALSE,0,TRUE,""
"exp3","exp3_026","2_NonIde_RegMod_Aff_1",100,"2","experimental","affirmative","nonideophone","manner","manner",,,FALSE,0,TRUE,""
"exp3","exp3_026","2_Ide_RegMod_Aff_1",100,"2","experimental","affirmative","ideophone","manner","manner",,,FALSE,0,TRUE,""
"exp3","exp3_026","1_NonIde_RegMod_Neg_1",90,"1","experimental","negative","nonideophone","manner","manner",,,FALSE,0,TRUE,""
"exp3","exp3_026","1_Ide_RegMod_Neg_1",90,"1","experimental","negative","ideophone","manner","manner",,,FALSE,0,TRUE,""
"exp3","exp3_027","Filler_Neg_UnGr_1_50",18,,"catch","negative",,,,,"ungrammatical",FALSE,0,TRUE,""
"exp3","exp3_027","Filler_Neg_UnGr_1_45",23,,"catch","negative",,,,,"ungrammatical",FALSE,0,TRUE,""
"exp3","exp3_027","Filler_Neg_Gr_1_49",100,,"catch","negative",,,,,"grammatical",FALSE,0,TRUE,""
"exp3","exp3_027","Filler_Neg_Gr_1_47",100,,"catch","negative",,,,,"grammatical",FALSE,0,TRUE,""
"exp3","exp3_027","Filler_Aff_UnGr_1_51",11,,"catch","affirmative",,,,,"ungrammatical",FALSE,0,TRUE,""
"exp3","exp3_027","Filler_Aff_UnGr_1_48",8,,"catch","affirmative",,,,,"ungrammatical",FALSE,0,TRUE,""
"exp3","exp3_027","Filler_Aff_Gr_1_52",100,,"catch","affirmative",,,,,"grammatical",FALSE,0,TRUE,""
"exp3","exp3_027","Filler_Aff_Gr_1_46",100,,"catch","affirmative",,,,,"grammatical",FALSE,0,TRUE,""
"exp3","exp3_027","8_NonIde_RegMod_Neg_1",100,"8","experimental","negative","nonideophone","manner","manner",,,FALSE,0,TRUE,""
"exp3","exp3_027","8_Ide_RegMod_Neg_1",100,"8","experimental","negative","ideophone","manner","manner",,,FALSE,0,TRUE,""
"exp3","exp3_027","7_NonIde_Cont_Aff_1",100,"7","experimental","affirmative","nonideophone","temporal","temporal",,,FALSE,0,TRUE,""
"exp3","exp3_027","7_Ide_Cont_Aff_1",100,"7","experimental","affirmative","ideophone","temporal","temporal",,,FALSE,0,TRUE,""
"exp3","exp3_027","6_NonIde_Cont_Neg_1",100,"6","experimental","negative","nonideophone","temporal","temporal",,,FALSE,0,TRUE,""
"exp3","exp3_027","6_Ide_Cont_Neg_1",100,"6","experimental","negative","ideophone","temporal","temporal",,,FALSE,0,TRUE,""
"exp3","exp3_027","5_NonIde_Cvb_Aff_1",100,"5","experimental","affirmative","nonideophone","converbial","manner","high",,FALSE,0,TRUE,""
"exp3","exp3_027","5_Ide_Cvb_Aff_1",100,"5","experimental","affirmative","ideophone","converbial","manner","high",,FALSE,0,TRUE,""
"exp3","exp3_027","4_NonIde_Cvb_Neg_1",100,"4","experimental","negative","nonideophone","converbial","manner","high",,FALSE,0,TRUE,""
"exp3","exp3_027","4_Ide_Cvb_Neg_1",100,"4","experimental","negative","ideophone","converbial","manner","high",,FALSE,0,TRUE,""
"exp3","exp3_027","3_NonIde_Red_Aff_1",100,"3","experimental","affirmative","nonideophone","reduplication","manner","low",,FALSE,0,TRUE,""
"exp3","exp3_027","3_Ide_Red_Aff_1",100,"3","experimental","affirmative","ideophone","reduplication","manner","low",,FALSE,0,TRUE,""
"exp3","exp3_027","2_NonIde_Red_Neg_1",100,"2","experimental","negative","nonideophone","reduplication","manner","low",,FALSE,0,TRUE,""
"exp3","exp3_027","2_Ide_Red_Neg_1",52,"2","experimental","negative","ideophone","reduplication","manner","low",,FALSE,0,TRUE,""
"exp3","exp3_027","1_NonIde_RegMod_Aff_1",100,"1","experimental","affirmative","nonideophone","manner","manner",,,FALSE,0,TRUE,""
"exp3","exp3_027","1_Ide_RegMod_Aff_1",100,"1","experimental","affirmative","ideophone","manner","manner",,,FALSE,0,TRUE,""
"exp3","exp3_028","Filler_Neg_UnGr_1_34",28,,"catch","negative",,,,,"ungrammatical",FALSE,0,TRUE,""
"exp3","exp3_028","Filler_Neg_UnGr_1_30",35,,"catch","negative",,,,,"ungrammatical",FALSE,0,TRUE,""
"exp3","exp3_028","Filler_Neg_Gr_1_33",100,,"catch","negative",,,,,"grammatical",FALSE,0,TRUE,""
"exp3","exp3_028","Filler_Neg_Gr_1_31",70,,"catch","negative",,,,,"grammatical",FALSE,0,TRUE,""
"exp3","exp3_028","Filler_Aff_UnGr_1_35",32,,"catch","affirmative",,,,,"ungrammatical",FALSE,0,TRUE,""
"exp3","exp3_028","Filler_Aff_UnGr_1_32",17,,"catch","affirmative",,,,,"ungrammatical",FALSE,0,TRUE,""
"exp3","exp3_028","Filler_Aff_Gr_1_36",100,,"catch","affirmative",,,,,"grammatical",FALSE,0,TRUE,""
"exp3","exp3_028","Filler_Aff_Gr_1_29",100,,"catch","affirmative",,,,,"grammatical",FALSE,0,TRUE,""
"exp3","exp3_028","8_NonIde_Red_Neg_1",36,"8","experimental","negative","nonideophone","reduplication","manner","low",,FALSE,0,TRUE,""
"exp3","exp3_028","8_Ide_Red_Neg_1",30,"8","experimental","negative","ideophone","reduplication","manner","low",,FALSE,0,TRUE,""
"exp3","exp3_028","7_NonIde_RegMod_Aff_1",100,"7","experimental","affirmative","nonideophone","manner","manner",,,FALSE,0,TRUE,""
"exp3","exp3_028","7_Ide_RegMod_Aff_1",100,"7","experimental","affirmative","ideophone","manner","manner",,,FALSE,0,TRUE,""
"exp3","exp3_028","6_NonIde_RegMod_Neg_1",24,"6","experimental","negative","nonideophone","manner","manner",,,FALSE,0,TRUE,""
"exp3","exp3_028","6_Ide_RegMod_Neg_1",30,"6","experimental","negative","ideophone","manner","manner",,,FALSE,0,TRUE,""
"exp3","exp3_028","5_NonIde_Cont_Aff_1",77,"5","experimental","affirmative","nonideophone","temporal","temporal",,,FALSE,0,TRUE,""
"exp3","exp3_028","5_Ide_Cont_Aff_1",87,"5","experimental","affirmative","ideophone","temporal","temporal",,,FALSE,0,TRUE,""
"exp3","exp3_028","4_NonIde_Cont_Neg_1",100,"4","experimental","negative","nonideophone","temporal","temporal",,,FALSE,0,TRUE,""
"exp3","exp3_028","4_Ide_Cont_Neg_1",100,"4","experimental","negative","ideophone","temporal","temporal",,,FALSE,0,TRUE,""
"exp3","exp3_028","3_NonIde_Cvb_Aff_1",100,"3","experimental","affirmative","nonideophone","converbial","manner","high",,FALSE,0,TRUE,""
"exp3","exp3_028","3_Ide_Cvb_Aff_1",100,"3","experimental","affirmative","ideophone","converbial","manner","high",,FALSE,0,TRUE,""
"exp3","exp3_028","2_NonIde_Cvb_Neg_1",61,"2","experimental","negative","nonideophone","converbial","manner","high",,FALSE,0,TRUE,""
"exp3","exp3_028","2_Ide_Cvb_Neg_1",32,"2","experimental","negative","ideophone","converbial","manner","high",,FALSE,0,TRUE,""
"exp3","exp3_028","1_NonIde_Red_Aff_1",100,"1","experimental","affirmative","nonideophone","reduplication","manner","low",,FALSE,0,TRUE,""
"exp3","exp3_028","1_Ide_Red_Aff_1",100,"1","experimental","affirmative","ideophone","reduplication","manner","low",,FALSE,0,TRUE,""
"exp3","exp3_029","Filler_Neg_UnGr_1_18",0,,"catch","negative",,,,,"ungrammatical",FALSE,0,TRUE,""
"exp3","exp3_029","Filler_Neg_UnGr_1_13",0,,"catch","negative",,,,,"ungrammatical",FALSE,0,TRUE,""
"exp3","exp3_029","Filler_Neg_Gr_1_17",100,,"catch","negative",,,,,"grammatical",FALSE,0,TRUE,""
"exp3","exp3_029","Filler_Neg_Gr_1_15",100,,"catch","negative",,,,,"grammatical",FALSE,0,TRUE,""
"exp3","exp3_029","Filler_Aff_UnGr_1_19",0,,"catch","affirmative",,,,,"ungrammatical",FALSE,0,TRUE,""
"exp3","exp3_029","Filler_Aff_UnGr_1_16",0,,"catch","affirmative",,,,,"ungrammatical",FALSE,0,TRUE,""
"exp3","exp3_029","Filler_Aff_Gr_1_20",100,,"catch","affirmative",,,,,"grammatical",FALSE,0,TRUE,""
"exp3","exp3_029","Filler_Aff_Gr_1_14",100,,"catch","affirmative",,,,,"grammatical",FALSE,0,TRUE,""
"exp3","exp3_029","8_NonIde_Cvb_Neg_1",30,"8","experimental","negative","nonideophone","converbial","manner","high",,FALSE,0,TRUE,""
"exp3","exp3_029","8_Ide_Cvb_Neg_1",0,"8","experimental","negative","ideophone","converbial","manner","high",,FALSE,0,TRUE,""
"exp3","exp3_029","7_NonIde_Red_Aff_1",100,"7","experimental","affirmative","nonideophone","reduplication","manner","low",,FALSE,0,TRUE,""
"exp3","exp3_029","7_Ide_Red_Aff_1",100,"7","experimental","affirmative","ideophone","reduplication","manner","low",,FALSE,0,TRUE,""
"exp3","exp3_029","6_NonIde_Red_Neg_1",0,"6","experimental","negative","nonideophone","reduplication","manner","low",,FALSE,0,TRUE,""
"exp3","exp3_029","6_Ide_Red_Neg_1",0,"6","experimental","negative","ideophone","reduplication","manner","low",,FALSE,0,TRUE,""
"exp3","exp3_029","5_NonIde_RegMod_Aff_1",100,"5","experimental","affirmative","nonideophone","manner","manner",,,FALSE,0,TRUE,""
"exp3","exp3_029","5_Ide_RegMod_Aff_1",100,"5","experimental","affirmative","ideophone","manner","manner",,,FALSE,0,TRUE,""
"exp3","exp3_029","4_NonIde_RegMod_Neg_1",0,"4","experimental","negative","nonideophone","manner","manner",,,FALSE,0,TRUE,""
"exp3","exp3_029","4_Ide_RegMod_Neg_1",0,"4","experimental","negative","ideophone","manner","manner",,,FALSE,0,TRUE,""
"exp3","exp3_029","3_NonIde_Cont_Aff_1",100,"3","experimental","affirmative","nonideophone","temporal","temporal",,,FALSE,0,TRUE,""
"exp3","exp3_029","3_Ide_Cont_Aff_1",100,"3","experimental","affirmative","ideophone","temporal","temporal",,,FALSE,0,TRUE,""
"exp3","exp3_029","2_NonIde_Cont_Neg_1",0,"2","experimental","negative","nonideophone","temporal","temporal",,,FALSE,0,TRUE,""
"exp3","exp3_029","2_Ide_Cont_Neg_1",100,"2","experimental","negative","ideophone","temporal","temporal",,,FALSE,0,TRUE,""
"exp3","exp3_029","1_NonIde_Cvb_Aff_1",100,"1","experimental","affirmative","nonideophone","converbial","manner","high",,FALSE,0,TRUE,""
"exp3","exp3_029","1_Ide_Cvb_Aff_1",0,"1","experimental","affirmative","ideophone","converbial","manner","high",,FALSE,0,TRUE,""
"exp3","exp3_030","Filler_Neg_UnGr_1_59",0,,"catch","negative",,,,,"ungrammatical",FALSE,0,TRUE,""
"exp3","exp3_030","Filler_Neg_UnGr_1_56",0,,"catch","negative",,,,,"ungrammatical",FALSE,0,TRUE,""
"exp3","exp3_030","Filler_Neg_Gr_1_60",100,,"catch","negative",,,,,"grammatical",FALSE,0,TRUE,""
"exp3","exp3_030","Filler_Neg_Gr_1_53",100,,"catch","negative",,,,,"grammatical",FALSE,0,TRUE,""
"exp3","exp3_030","Filler_Aff_UnGr_1_58",0,,"catch","affirmative",,,,,"ungrammatical",FALSE,0,TRUE,""
"exp3","exp3_030","Filler_Aff_UnGr_1_54",0,,"catch","affirmative",,,,,"ungrammatical",FALSE,0,TRUE,""
"exp3","exp3_030","Filler_Aff_Gr_1_57",100,,"catch","affirmative",,,,,"grammatical",FALSE,0,TRUE,""
"exp3","exp3_030","Filler_Aff_Gr_1_55",100,,"catch","affirmative",,,,,"grammatical",FALSE,0,TRUE,""
"exp3","exp3_030","8_NonIde_Cont_Aff_1",100,"8","experimental","affirmative","nonideophone","temporal","temporal",,,FALSE,0,TRUE,""
"exp3","exp3_030","8_Ide_Cont_Aff_1",100,"8","experimental","affirmative","ideophone","temporal","temporal",,,FALSE,0,TRUE,""
"exp3","exp3_030","7_NonIde_Cont_Neg_1",100,"7","experimental","negative","nonideophone","temporal","temporal",,,FALSE,0,TRUE,""
"exp3","exp3_030","7_Ide_Cont_Neg_1",70,"7","experimental","negative","ideophone","temporal","temporal",,,FALSE,0,TRUE,""
"exp3","exp3_030","6_NonIde_Cvb_Aff_1",100,"6","experimental","affirmative","nonideophone","converbial","manner","high",,FALSE,0,TRUE,""
"exp3","exp3_030","6_Ide_Cvb_Aff_1",70,"6","experimental","affirmative","ideophone","converbial","manner","high",,FALSE,0,TRUE,""
"exp3","exp3_030","5_NonIde_Cvb_Neg_1",90,"5","experimental","negative","nonideophone","converbial","manner","high",,FALSE,0,TRUE,""
"exp3","exp3_030","5_Ide_Cvb_Neg_1",70,"5","experimental","negative","ideophone","converbial","manner","high",,FALSE,0,TRUE,""
"exp3","exp3_030","4_NonIde_Red_Aff_1",100,"4","experimental","affirmative","nonideophone","reduplication","manner","low",,FALSE,0,TRUE,""
"exp3","exp3_030","4_Ide_Red_Aff_1",100,"4","experimental","affirmative","ideophone","reduplication","manner","low",,FALSE,0,TRUE,""
"exp3","exp3_030","3_NonIde_Red_Neg_1",70,"3","experimental","negative","nonideophone","reduplication","manner","low",,FALSE,0,TRUE,""
"exp3","exp3_030","3_Ide_Red_Neg_1",70,"3","experimental","negative","ideophone","reduplication","manner","low",,FALSE,0,TRUE,""
"exp3","exp3_030","2_NonIde_RegMod_Aff_1",100,"2","experimental","affirmative","nonideophone","manner","manner",,,FALSE,0,TRUE,""
"exp3","exp3_030","2_Ide_RegMod_Aff_1",100,"2","experimental","affirmative","ideophone","manner","manner",,,FALSE,0,TRUE,""
"exp3","exp3_030","1_NonIde_RegMod_Neg_1",70,"1","experimental","negative","nonideophone","manner","manner",,,FALSE,0,TRUE,""
"exp3","exp3_030","1_Ide_RegMod_Neg_1",60,"1","experimental","negative","ideophone","manner","manner",,,FALSE,0,TRUE,""
"exp3","exp3_031","Filler_Neg_UnGr_1_27",0,,"catch","negative",,,,,"ungrammatical",FALSE,0,TRUE,""
"exp3","exp3_031","Filler_Neg_UnGr_1_24",0,,"catch","negative",,,,,"ungrammatical",FALSE,0,TRUE,""
"exp3","exp3_031","Filler_Neg_Gr_1_28",100,,"catch","negative",,,,,"grammatical",FALSE,0,TRUE,""
"exp3","exp3_031","Filler_Neg_Gr_1_21",100,,"catch","negative",,,,,"grammatical",FALSE,0,TRUE,""
"exp3","exp3_031","Filler_Aff_UnGr_1_26",0,,"catch","affirmative",,,,,"ungrammatical",FALSE,0,TRUE,""
"exp3","exp3_031","Filler_Aff_UnGr_1_22",0,,"catch","affirmative",,,,,"ungrammatical",FALSE,0,TRUE,""
"exp3","exp3_031","Filler_Aff_Gr_1_25",100,,"catch","affirmative",,,,,"grammatical",FALSE,0,TRUE,""
"exp3","exp3_031","Filler_Aff_Gr_1_23",100,,"catch","affirmative",,,,,"grammatical",FALSE,0,TRUE,""
"exp3","exp3_031","8_NonIde_Red_Aff_1",100,"8","experimental","affirmative","nonideophone","reduplication","manner","low",,FALSE,0,TRUE,""
"exp3","exp3_031","8_Ide_Red_Aff_1",100,"8","experimental","affirmative","ideophone","reduplication","manner","low",,FALSE,0,TRUE,""
"exp3","exp3_031","7_NonIde_Red_Neg_1",100,"7","experimental","negative","nonideophone","reduplication","manner","low",,FALSE,0,TRUE,""
"exp3","exp3_031","7_Ide_Red_Neg_1",100,"7","experimental","negative","ideophone","reduplication","manner","low",,FALSE,0,TRUE,""
"exp3","exp3_031","6_NonIde_RegMod_Aff_1",100,"6","experimental","affirmative","nonideophone","manner","manner",,,FALSE,0,TRUE,""
"exp3","exp3_031","6_Ide_RegMod_Aff_1",100,"6","experimental","affirmative","ideophone","manner","manner",,,FALSE,0,TRUE,""
"exp3","exp3_031","5_NonIde_RegMod_Neg_1",100,"5","experimental","negative","nonideophone","manner","manner",,,FALSE,0,TRUE,""
"exp3","exp3_031","5_Ide_RegMod_Neg_1",80,"5","experimental","negative","ideophone","manner","manner",,,FALSE,0,TRUE,""
"exp3","exp3_031","4_NonIde_Cont_Aff_1",100,"4","experimental","affirmative","nonideophone","temporal","temporal",,,FALSE,0,TRUE,""
"exp3","exp3_031","4_Ide_Cont_Aff_1",100,"4","experimental","affirmative","ideophone","temporal","temporal",,,FALSE,0,TRUE,""
"exp3","exp3_031","3_NonIde_Cont_Neg_1",100,"3","experimental","negative","nonideophone","temporal","temporal",,,FALSE,0,TRUE,""
"exp3","exp3_031","3_Ide_Cont_Neg_1",100,"3","experimental","negative","ideophone","temporal","temporal",,,FALSE,0,TRUE,""
"exp3","exp3_031","2_NonIde_Cvb_Aff_1",100,"2","experimental","affirmative","nonideophone","converbial","manner","high",,FALSE,0,TRUE,""
"exp3","exp3_031","2_Ide_Cvb_Aff_1",100,"2","experimental","affirmative","ideophone","converbial","manner","high",,FALSE,0,TRUE,""
"exp3","exp3_031","1_NonIde_Cvb_Neg_1",100,"1","experimental","negative","nonideophone","converbial","manner","high",,FALSE,0,TRUE,""
"exp3","exp3_031","1_Ide_Cvb_Neg_1",100,"1","experimental","negative","ideophone","converbial","manner","high",,FALSE,0,TRUE,""
"exp3","exp3_032","Filler_Neg_UnGr_1_3",68,,"catch","negative",,,,,"ungrammatical",FALSE,0,TRUE,""
"exp3","exp3_032","Filler_Neg_UnGr_1",0,,"catch","negative",,,,,"ungrammatical",FALSE,0,TRUE,""
"exp3","exp3_032","Filler_Neg_Gr_1_1",100,,"catch","negative",,,,,"grammatical",FALSE,0,TRUE,""
"exp3","exp3_032","Filler_Neg_Gr_1",100,,"catch","negative",,,,,"grammatical",FALSE,0,TRUE,""
"exp3","exp3_032","Filler_Aff_UnGr_1_2",3,,"catch","affirmative",,,,,"ungrammatical",FALSE,0,TRUE,""
"exp3","exp3_032","Filler_Aff_UnGr_1",34,,"catch","affirmative",,,,,"ungrammatical",FALSE,0,TRUE,""
"exp3","exp3_032","Filler_Aff_Gr_1_4",100,,"catch","affirmative",,,,,"grammatical",FALSE,0,TRUE,""
"exp3","exp3_032","Filler_Aff_Gr_1",100,,"catch","affirmative",,,,,"grammatical",FALSE,0,TRUE,""
"exp3","exp3_032","8_NonIde_Cont_Neg_1",100,"8","experimental","negative","nonideophone","temporal","temporal",,,FALSE,0,TRUE,""
"exp3","exp3_032","8_Ide_Cont_Neg_1",92,"8","experimental","negative","ideophone","temporal","temporal",,,FALSE,0,TRUE,""
"exp3","exp3_032","7_NonIde_Cvb_Aff_1",100,"7","experimental","affirmative","nonideophone","converbial","manner","high",,FALSE,0,TRUE,""
"exp3","exp3_032","7_Ide_Cvb_Aff_1",100,"7","experimental","affirmative","ideophone","converbial","manner","high",,FALSE,0,TRUE,""
"exp3","exp3_032","6_NonIde_Cvb_Neg_1",100,"6","experimental","negative","nonideophone","converbial","manner","high",,FALSE,0,TRUE,""
"exp3","exp3_032","6_Ide_Cvb_Neg_1",80,"6","experimental","negative","ideophone","converbial","manner","high",,FALSE,0,TRUE,""
"exp3","exp3_032","5_NonIde_Red_Aff_1",100,"5","experimental","affirmative","nonideophone","reduplication","manner","low",,FALSE,0,TRUE,""
"exp3","exp3_032","5_Ide_Red_Aff_1",92,"5","experimental","affirmative","ideophone","reduplication","manner","low",,FALSE,0,TRUE,""
"exp3","exp3_032","4_NonIde_Red_Neg_1",91,"4","experimental","negative","nonideophone","reduplication","manner","low",,FALSE,0,TRUE,""
"exp3","exp3_032","4_Ide_Red_Neg_1",100,"4","experimental","negative","ideophone","reduplication","manner","low",,FALSE,0,TRUE,""
"exp3","exp3_032","3_NonIde_RegMod_Aff_1",100,"3","experimental","affirmative","nonideophone","manner","manner",,,FALSE,0,TRUE,""
"exp3","exp3_032","3_Ide_RegMod_Aff_1",100,"3","experimental","affirmative","ideophone","manner","manner",,,FALSE,0,TRUE,""
"exp3","exp3_032","2_NonIde_RegMod_Neg_1",100,"2","experimental","negative","nonideophone","manner","manner",,,FALSE,0,TRUE,""
"exp3","exp3_032","2_Ide_RegMod_Neg_1",100,"2","experimental","negative","ideophone","manner","manner",,,FALSE,0,TRUE,""
"exp3","exp3_032","1_NonIde_Cont_Aff_1",100,"1","experimental","affirmative","nonideophone","temporal","temporal",,,FALSE,0,TRUE,""
"exp3","exp3_032","1_Ide_Cont_Aff_1",100,"1","experimental","affirmative","ideophone","temporal","temporal",,,FALSE,0,TRUE,""
"exp3","exp3_033","Filler_Neg_UnGr_1_18",0,,"catch","negative",,,,,"ungrammatical",FALSE,0,TRUE,""
"exp3","exp3_033","Filler_Neg_UnGr_1_13",0,,"catch","negative",,,,,"ungrammatical",FALSE,0,TRUE,""
"exp3","exp3_033","Filler_Neg_Gr_1_17",100,,"catch","negative",,,,,"grammatical",FALSE,0,TRUE,""
"exp3","exp3_033","Filler_Neg_Gr_1_15",43,,"catch","negative",,,,,"grammatical",FALSE,0,TRUE,""
"exp3","exp3_033","Filler_Aff_UnGr_1_19",0,,"catch","affirmative",,,,,"ungrammatical",FALSE,0,TRUE,""
"exp3","exp3_033","Filler_Aff_UnGr_1_16",0,,"catch","affirmative",,,,,"ungrammatical",FALSE,0,TRUE,""
"exp3","exp3_033","Filler_Aff_Gr_1_20",100,,"catch","affirmative",,,,,"grammatical",FALSE,0,TRUE,""
"exp3","exp3_033","Filler_Aff_Gr_1_14",100,,"catch","affirmative",,,,,"grammatical",FALSE,0,TRUE,""
"exp3","exp3_033","8_NonIde_Cvb_Neg_1",12,"8","experimental","negative","nonideophone","converbial","manner","high",,FALSE,0,TRUE,""
"exp3","exp3_033","8_Ide_Cvb_Neg_1",0,"8","experimental","negative","ideophone","converbial","manner","high",,FALSE,0,TRUE,""
"exp3","exp3_033","7_NonIde_Red_Aff_1",100,"7","experimental","affirmative","nonideophone","reduplication","manner","low",,FALSE,0,TRUE,""
"exp3","exp3_033","7_Ide_Red_Aff_1",64,"7","experimental","affirmative","ideophone","reduplication","manner","low",,FALSE,0,TRUE,""
"exp3","exp3_033","6_NonIde_Red_Neg_1",0,"6","experimental","negative","nonideophone","reduplication","manner","low",,FALSE,0,TRUE,""
"exp3","exp3_033","6_Ide_Red_Neg_1",0,"6","experimental","negative","ideophone","reduplication","manner","low",,FALSE,0,TRUE,""
"exp3","exp3_033","5_NonIde_RegMod_Aff_1",29,"5","experimental","affirmative","nonideophone","manner","manner",,,FALSE,0,TRUE,""
"exp3","exp3_033","5_Ide_RegMod_Aff_1",100,"5","experimental","affirmative","ideophone","manner","manner",,,FALSE,0,TRUE,""
"exp3","exp3_033","4_NonIde_RegMod_Neg_1",0,"4","experimental","negative","nonideophone","manner","manner",,,FALSE,0,TRUE,""
"exp3","exp3_033","4_Ide_RegMod_Neg_1",26,"4","experimental","negative","ideophone","manner","manner",,,FALSE,0,TRUE,""
"exp3","exp3_033","3_NonIde_Cont_Aff_1",100,"3","experimental","affirmative","nonideophone","temporal","temporal",,,FALSE,0,TRUE,""
"exp3","exp3_033","3_Ide_Cont_Aff_1",100,"3","experimental","affirmative","ideophone","temporal","temporal",,,FALSE,0,TRUE,""
"exp3","exp3_033","2_NonIde_Cont_Neg_1",0,"2","experimental","negative","nonideophone","temporal","temporal",,,FALSE,0,TRUE,""
"exp3","exp3_033","2_Ide_Cont_Neg_1",59,"2","experimental","negative","ideophone","temporal","temporal",,,FALSE,0,TRUE,""
"exp3","exp3_033","1_NonIde_Cvb_Aff_1",100,"1","experimental","affirmative","nonideophone","converbial","manner","high",,FALSE,0,TRUE,""
"exp3","exp3_033","1_Ide_Cvb_Aff_1",37,"1","experimental","affirmative","ideophone","converbial","manner","high",,FALSE,0,TRUE,""
"exp3","exp3_034","Filler_Neg_UnGr_1_59",0,,"catch","negative",,,,,"ungrammatical",FALSE,0,TRUE,""
"exp3","exp3_034","Filler_Neg_UnGr_1_56",0,,"catch","negative",,,,,"ungrammatical",FALSE,0,TRUE,""
"exp3","exp3_034","Filler_Neg_Gr_1_60",67,,"catch","negative",,,,,"grammatical",FALSE,0,TRUE,""
"exp3","exp3_034","Filler_Neg_Gr_1_53",100,,"catch","negative",,,,,"grammatical",FALSE,0,TRUE,""
"exp3","exp3_034","Filler_Aff_UnGr_1_58",0,,"catch","affirmative",,,,,"ungrammatical",FALSE,0,TRUE,""
"exp3","exp3_034","Filler_Aff_UnGr_1_54",0,,"catch","affirmative",,,,,"ungrammatical",FALSE,0,TRUE,""
"exp3","exp3_034","Filler_Aff_Gr_1_57",100,,"catch","affirmative",,,,,"grammatical",FALSE,0,TRUE,""
"exp3","exp3_034","Filler_Aff_Gr_1_55",100,,"catch","affirmative",,,,,"grammatical",FALSE,0,TRUE,""
"exp3","exp3_034","8_NonIde_Cont_Aff_1",100,"8","experimental","affirmative","nonideophone","temporal","temporal",,,FALSE,0,TRUE,""
"exp3","exp3_034","8_Ide_Cont_Aff_1",100,"8","experimental","affirmative","ideophone","temporal","temporal",,,FALSE,0,TRUE,""
"exp3","exp3_034","7_NonIde_Cont_Neg_1",100,"7","experimental","negative","nonideophone","temporal","temporal",,,FALSE,0,TRUE,""
"exp3","exp3_034","7_Ide_Cont_Neg_1",74,"7","experimental","negative","ideophone","temporal","temporal",,,FALSE,0,TRUE,""
"exp3","exp3_034","6_NonIde_Cvb_Aff_1",100,"6","experimental","affirmative","nonideophone","converbial","manner","high",,FALSE,0,TRUE,""
"exp3","exp3_034","6_Ide_Cvb_Aff_1",100,"6","experimental","affirmative","ideophone","converbial","manner","high",,FALSE,0,TRUE,""
"exp3","exp3_034","5_NonIde_Cvb_Neg_1",73,"5","experimental","negative","nonideophone","converbial","manner","high",,FALSE,0,TRUE,""
"exp3","exp3_034","5_Ide_Cvb_Neg_1",100,"5","experimental","negative","ideophone","converbial","manner","high",,FALSE,0,TRUE,""
"exp3","exp3_034","4_NonIde_Red_Aff_1",100,"4","experimental","affirmative","nonideophone","reduplication","manner","low",,FALSE,0,TRUE,""
"exp3","exp3_034","4_Ide_Red_Aff_1",100,"4","experimental","affirmative","ideophone","reduplication","manner","low",,FALSE,0,TRUE,""
"exp3","exp3_034","3_NonIde_Red_Neg_1",71,"3","experimental","negative","nonideophone","reduplication","manner","low",,FALSE,0,TRUE,""
"exp3","exp3_034","3_Ide_Red_Neg_1",100,"3","experimental","negative","ideophone","reduplication","manner","low",,FALSE,0,TRUE,""
"exp3","exp3_034","2_NonIde_RegMod_Aff_1",100,"2","experimental","affirmative","nonideophone","manner","manner",,,FALSE,0,TRUE,""
"exp3","exp3_034","2_Ide_RegMod_Aff_1",100,"2","experimental","affirmative","ideophone","manner","manner",,,FALSE,0,TRUE,""
"exp3","exp3_034","1_NonIde_RegMod_Neg_1",78,"1","experimental","negative","nonideophone","manner","manner",,,FALSE,0,TRUE,""
"exp3","exp3_034","1_Ide_RegMod_Neg_1",100,"1","experimental","negative","ideophone","manner","manner",,,FALSE,0,TRUE,""
"exp3","exp3_035","Filler_Neg_UnGr_1_50",0,,"catch","negative",,,,,"ungrammatical",FALSE,0,TRUE,""
"exp3","exp3_035","Filler_Neg_UnGr_1_45",0,,"catch","negative",,,,,"ungrammatical",FALSE,0,TRUE,""
"exp3","exp3_035","Filler_Neg_Gr_1_49",100,,"catch","negative",,,,,"grammatical",FALSE,0,TRUE,""
"exp3","exp3_035","Filler_Neg_Gr_1_47",100,,"catch","negative",,,,,"grammatical",FALSE,0,TRUE,""
"exp3","exp3_035","Filler_Aff_UnGr_1_51",0,,"catch","affirmative",,,,,"ungrammatical",FALSE,0,TRUE,""
"exp3","exp3_035","Filler_Aff_UnGr_1_48",0,,"catch","affirmative",,,,,"ungrammatical",FALSE,0,TRUE,""
"exp3","exp3_035","Filler_Aff_Gr_1_52",100,,"catch","affirmative",,,,,"grammatical",FALSE,0,TRUE,""
"exp3","exp3_035","Filler_Aff_Gr_1_46",100,,"catch","affirmative",,,,,"grammatical",FALSE,0,TRUE,""
"exp3","exp3_035","8_NonIde_RegMod_Neg_1",95,"8","experimental","negative","nonideophone","manner","manner",,,FALSE,0,TRUE,""
"exp3","exp3_035","8_Ide_RegMod_Neg_1",83,"8","experimental","negative","ideophone","manner","manner",,,FALSE,0,TRUE,""
"exp3","exp3_035","7_NonIde_Cont_Aff_1",100,"7","experimental","affirmative","nonideophone","temporal","temporal",,,FALSE,0,TRUE,""
"exp3","exp3_035","7_Ide_Cont_Aff_1",100,"7","experimental","affirmative","ideophone","temporal","temporal",,,FALSE,0,TRUE,""
"exp3","exp3_035","6_NonIde_Cont_Neg_1",100,"6","experimental","negative","nonideophone","temporal","temporal",,,FALSE,0,TRUE,""
"exp3","exp3_035","6_Ide_Cont_Neg_1",100,"6","experimental","negative","ideophone","temporal","temporal",,,FALSE,0,TRUE,""
"exp3","exp3_035","5_NonIde_Cvb_Aff_1",100,"5","experimental","affirmative","nonideophone","converbial","manner","high",,FALSE,0,TRUE,""
"exp3","exp3_035","5_Ide_Cvb_Aff_1",100,"5","experimental","affirmative","ideophone","converbial","manner","high",,FALSE,0,TRUE,""
"exp3","exp3_035","4_NonIde_Cvb_Neg_1",100,"4","experimental","negative","nonideophone","converbial","manner","high",,FALSE,0,TRUE,""
"exp3","exp3_035","4_Ide_Cvb_Neg_1",100,"4","experimental","negative","ideophone","converbial","manner","high",,FALSE,0,TRUE,""
"exp3","exp3_035","3_NonIde_Red_Aff_1",100,"3","experimental","affirmative","nonideophone","reduplication","manner","low",,FALSE,0,TRUE,""
"exp3","exp3_035","3_Ide_Red_Aff_1",100,"3","experimental","affirmative","ideophone","reduplication","manner","low",,FALSE,0,TRUE,""
"exp3","exp3_035","2_NonIde_Red_Neg_1",100,"2","experimental","negative","nonideophone","reduplication","manner","low",,FALSE,0,TRUE,""
"exp3","exp3_035","2_Ide_Red_Neg_1",100,"2","experimental","negative","ideophone","reduplication","manner","low",,FALSE,0,TRUE,""
"exp3","exp3_035","1_NonIde_RegMod_Aff_1",100,"1","experimental","affirmative","nonideophone","manner","manner",,,FALSE,0,TRUE,""
"exp3","exp3_035","1_Ide_RegMod_Aff_1",100,"1","experimental","affirmative","ideophone","manner","manner",,,FALSE,0,TRUE,""
"exp3","exp3_036","Filler_Neg_UnGr_1_43",0,,"catch","negative",,,,,"ungrammatical",FALSE,0,TRUE,""
"exp3","exp3_036","Filler_Neg_UnGr_1_40",0,,"catch","negative",,,,,"ungrammatical",FALSE,0,TRUE,""
"exp3","exp3_036","Filler_Neg_Gr_1_44",44,,"catch","negative",,,,,"grammatical",FALSE,0,TRUE,""
"exp3","exp3_036","Filler_Neg_Gr_1_38",39,,"catch","negative",,,,,"grammatical",FALSE,0,TRUE,""
"exp3","exp3_036","Filler_Aff_UnGr_1_42",0,,"catch","affirmative",,,,,"ungrammatical",FALSE,0,TRUE,""
"exp3","exp3_036","Filler_Aff_UnGr_1_37",0,,"catch","affirmative",,,,,"ungrammatical",FALSE,0,TRUE,""
"exp3","exp3_036","Filler_Aff_Gr_1_41",100,,"catch","affirmative",,,,,"grammatical",FALSE,0,TRUE,""
"exp3","exp3_036","Filler_Aff_Gr_1_39",100,,"catch","affirmative",,,,,"grammatical",FALSE,0,TRUE,""
"exp3","exp3_036","8_NonIde_RegMod_Aff_1",100,"8","experimental","affirmative","nonideophone","manner","manner",,,FALSE,0,TRUE,""
"exp3","exp3_036","8_Ide_RegMod_Aff_1",81,"8","experimental","affirmative","ideophone","manner","manner",,,FALSE,0,TRUE,""
"exp3","exp3_036","7_NonIde_RegMod_Neg_1",23,"7","experimental","negative","nonideophone","manner","manner",,,FALSE,0,TRUE,""
"exp3","exp3_036","7_Ide_RegMod_Neg_1",29,"7","experimental","negative","ideophone","manner","manner",,,FALSE,0,TRUE,""
"exp3","exp3_036","6_NonIde_Cont_Aff_1",29,"6","experimental","affirmative","nonideophone","temporal","temporal",,,FALSE,0,TRUE,""
"exp3","exp3_036","6_Ide_Cont_Aff_1",22,"6","experimental","affirmative","ideophone","temporal","temporal",,,FALSE,0,TRUE,""
"exp3","exp3_036","5_NonIde_Cont_Neg_1",0,"5","experimental","negative","nonideophone","temporal","temporal",,,FALSE,0,TRUE,""
"exp3","exp3_036","5_Ide_Cont_Neg_1",22,"5","experimental","negative","ideophone","temporal","temporal",,,FALSE,0,TRUE,""
"exp3","exp3_036","4_NonIde_Cvb_Aff_1",100,"4","experimental","affirmative","nonideophone","converbial","manner","high",,FALSE,0,TRUE,""
"exp3","exp3_036","4_Ide_Cvb_Aff_1",100,"4","experimental","affirmative","ideophone","converbial","manner","high",,FALSE,0,TRUE,""
"exp3","exp3_036","3_NonIde_Cvb_Neg_1",0,"3","experimental","negative","nonideophone","converbial","manner","high",,FALSE,0,TRUE,""
"exp3","exp3_036","3_Ide_Cvb_Neg_1",0,"3","experimental","negative","ideophone","converbial","manner","high",,FALSE,0,TRUE,""
"exp3","exp3_036","2_NonIde_Red_Aff_1",100,"2","experimental","affirmative","nonideophone","reduplication","manner","low",,FALSE,0,TRUE,""
"exp3","exp3_036","2_Ide_Red_Aff_1",100,"2","experimental","affirmative","ideophone","reduplication","manner","low",,FALSE,0,TRUE,""
"exp3","exp3_036","1_NonIde_Red_Neg_1",0,"1","experimental","negative","nonideophone","reduplication","manner","low",,FALSE,0,TRUE,""
"exp3","exp3_036","1_Ide_Red_Neg_1",0,"1","experimental","negative","ideophone","reduplication","manner","low",,FALSE,0,TRUE,""
"exp3","exp3_037","Filler_Neg_UnGr_1_34",0,,"catch","negative",,,,,"ungrammatical",FALSE,0,TRUE,""
"exp3","exp3_037","Filler_Neg_UnGr_1_30",0,,"catch","negative",,,,,"ungrammatical",FALSE,0,TRUE,""
"exp3","exp3_037","Filler_Neg_Gr_1_33",100,,"catch","negative",,,,,"grammatical",FALSE,0,TRUE,""
"exp3","exp3_037","Filler_Neg_Gr_1_31",86,,"catch","negative",,,,,"grammatical",FALSE,0,TRUE,""
"exp3","exp3_037","Filler_Aff_UnGr_1_35",20,,"catch","affirmative",,,,,"ungrammatical",FALSE,0,TRUE,""
"exp3","exp3_037","Filler_Aff_UnGr_1_32",14,,"catch","affirmative",,,,,"ungrammatical",FALSE,0,TRUE,""
"exp3","exp3_037","Filler_Aff_Gr_1_36",100,,"catch","affirmative",,,,,"grammatical",FALSE,0,TRUE,""
"exp3","exp3_037","Filler_Aff_Gr_1_29",100,,"catch","affirmative",,,,,"grammatical",FALSE,0,TRUE,""
"exp3","exp3_037","8_NonIde_Red_Neg_1",0,"8","experimental","negative","nonideophone","reduplication","manner","low",,FALSE,0,TRUE,""
"exp3","exp3_037","8_Ide_Red_Neg_1",0,"8","experimental","negative","ideophone","reduplication","manner","low",,FALSE,0,TRUE,""
"exp3","exp3_037","7_NonIde_RegMod_Aff_1",100,"7","experimental","affirmative","nonideophone","manner","manner",,,FALSE,0,TRUE,""
"exp3","exp3_037","7_Ide_RegMod_Aff_1",100,"7","experimental","affirmative","ideophone","manner","manner",,,FALSE,0,TRUE,""
"exp3","exp3_037","6_NonIde_RegMod_Neg_1",3,"6","experimental","negative","nonideophone","manner","manner",,,FALSE,0,TRUE,""
"exp3","exp3_037","6_Ide_RegMod_Neg_1",0,"6","experimental","negative","ideophone","manner","manner",,,FALSE,0,TRUE,""
"exp3","exp3_037","5_NonIde_Cont_Aff_1",100,"5","experimental","affirmative","nonideophone","temporal","temporal",,,FALSE,0,TRUE,""
"exp3","exp3_037","5_Ide_Cont_Aff_1",100,"5","experimental","affirmative","ideophone","temporal","temporal",,,FALSE,0,TRUE,""
"exp3","exp3_037","4_NonIde_Cont_Neg_1",6,"4","experimental","negative","nonideophone","temporal","temporal",,,FALSE,0,TRUE,""
"exp3","exp3_037","4_Ide_Cont_Neg_1",100,"4","experimental","negative","ideophone","temporal","temporal",,,FALSE,0,TRUE,""
"exp3","exp3_037","3_NonIde_Cvb_Aff_1",100,"3","experimental","affirmative","nonideophone","converbial","manner","high",,FALSE,0,TRUE,""
"exp3","exp3_037","3_Ide_Cvb_Aff_1",89,"3","experimental","affirmative","ideophone","converbial","manner","high",,FALSE,0,TRUE,""
"exp3","exp3_037","2_NonIde_Cvb_Neg_1",7,"2","experimental","negative","nonideophone","converbial","manner","high",,FALSE,0,TRUE,""
"exp3","exp3_037","2_Ide_Cvb_Neg_1",0,"2","experimental","negative","ideophone","converbial","manner","high",,FALSE,0,TRUE,""
"exp3","exp3_037","1_NonIde_Red_Aff_1",5,"1","experimental","affirmative","nonideophone","reduplication","manner","low",,FALSE,0,TRUE,""
"exp3","exp3_037","1_Ide_Red_Aff_1",100,"1","experimental","affirmative","ideophone","reduplication","manner","low",,FALSE,0,TRUE,""
"exp3","exp3_038","Filler_Neg_UnGr_1_3",0,,"catch","negative",,,,,"ungrammatical",FALSE,0,TRUE,""
"exp3","exp3_038","Filler_Neg_UnGr_1",0,,"catch","negative",,,,,"ungrammatical",FALSE,0,TRUE,""
"exp3","exp3_038","Filler_Neg_Gr_1_1",100,,"catch","negative",,,,,"grammatical",FALSE,0,TRUE,""
"exp3","exp3_038","Filler_Neg_Gr_1",100,,"catch","negative",,,,,"grammatical",FALSE,0,TRUE,""
"exp3","exp3_038","Filler_Aff_UnGr_1_2",0,,"catch","affirmative",,,,,"ungrammatical",FALSE,0,TRUE,""
"exp3","exp3_038","Filler_Aff_UnGr_1",0,,"catch","affirmative",,,,,"ungrammatical",FALSE,0,TRUE,""
"exp3","exp3_038","Filler_Aff_Gr_1_4",100,,"catch","affirmative",,,,,"grammatical",FALSE,0,TRUE,""
"exp3","exp3_038","Filler_Aff_Gr_1",100,,"catch","affirmative",,,,,"grammatical",FALSE,0,TRUE,""
"exp3","exp3_038","8_NonIde_Cont_Neg_1",54,"8","experimental","negative","nonideophone","temporal","temporal",,,FALSE,0,TRUE,""
"exp3","exp3_038","8_Ide_Cont_Neg_1",77,"8","experimental","negative","ideophone","temporal","temporal",,,FALSE,0,TRUE,""
"exp3","exp3_038","7_NonIde_Cvb_Aff_1",100,"7","experimental","affirmative","nonideophone","converbial","manner","high",,FALSE,0,TRUE,""
"exp3","exp3_038","7_Ide_Cvb_Aff_1",60,"7","experimental","affirmative","ideophone","converbial","manner","high",,FALSE,0,TRUE,""
"exp3","exp3_038","6_NonIde_Cvb_Neg_1",1,"6","experimental","negative","nonideophone","converbial","manner","high",,FALSE,0,TRUE,""
"exp3","exp3_038","6_Ide_Cvb_Neg_1",0,"6","experimental","negative","ideophone","converbial","manner","high",,FALSE,0,TRUE,""
"exp3","exp3_038","5_NonIde_Red_Aff_1",85,"5","experimental","affirmative","nonideophone","reduplication","manner","low",,FALSE,0,TRUE,""
"exp3","exp3_038","5_Ide_Red_Aff_1",85,"5","experimental","affirmative","ideophone","reduplication","manner","low",,FALSE,0,TRUE,""
"exp3","exp3_038","4_NonIde_Red_Neg_1",36,"4","experimental","negative","nonideophone","reduplication","manner","low",,FALSE,0,TRUE,""
"exp3","exp3_038","4_Ide_Red_Neg_1",100,"4","experimental","negative","ideophone","reduplication","manner","low",,FALSE,0,TRUE,""
"exp3","exp3_038","3_NonIde_RegMod_Aff_1",100,"3","experimental","affirmative","nonideophone","manner","manner",,,FALSE,0,TRUE,""
"exp3","exp3_038","3_Ide_RegMod_Aff_1",100,"3","experimental","affirmative","ideophone","manner","manner",,,FALSE,0,TRUE,""
"exp3","exp3_038","2_NonIde_RegMod_Neg_1",91,"2","experimental","negative","nonideophone","manner","manner",,,FALSE,0,TRUE,""
"exp3","exp3_038","2_Ide_RegMod_Neg_1",100,"2","experimental","negative","ideophone","manner","manner",,,FALSE,0,TRUE,""
"exp3","exp3_038","1_NonIde_Cont_Aff_1",100,"1","experimental","affirmative","nonideophone","temporal","temporal",,,FALSE,0,TRUE,""
"exp3","exp3_038","1_Ide_Cont_Aff_1",100,"1","experimental","affirmative","ideophone","temporal","temporal",,,FALSE,0,TRUE,""
"exp3","exp3_039","Filler_Neg_UnGr_1_3",0,,"catch","negative",,,,,"ungrammatical",FALSE,0,TRUE,""
"exp3","exp3_039","Filler_Neg_UnGr_1",0,,"catch","negative",,,,,"ungrammatical",FALSE,0,TRUE,""
"exp3","exp3_039","Filler_Neg_Gr_1_1",91,,"catch","negative",,,,,"grammatical",FALSE,0,TRUE,""
"exp3","exp3_039","Filler_Neg_Gr_1",86,,"catch","negative",,,,,"grammatical",FALSE,0,TRUE,""
"exp3","exp3_039","Filler_Aff_UnGr_1_2",0,,"catch","affirmative",,,,,"ungrammatical",FALSE,0,TRUE,""
"exp3","exp3_039","Filler_Aff_UnGr_1",0,,"catch","affirmative",,,,,"ungrammatical",FALSE,0,TRUE,""
"exp3","exp3_039","Filler_Aff_Gr_1_4",71,,"catch","affirmative",,,,,"grammatical",FALSE,0,TRUE,""
"exp3","exp3_039","Filler_Aff_Gr_1",82,,"catch","affirmative",,,,,"grammatical",FALSE,0,TRUE,""
"exp3","exp3_039","8_NonIde_Cont_Neg_1",77,"8","experimental","negative","nonideophone","temporal","temporal",,,FALSE,0,TRUE,""
"exp3","exp3_039","8_Ide_Cont_Neg_1",30,"8","experimental","negative","ideophone","temporal","temporal",,,FALSE,0,TRUE,""
"exp3","exp3_039","7_NonIde_Cvb_Aff_1",78,"7","experimental","affirmative","nonideophone","converbial","manner","high",,FALSE,0,TRUE,""
"exp3","exp3_039","7_Ide_Cvb_Aff_1",81,"7","experimental","affirmative","ideophone","converbial","manner","high",,FALSE,0,TRUE,""
"exp3","exp3_039","6_NonIde_Cvb_Neg_1",73,"6","experimental","negative","nonideophone","converbial","manner","high",,FALSE,0,TRUE,""
"exp3","exp3_039","6_Ide_Cvb_Neg_1",24,"6","experimental","negative","ideophone","converbial","manner","high",,FALSE,0,TRUE,""
"exp3","exp3_039","5_NonIde_Red_Aff_1",76,"5","experimental","affirmative","nonideophone","reduplication","manner","low",,FALSE,0,TRUE,""
"exp3","exp3_039","5_Ide_Red_Aff_1",70,"5","experimental","affirmative","ideophone","reduplication","manner","low",,FALSE,0,TRUE,""
"exp3","exp3_039","4_NonIde_Red_Neg_1",37,"4","experimental","negative","nonideophone","reduplication","manner","low",,FALSE,0,TRUE,""
"exp3","exp3_039","4_Ide_Red_Neg_1",64,"4","experimental","negative","ideophone","reduplication","manner","low",,FALSE,0,TRUE,""
"exp3","exp3_039","3_NonIde_RegMod_Aff_1",86,"3","experimental","affirmative","nonideophone","manner","manner",,,FALSE,0,TRUE,""
"exp3","exp3_039","3_Ide_RegMod_Aff_1",76,"3","experimental","affirmative","ideophone","manner","manner",,,FALSE,0,TRUE,""
"exp3","exp3_039","2_NonIde_RegMod_Neg_1",56,"2","experimental","negative","nonideophone","manner","manner",,,FALSE,0,TRUE,""
"exp3","exp3_039","2_Ide_RegMod_Neg_1",58,"2","experimental","negative","ideophone","manner","manner",,,FALSE,0,TRUE,""
"exp3","exp3_039","1_NonIde_Cont_Aff_1",69,"1","experimental","affirmative","nonideophone","temporal","temporal",,,FALSE,0,TRUE,""
"exp3","exp3_039","1_Ide_Cont_Aff_1",84,"1","experimental","affirmative","ideophone","temporal","temporal",,,FALSE,0,TRUE,""
"exp3","exp3_040","Filler_Neg_UnGr_1_43",6,,"catch","negative",,,,,"ungrammatical",FALSE,1,TRUE,""
"exp3","exp3_040","Filler_Neg_UnGr_1_40",0,,"catch","negative",,,,,"ungrammatical",FALSE,1,TRUE,""
"exp3","exp3_040","Filler_Neg_Gr_1_44",4,,"catch","negative",,,,,"grammatical",FALSE,1,TRUE,""
"exp3","exp3_040","Filler_Neg_Gr_1_38",100,,"catch","negative",,,,,"grammatical",FALSE,1,TRUE,""
"exp3","exp3_040","Filler_Aff_UnGr_1_42",6,,"catch","affirmative",,,,,"ungrammatical",FALSE,1,TRUE,""
"exp3","exp3_040","Filler_Aff_UnGr_1_37",6,,"catch","affirmative",,,,,"ungrammatical",FALSE,1,TRUE,""
"exp3","exp3_040","Filler_Aff_Gr_1_41",99,,"catch","affirmative",,,,,"grammatical",FALSE,1,TRUE,""
"exp3","exp3_040","Filler_Aff_Gr_1_39",3,,"catch","affirmative",,,,,"grammatical",TRUE,1,TRUE,""
"exp3","exp3_040","8_NonIde_RegMod_Aff_1",97,"8","experimental","affirmative","nonideophone","manner","manner",,,FALSE,1,TRUE,""
"exp3","exp3_040","8_Ide_RegMod_Aff_1",98,"8","experimental","affirmative","ideophone","manner","manner",,,FALSE,1,TRUE,""
"exp3","exp3_040","7_NonIde_RegMod_Neg_1",81,"7","experimental","negative","nonideophone","manner","manner",,,FALSE,1,TRUE,""
"exp3","exp3_040","7_Ide_RegMod_Neg_1",86,"7","experimental","negative","ideophone","manner","manner",,,FALSE,1,TRUE,""
"exp3","exp3_040","6_NonIde_Cont_Aff_1",99,"6","experimental","affirmative","nonideophone","temporal","temporal",,,FALSE,1,TRUE,""
"exp3","exp3_040","6_Ide_Cont_Aff_1",98,"6","experimental","affirmative","ideophone","temporal","temporal",,,FALSE,1,TRUE,""
"exp3","exp3_040","5_NonIde_Cont_Neg_1",85,"5","experimental","negative","nonideophone","temporal","temporal",,,FALSE,1,TRUE,""
"exp3","exp3_040","5_Ide_Cont_Neg_1",82,"5","experimental","negative","ideophone","temporal","temporal",,,FALSE,1,TRUE,""
"exp3","exp3_040","4_NonIde_Cvb_Aff_1",99,"4","experimental","affirmative","nonideophone","converbial","manner","high",,FALSE,1,TRUE,""
"exp3","exp3_040","4_Ide_Cvb_Aff_1",95,"4","experimental","affirmative","ideophone","converbial","manner","high",,FALSE,1,TRUE,""
"exp3","exp3_040","3_NonIde_Cvb_Neg_1",74,"3","experimental","negative","nonideophone","converbial","manner","high",,FALSE,1,TRUE,""
"exp3","exp3_040","3_Ide_Cvb_Neg_1",77,"3","experimental","negative","ideophone","converbial","manner","high",,FALSE,1,TRUE,""
"exp3","exp3_040","2_NonIde_Red_Aff_1",98,"2","experimental","affirmative","nonideophone","reduplication","manner","low",,FALSE,1,TRUE,""
"exp3","exp3_040","2_Ide_Red_Aff_1",100,"2","experimental","affirmative","ideophone","reduplication","manner","low",,FALSE,1,TRUE,""
"exp3","exp3_040","1_NonIde_Red_Neg_1",54,"1","experimental","negative","nonideophone","reduplication","manner","low",,FALSE,1,TRUE,""
"exp3","exp3_040","1_Ide_Red_Neg_1",91,"1","experimental","negative","ideophone","reduplication","manner","low",,FALSE,1,TRUE,""
"exp3","exp3_041","Filler_Neg_UnGr_1_43",0,,"catch","negative",,,,,"ungrammatical",FALSE,0,TRUE,""
"exp3","exp3_041","Filler_Neg_UnGr_1_40",0,,"catch","negative",,,,,"ungrammatical",FALSE,0,TRUE,""
"exp3","exp3_041","Filler_Neg_Gr_1_44",100,,"catch","negative",,,,,"grammatical",FALSE,0,TRUE,""
"exp3","exp3_041","Filler_Neg_Gr_1_38",100,,"catch","negative",,,,,"grammatical",FALSE,0,TRUE,""
"exp3","exp3_041","Filler_Aff_UnGr_1_42",0,,"catch","affirmative",,,,,"ungrammatical",FALSE,0,TRUE,""
"exp3","exp3_041","Filler_Aff_UnGr_1_37",0,,"catch","affirmative",,,,,"ungrammatical",FALSE,0,TRUE,""
"exp3","exp3_041","Filler_Aff_Gr_1_41",100,,"catch","affirmative",,,,,"grammatical",FALSE,0,TRUE,""
"exp3","exp3_041","Filler_Aff_Gr_1_39",100,,"catch","affirmative",,,,,"grammatical",FALSE,0,TRUE,""
"exp3","exp3_041","8_NonIde_RegMod_Aff_1",100,"8","experimental","affirmative","nonideophone","manner","manner",,,FALSE,0,TRUE,""
"exp3","exp3_041","8_Ide_RegMod_Aff_1",100,"8","experimental","affirmative","ideophone","manner","manner",,,FALSE,0,TRUE,""
"exp3","exp3_041","7_NonIde_RegMod_Neg_1",50,"7","experimental","negative","nonideophone","manner","manner",,,FALSE,0,TRUE,""
"exp3","exp3_041","7_Ide_RegMod_Neg_1",30,"7","experimental","negative","ideophone","manner","manner",,,FALSE,0,TRUE,""
"exp3","exp3_041","6_NonIde_Cont_Aff_1",100,"6","experimental","affirmative","nonideophone","temporal","temporal",,,FALSE,0,TRUE,""
"exp3","exp3_041","6_Ide_Cont_Aff_1",100,"6","experimental","affirmative","ideophone","temporal","temporal",,,FALSE,0,TRUE,""
"exp3","exp3_041","5_NonIde_Cont_Neg_1",35,"5","experimental","negative","nonideophone","temporal","temporal",,,FALSE,0,TRUE,""
"exp3","exp3_041","5_Ide_Cont_Neg_1",30,"5","experimental","negative","ideophone","temporal","temporal",,,FALSE,0,TRUE,""
"exp3","exp3_041","4_NonIde_Cvb_Aff_1",100,"4","experimental","affirmative","nonideophone","converbial","manner","high",,FALSE,0,TRUE,""
"exp3","exp3_041","4_Ide_Cvb_Aff_1",100,"4","experimental","affirmative","ideophone","converbial","manner","high",,FALSE,0,TRUE,""
"exp3","exp3_041","3_NonIde_Cvb_Neg_1",45,"3","experimental","negative","nonideophone","converbial","manner","high",,FALSE,0,TRUE,""
"exp3","exp3_041","3_Ide_Cvb_Neg_1",25,"3","experimental","negative","ideophone","converbial","manner","high",,FALSE,0,TRUE,""
"exp3","exp3_041","2_NonIde_Red_Aff_1",100,"2","experimental","affirmative","nonideophone","reduplication","manner","low",,FALSE,0,TRUE,""
"exp3","exp3_041","2_Ide_Red_Aff_1",100,"2","experimental","affirmative","ideophone","reduplication","manner","low",,FALSE,0,TRUE,""
"exp3","exp3_041","1_NonIde_Red_Neg_1",25,"1","experimental","negative","nonideophone","reduplication","manner","low",,FALSE,0,TRUE,""
"exp3","exp3_041","1_Ide_Red_Neg_1",30,"1","experimental","negative","ideophone","reduplication","manner","low",,FALSE,0,TRUE,""
"exp3","exp3_042","Filler_Neg_UnGr_1_18",0,,"catch","negative",,,,,"ungrammatical",FALSE,0,TRUE,""
"exp3","exp3_042","Filler_Neg_UnGr_1_13",0,,"catch","negative",,,,,"ungrammatical",FALSE,0,TRUE,""
"exp3","exp3_042","Filler_Neg_Gr_1_17",100,,"catch","negative",,,,,"grammatical",FALSE,0,TRUE,""
"exp3","exp3_042","Filler_Neg_Gr_1_15",100,,"catch","negative",,,,,"grammatical",FALSE,0,TRUE,""
"exp3","exp3_042","Filler_Aff_UnGr_1_19",0,,"catch","affirmative",,,,,"ungrammatical",FALSE,0,TRUE,""
"exp3","exp3_042","Filler_Aff_UnGr_1_16",0,,"catch","affirmative",,,,,"ungrammatical",FALSE,0,TRUE,""
"exp3","exp3_042","Filler_Aff_Gr_1_20",100,,"catch","affirmative",,,,,"grammatical",FALSE,0,TRUE,""
"exp3","exp3_042","Filler_Aff_Gr_1_14",100,,"catch","affirmative",,,,,"grammatical",FALSE,0,TRUE,""
"exp3","exp3_042","8_NonIde_Cvb_Neg_1",100,"8","experimental","negative","nonideophone","converbial","manner","high",,FALSE,0,TRUE,""
"exp3","exp3_042","8_Ide_Cvb_Neg_1",100,"8","experimental","negative","ideophone","converbial","manner","high",,FALSE,0,TRUE,""
"exp3","exp3_042","7_NonIde_Red_Aff_1",100,"7","experimental","affirmative","nonideophone","reduplication","manner","low",,FALSE,0,TRUE,""
"exp3","exp3_042","7_Ide_Red_Aff_1",100,"7","experimental","affirmative","ideophone","reduplication","manner","low",,FALSE,0,TRUE,""
"exp3","exp3_042","6_NonIde_Red_Neg_1",100,"6","experimental","negative","nonideophone","reduplication","manner","low",,FALSE,0,TRUE,""
"exp3","exp3_042","6_Ide_Red_Neg_1",100,"6","experimental","negative","ideophone","reduplication","manner","low",,FALSE,0,TRUE,""
"exp3","exp3_042","5_NonIde_RegMod_Aff_1",100,"5","experimental","affirmative","nonideophone","manner","manner",,,FALSE,0,TRUE,""
"exp3","exp3_042","5_Ide_RegMod_Aff_1",100,"5","experimental","affirmative","ideophone","manner","manner",,,FALSE,0,TRUE,""
"exp3","exp3_042","4_NonIde_RegMod_Neg_1",100,"4","experimental","negative","nonideophone","manner","manner",,,FALSE,0,TRUE,""
"exp3","exp3_042","4_Ide_RegMod_Neg_1",100,"4","experimental","negative","ideophone","manner","manner",,,FALSE,0,TRUE,""
"exp3","exp3_042","3_NonIde_Cont_Aff_1",100,"3","experimental","affirmative","nonideophone","temporal","temporal",,,FALSE,0,TRUE,""
"exp3","exp3_042","3_Ide_Cont_Aff_1",100,"3","experimental","affirmative","ideophone","temporal","temporal",,,FALSE,0,TRUE,""
"exp3","exp3_042","2_NonIde_Cont_Neg_1",100,"2","experimental","negative","nonideophone","temporal","temporal",,,FALSE,0,TRUE,""
"exp3","exp3_042","2_Ide_Cont_Neg_1",100,"2","experimental","negative","ideophone","temporal","temporal",,,FALSE,0,TRUE,""
"exp3","exp3_042","1_NonIde_Cvb_Aff_1",100,"1","experimental","affirmative","nonideophone","converbial","manner","high",,FALSE,0,TRUE,""
"exp3","exp3_042","1_Ide_Cvb_Aff_1",100,"1","experimental","affirmative","ideophone","converbial","manner","high",,FALSE,0,TRUE,""
"exp3","exp3_043","Filler_Neg_UnGr_1_59",0,,"catch","negative",,,,,"ungrammatical",FALSE,0,TRUE,""
"exp3","exp3_043","Filler_Neg_UnGr_1_56",0,,"catch","negative",,,,,"ungrammatical",FALSE,0,TRUE,""
"exp3","exp3_043","Filler_Neg_Gr_1_60",100,,"catch","negative",,,,,"grammatical",FALSE,0,TRUE,""
"exp3","exp3_043","Filler_Neg_Gr_1_53",100,,"catch","negative",,,,,"grammatical",FALSE,0,TRUE,""
"exp3","exp3_043","Filler_Aff_UnGr_1_58",0,,"catch","affirmative",,,,,"ungrammatical",FALSE,0,TRUE,""
"exp3","exp3_043","Filler_Aff_UnGr_1_54",0,,"catch","affirmative",,,,,"ungrammatical",FALSE,0,TRUE,""
"exp3","exp3_043","Filler_Aff_Gr_1_57",100,,"catch","affirmative",,,,,"grammatical",FALSE,0,TRUE,""
"exp3","exp3_043","Filler_Aff_Gr_1_55",100,,"catch","affirmative",,,,,"grammatical",FALSE,0,TRUE,""
"exp3","exp3_043","8_NonIde_Cont_Aff_1",100,"8","experimental","affirmative","nonideophone","temporal","temporal",,,FALSE,0,TRUE,""
"exp3","exp3_043","8_Ide_Cont_Aff_1",100,"8","experimental","affirmative","ideophone","temporal","temporal",,,FALSE,0,TRUE,""
"exp3","exp3_043","7_NonIde_Cont_Neg_1",100,"7","experimental","negative","nonideophone","temporal","temporal",,,FALSE,0,TRUE,""
"exp3","exp3_043","7_Ide_Cont_Neg_1",100,"7","experimental","negative","ideophone","temporal","temporal",,,FALSE,0,TRUE,""
"exp3","exp3_043","6_NonIde_Cvb_Aff_1",0,"6","experimental","affirmative","nonideophone","converbial","manner","high",,FALSE,0,TRUE,""
"exp3","exp3_043","6_Ide_Cvb_Aff_1",100,"6","experimental","affirmative","ideophone","converbial","manner","high",,FALSE,0,TRUE,""
"exp3","exp3_043","5_NonIde_Cvb_Neg_1",100,"5","experimental","negative","nonideophone","converbial","manner","high",,FALSE,0,TRUE,""
"exp3","exp3_043","5_Ide_Cvb_Neg_1",100,"5","experimental","negative","ideophone","converbial","manner","high",,FALSE,0,TRUE,""
"exp3","exp3_043","4_NonIde_Red_Aff_1",100,"4","experimental","affirmative","nonideophone","reduplication","manner","low",,FALSE,0,TRUE,""
"exp3","exp3_043","4_Ide_Red_Aff_1",100,"4","experimental","affirmative","ideophone","reduplication","manner","low",,FALSE,0,TRUE,""
"exp3","exp3_043","3_NonIde_Red_Neg_1",50,"3","experimental","negative","nonideophone","reduplication","manner","low",,FALSE,0,TRUE,""
"exp3","exp3_043","3_Ide_Red_Neg_1",50,"3","experimental","negative","ideophone","reduplication","manner","low",,FALSE,0,TRUE,""
"exp3","exp3_043","2_NonIde_RegMod_Aff_1",100,"2","experimental","affirmative","nonideophone","manner","manner",,,FALSE,0,TRUE,""
"exp3","exp3_043","2_Ide_RegMod_Aff_1",100,"2","experimental","affirmative","ideophone","manner","manner",,,FALSE,0,TRUE,""
"exp3","exp3_043","1_NonIde_RegMod_Neg_1",0,"1","experimental","negative","nonideophone","manner","manner",,,FALSE,0,TRUE,""
"exp3","exp3_043","1_Ide_RegMod_Neg_1",100,"1","experimental","negative","ideophone","manner","manner",,,FALSE,0,TRUE,""
"exp3","exp3_044","Filler_Neg_UnGr_1_50",0,,"catch","negative",,,,,"ungrammatical",FALSE,0,TRUE,""
"exp3","exp3_044","Filler_Neg_UnGr_1_45",0,,"catch","negative",,,,,"ungrammatical",FALSE,0,TRUE,""
"exp3","exp3_044","Filler_Neg_Gr_1_49",100,,"catch","negative",,,,,"grammatical",FALSE,0,TRUE,""
"exp3","exp3_044","Filler_Neg_Gr_1_47",100,,"catch","negative",,,,,"grammatical",FALSE,0,TRUE,""
"exp3","exp3_044","Filler_Aff_UnGr_1_51",0,,"catch","affirmative",,,,,"ungrammatical",FALSE,0,TRUE,""
"exp3","exp3_044","Filler_Aff_UnGr_1_48",0,,"catch","affirmative",,,,,"ungrammatical",FALSE,0,TRUE,""
"exp3","exp3_044","Filler_Aff_Gr_1_52",100,,"catch","affirmative",,,,,"grammatical",FALSE,0,TRUE,""
"exp3","exp3_044","Filler_Aff_Gr_1_46",100,,"catch","affirmative",,,,,"grammatical",FALSE,0,TRUE,""
"exp3","exp3_044","8_NonIde_RegMod_Neg_1",100,"8","experimental","negative","nonideophone","manner","manner",,,FALSE,0,TRUE,""
"exp3","exp3_044","8_Ide_RegMod_Neg_1",100,"8","experimental","negative","ideophone","manner","manner",,,FALSE,0,TRUE,""
"exp3","exp3_044","7_NonIde_Cont_Aff_1",100,"7","experimental","affirmative","nonideophone","temporal","temporal",,,FALSE,0,TRUE,""
"exp3","exp3_044","7_Ide_Cont_Aff_1",100,"7","experimental","affirmative","ideophone","temporal","temporal",,,FALSE,0,TRUE,""
"exp3","exp3_044","6_NonIde_Cont_Neg_1",100,"6","experimental","negative","nonideophone","temporal","temporal",,,FALSE,0,TRUE,""
"exp3","exp3_044","6_Ide_Cont_Neg_1",94,"6","experimental","negative","ideophone","temporal","temporal",,,FALSE,0,TRUE,""
"exp3","exp3_044","5_NonIde_Cvb_Aff_1",100,"5","experimental","affirmative","nonideophone","converbial","manner","high",,FALSE,0,TRUE,""
"exp3","exp3_044","5_Ide_Cvb_Aff_1",100,"5","experimental","affirmative","ideophone","converbial","manner","high",,FALSE,0,TRUE,""
"exp3","exp3_044","4_NonIde_Cvb_Neg_1",100,"4","experimental","negative","nonideophone","converbial","manner","high",,FALSE,0,TRUE,""
"exp3","exp3_044","4_Ide_Cvb_Neg_1",100,"4","experimental","negative","ideophone","converbial","manner","high",,FALSE,0,TRUE,""
"exp3","exp3_044","3_NonIde_Red_Aff_1",100,"3","experimental","affirmative","nonideophone","reduplication","manner","low",,FALSE,0,TRUE,""
"exp3","exp3_044","3_Ide_Red_Aff_1",100,"3","experimental","affirmative","ideophone","reduplication","manner","low",,FALSE,0,TRUE,""
"exp3","exp3_044","2_NonIde_Red_Neg_1",95,"2","experimental","negative","nonideophone","reduplication","manner","low",,FALSE,0,TRUE,""
"exp3","exp3_044","2_Ide_Red_Neg_1",100,"2","experimental","negative","ideophone","reduplication","manner","low",,FALSE,0,TRUE,""
"exp3","exp3_044","1_NonIde_RegMod_Aff_1",100,"1","experimental","affirmative","nonideophone","manner","manner",,,FALSE,0,TRUE,""
"exp3","exp3_044","1_Ide_RegMod_Aff_1",100,"1","experimental","affirmative","ideophone","manner","manner",,,FALSE,0,TRUE,""
"exp3","exp3_045","Filler_Neg_UnGr_1_43",2,,"catch","negative",,,,,"ungrammatical",FALSE,0,TRUE,""
"exp3","exp3_045","Filler_Neg_UnGr_1_40",0,,"catch","negative",,,,,"ungrammatical",FALSE,0,TRUE,""
"exp3","exp3_045","Filler_Neg_Gr_1_44",40,,"catch","negative",,,,,"grammatical",FALSE,0,TRUE,""
"exp3","exp3_045","Filler_Neg_Gr_1_38",42,,"catch","negative",,,,,"grammatical",FALSE,0,TRUE,""
"exp3","exp3_045","Filler_Aff_UnGr_1_42",0,,"catch","affirmative",,,,,"ungrammatical",FALSE,0,TRUE,""
"exp3","exp3_045","Filler_Aff_UnGr_1_37",0,,"catch","affirmative",,,,,"ungrammatical",FALSE,0,TRUE,""
"exp3","exp3_045","Filler_Aff_Gr_1_41",90,,"catch","affirmative",,,,,"grammatical",FALSE,0,TRUE,""
"exp3","exp3_045","Filler_Aff_Gr_1_39",100,,"catch","affirmative",,,,,"grammatical",FALSE,0,TRUE,""
"exp3","exp3_045","8_NonIde_RegMod_Aff_1",100,"8","experimental","affirmative","nonideophone","manner","manner",,,FALSE,0,TRUE,""
"exp3","exp3_045","8_Ide_RegMod_Aff_1",100,"8","experimental","affirmative","ideophone","manner","manner",,,FALSE,0,TRUE,""
"exp3","exp3_045","7_NonIde_RegMod_Neg_1",66,"7","experimental","negative","nonideophone","manner","manner",,,FALSE,0,TRUE,""
"exp3","exp3_045","7_Ide_RegMod_Neg_1",81,"7","experimental","negative","ideophone","manner","manner",,,FALSE,0,TRUE,""
"exp3","exp3_045","6_NonIde_Cont_Aff_1",100,"6","experimental","affirmative","nonideophone","temporal","temporal",,,FALSE,0,TRUE,""
"exp3","exp3_045","6_Ide_Cont_Aff_1",100,"6","experimental","affirmative","ideophone","temporal","temporal",,,FALSE,0,TRUE,""
"exp3","exp3_045","5_NonIde_Cont_Neg_1",33,"5","experimental","negative","nonideophone","temporal","temporal",,,FALSE,0,TRUE,""
"exp3","exp3_045","5_Ide_Cont_Neg_1",81,"5","experimental","negative","ideophone","temporal","temporal",,,FALSE,0,TRUE,""
"exp3","exp3_045","4_NonIde_Cvb_Aff_1",100,"4","experimental","affirmative","nonideophone","converbial","manner","high",,FALSE,0,TRUE,""
"exp3","exp3_045","4_Ide_Cvb_Aff_1",100,"4","experimental","affirmative","ideophone","converbial","manner","high",,FALSE,0,TRUE,""
"exp3","exp3_045","3_NonIde_Cvb_Neg_1",15,"3","experimental","negative","nonideophone","converbial","manner","high",,FALSE,0,TRUE,""
"exp3","exp3_045","3_Ide_Cvb_Neg_1",30,"3","experimental","negative","ideophone","converbial","manner","high",,FALSE,0,TRUE,""
"exp3","exp3_045","2_NonIde_Red_Aff_1",100,"2","experimental","affirmative","nonideophone","reduplication","manner","low",,FALSE,0,TRUE,""
"exp3","exp3_045","2_Ide_Red_Aff_1",92,"2","experimental","affirmative","ideophone","reduplication","manner","low",,FALSE,0,TRUE,""
"exp3","exp3_045","1_NonIde_Red_Neg_1",28,"1","experimental","negative","nonideophone","reduplication","manner","low",,FALSE,0,TRUE,""
"exp3","exp3_045","1_Ide_Red_Neg_1",48,"1","experimental","negative","ideophone","reduplication","manner","low",,FALSE,0,TRUE,""
"exp3","exp3_046","Filler_Neg_UnGr_1_43",0,,"catch","negative",,,,,"ungrammatical",FALSE,0,TRUE,""
"exp3","exp3_046","Filler_Neg_UnGr_1_40",0,,"catch","negative",,,,,"ungrammatical",FALSE,0,TRUE,""
"exp3","exp3_046","Filler_Neg_Gr_1_44",60,,"catch","negative",,,,,"grammatical",FALSE,0,TRUE,""
"exp3","exp3_046","Filler_Neg_Gr_1_38",100,,"catch","negative",,,,,"grammatical",FALSE,0,TRUE,""
"exp3","exp3_046","Filler_Aff_UnGr_1_42",0,,"catch","affirmative",,,,,"ungrammatical",FALSE,0,TRUE,""
"exp3","exp3_046","Filler_Aff_UnGr_1_37",0,,"catch","affirmative",,,,,"ungrammatical",FALSE,0,TRUE,""
"exp3","exp3_046","Filler_Aff_Gr_1_41",100,,"catch","affirmative",,,,,"grammatical",FALSE,0,TRUE,""
"exp3","exp3_046","Filler_Aff_Gr_1_39",100,,"catch","affirmative",,,,,"grammatical",FALSE,0,TRUE,""
"exp3","exp3_046","8_NonIde_RegMod_Aff_1",100,"8","experimental","affirmative","nonideophone","manner","manner",,,FALSE,0,TRUE,""
"exp3","exp3_046","8_Ide_RegMod_Aff_1",100,"8","experimental","affirmative","ideophone","manner","manner",,,FALSE,0,TRUE,""
"exp3","exp3_046","7_NonIde_RegMod_Neg_1",70,"7","experimental","negative","nonideophone","manner","manner",,,FALSE,0,TRUE,""
"exp3","exp3_046","7_Ide_RegMod_Neg_1",70,"7","experimental","negative","ideophone","manner","manner",,,FALSE,0,TRUE,""
"exp3","exp3_046","6_NonIde_Cont_Aff_1",100,"6","experimental","affirmative","nonideophone","temporal","temporal",,,FALSE,0,TRUE,""
"exp3","exp3_046","6_Ide_Cont_Aff_1",100,"6","experimental","affirmative","ideophone","temporal","temporal",,,FALSE,0,TRUE,""
"exp3","exp3_046","5_NonIde_Cont_Neg_1",60,"5","experimental","negative","nonideophone","temporal","temporal",,,FALSE,0,TRUE,""
"exp3","exp3_046","5_Ide_Cont_Neg_1",70,"5","experimental","negative","ideophone","temporal","temporal",,,FALSE,0,TRUE,""
"exp3","exp3_046","4_NonIde_Cvb_Aff_1",100,"4","experimental","affirmative","nonideophone","converbial","manner","high",,FALSE,0,TRUE,""
"exp3","exp3_046","4_Ide_Cvb_Aff_1",100,"4","experimental","affirmative","ideophone","converbial","manner","high",,FALSE,0,TRUE,""
"exp3","exp3_046","3_NonIde_Cvb_Neg_1",60,"3","experimental","negative","nonideophone","converbial","manner","high",,FALSE,0,TRUE,""
"exp3","exp3_046","3_Ide_Cvb_Neg_1",70,"3","experimental","negative","ideophone","converbial","manner","high",,FALSE,0,TRUE,""
"exp3","exp3_046","2_NonIde_Red_Aff_1",100,"2","experimental","affirmative","nonideophone","reduplication","manner","low",,FALSE,0,TRUE,""
"exp3","exp3_046","2_Ide_Red_Aff_1",100,"2","experimental","affirmative","ideophone","reduplication","manner","low",,FALSE,0,TRUE,""
"exp3","exp3_046","1_NonIde_Red_Neg_1",70,"1","experimental","negative","nonideophone","reduplication","manner","low",,FALSE,0,TRUE,""
"exp3","exp3_046","1_Ide_Red_Neg_1",70,"1","experimental","negative","ideophone","reduplication","manner","low",,FALSE,0,TRUE,""
"exp3","exp3_047","Filler_Neg_UnGr_1_18",0,,"catch","negative",,,,,"ungrammatical",FALSE,0,TRUE,""
"exp3","exp3_047","Filler_Neg_UnGr_1_13",0,,"catch","negative",,,,,"ungrammatical",FALSE,0,TRUE,""
"exp3","exp3_047","Filler_Neg_Gr_1_17",100,,"catch","negative",,,,,"grammatical",FALSE,0,TRUE,""
"exp3","exp3_047","Filler_Neg_Gr_1_15",38,,"catch","negative",,,,,"grammatical",FALSE,0,TRUE,""
"exp3","exp3_047","Filler_Aff_UnGr_1_19",0,,"catch","affirmative",,,,,"ungrammatical",FALSE,0,TRUE,""
"exp3","exp3_047","Filler_Aff_UnGr_1_16",0,,"catch","affirmative",,,,,"ungrammatical",FALSE,0,TRUE,""
"exp3","exp3_047","Filler_Aff_Gr_1_20",100,,"catch","affirmative",,,,,"grammatical",FALSE,0,TRUE,""
"exp3","exp3_047","Filler_Aff_Gr_1_14",100,,"catch","affirmative",,,,,"grammatical",FALSE,0,TRUE,""
"exp3","exp3_047","8_NonIde_Cvb_Neg_1",88,"8","experimental","negative","nonideophone","converbial","manner","high",,FALSE,0,TRUE,""
"exp3","exp3_047","8_Ide_Cvb_Neg_1",31,"8","experimental","negative","ideophone","converbial","manner","high",,FALSE,0,TRUE,""
"exp3","exp3_047","7_NonIde_Red_Aff_1",100,"7","experimental","affirmative","nonideophone","reduplication","manner","low",,FALSE,0,TRUE,""
"exp3","exp3_047","7_Ide_Red_Aff_1",100,"7","experimental","affirmative","ideophone","reduplication","manner","low",,FALSE,0,TRUE,""
"exp3","exp3_047","6_NonIde_Red_Neg_1",39,"6","experimental","negative","nonideophone","reduplication","manner","low",,FALSE,0,TRUE,""
"exp3","exp3_047","6_Ide_Red_Neg_1",24,"6","experimental","negative","ideophone","reduplication","manner","low",,FALSE,0,TRUE,""
"exp3","exp3_047","5_NonIde_RegMod_Aff_1",100,"5","experimental","affirmative","nonideophone","manner","manner",,,FALSE,0,TRUE,""
"exp3","exp3_047","5_Ide_RegMod_Aff_1",100,"5","experimental","affirmative","ideophone","manner","manner",,,FALSE,0,TRUE,""
"exp3","exp3_047","4_NonIde_RegMod_Neg_1",100,"4","experimental","negative","nonideophone","manner","manner",,,FALSE,0,TRUE,""
"exp3","exp3_047","4_Ide_RegMod_Neg_1",49,"4","experimental","negative","ideophone","manner","manner",,,FALSE,0,TRUE,""
"exp3","exp3_047","3_NonIde_Cont_Aff_1",100,"3","experimental","affirmative","nonideophone","temporal","temporal",,,FALSE,0,TRUE,""
"exp3","exp3_047","3_Ide_Cont_Aff_1",100,"3","experimental","affirmative","ideophone","temporal","temporal",,,FALSE,0,TRUE,""
"exp3","exp3_047","2_NonIde_Cont_Neg_1",35,"2","experimental","negative","nonideophone","temporal","temporal",,,FALSE,0,TRUE,""
"exp3","exp3_047","2_Ide_Cont_Neg_1",100,"2","experimental","negative","ideophone","temporal","temporal",,,FALSE,0,TRUE,""
"exp3","exp3_047","1_NonIde_Cvb_Aff_1",100,"1","experimental","affirmative","nonideophone","converbial","manner","high",,FALSE,0,TRUE,""
"exp3","exp3_047","1_Ide_Cvb_Aff_1",100,"1","experimental","affirmative","ideophone","converbial","manner","high",,FALSE,0,TRUE,""
"exp3","exp3_048","Filler_Neg_UnGr_1_50",0,,"catch","negative",,,,,"ungrammatical",FALSE,0,TRUE,""
"exp3","exp3_048","Filler_Neg_UnGr_1_45",0,,"catch","negative",,,,,"ungrammatical",FALSE,0,TRUE,""
"exp3","exp3_048","Filler_Neg_Gr_1_49",100,,"catch","negative",,,,,"grammatical",FALSE,0,TRUE,""
"exp3","exp3_048","Filler_Neg_Gr_1_47",100,,"catch","negative",,,,,"grammatical",FALSE,0,TRUE,""
"exp3","exp3_048","Filler_Aff_UnGr_1_51",0,,"catch","affirmative",,,,,"ungrammatical",FALSE,0,TRUE,""
"exp3","exp3_048","Filler_Aff_UnGr_1_48",0,,"catch","affirmative",,,,,"ungrammatical",FALSE,0,TRUE,""
"exp3","exp3_048","Filler_Aff_Gr_1_52",100,,"catch","affirmative",,,,,"grammatical",FALSE,0,TRUE,""
"exp3","exp3_048","Filler_Aff_Gr_1_46",100,,"catch","affirmative",,,,,"grammatical",FALSE,0,TRUE,""
"exp3","exp3_048","8_NonIde_RegMod_Neg_1",0,"8","experimental","negative","nonideophone","manner","manner",,,FALSE,0,TRUE,""
"exp3","exp3_048","8_Ide_RegMod_Neg_1",80,"8","experimental","negative","ideophone","manner","manner",,,FALSE,0,TRUE,""
"exp3","exp3_048","7_NonIde_Cont_Aff_1",100,"7","experimental","affirmative","nonideophone","temporal","temporal",,,FALSE,0,TRUE,""
"exp3","exp3_048","7_Ide_Cont_Aff_1",100,"7","experimental","affirmative","ideophone","temporal","temporal",,,FALSE,0,TRUE,""
"exp3","exp3_048","6_NonIde_Cont_Neg_1",100,"6","experimental","negative","nonideophone","temporal","temporal",,,FALSE,0,TRUE,""
"exp3","exp3_048","6_Ide_Cont_Neg_1",95,"6","experimental","negative","ideophone","temporal","temporal",,,FALSE,0,TRUE,""
"exp3","exp3_048","5_NonIde_Cvb_Aff_1",100,"5","experimental","affirmative","nonideophone","converbial","manner","high",,FALSE,0,TRUE,""
"exp3","exp3_048","5_Ide_Cvb_Aff_1",100,"5","experimental","affirmative","ideophone","converbial","manner","high",,FALSE,0,TRUE,""
"exp3","exp3_048","4_NonIde_Cvb_Neg_1",80,"4","experimental","negative","nonideophone","converbial","manner","high",,FALSE,0,TRUE,""
"exp3","exp3_048","4_Ide_Cvb_Neg_1",94,"4","experimental","negative","ideophone","converbial","manner","high",,FALSE,0,TRUE,""
"exp3","exp3_048","3_NonIde_Red_Aff_1",90,"3","experimental","affirmative","nonideophone","reduplication","manner","low",,FALSE,0,TRUE,""
"exp3","exp3_048","3_Ide_Red_Aff_1",100,"3","experimental","affirmative","ideophone","reduplication","manner","low",,FALSE,0,TRUE,""
"exp3","exp3_048","2_NonIde_Red_Neg_1",0,"2","experimental","negative","nonideophone","reduplication","manner","low",,FALSE,0,TRUE,""
"exp3","exp3_048","2_Ide_Red_Neg_1",87,"2","experimental","negative","ideophone","reduplication","manner","low",,FALSE,0,TRUE,""
"exp3","exp3_048","1_NonIde_RegMod_Aff_1",100,"1","experimental","affirmative","nonideophone","manner","manner",,,FALSE,0,TRUE,""
"exp3","exp3_048","1_Ide_RegMod_Aff_1",100,"1","experimental","affirmative","ideophone","manner","manner",,,FALSE,0,TRUE,""
"exp3","exp3_049","Filler_Neg_UnGr_1_27",0,,"catch","negative",,,,,"ungrammatical",FALSE,0,TRUE,""
"exp3","exp3_049","Filler_Neg_UnGr_1_24",0,,"catch","negative",,,,,"ungrammatical",FALSE,0,TRUE,""
"exp3","exp3_049","Filler_Neg_Gr_1_28",41,,"catch","negative",,,,,"grammatical",FALSE,0,TRUE,""
"exp3","exp3_049","Filler_Neg_Gr_1_21",80,,"catch","negative",,,,,"grammatical",FALSE,0,TRUE,""
"exp3","exp3_049","Filler_Aff_UnGr_1_26",0,,"catch","affirmative",,,,,"ungrammatical",FALSE,0,TRUE,""
"exp3","exp3_049","Filler_Aff_UnGr_1_22",0,,"catch","affirmative",,,,,"ungrammatical",FALSE,0,TRUE,""
"exp3","exp3_049","Filler_Aff_Gr_1_25",100,,"catch","affirmative",,,,,"grammatical",FALSE,0,TRUE,""
"exp3","exp3_049","Filler_Aff_Gr_1_23",100,,"catch","affirmative",,,,,"grammatical",FALSE,0,TRUE,""
"exp3","exp3_049","8_NonIde_Red_Aff_1",79,"8","experimental","affirmative","nonideophone","reduplication","manner","low",,FALSE,0,TRUE,""
"exp3","exp3_049","8_Ide_Red_Aff_1",100,"8","experimental","affirmative","ideophone","reduplication","manner","low",,FALSE,0,TRUE,""
"exp3","exp3_049","7_NonIde_Red_Neg_1",90,"7","experimental","negative","nonideophone","reduplication","manner","low",,FALSE,0,TRUE,""
"exp3","exp3_049","7_Ide_Red_Neg_1",51,"7","experimental","negative","ideophone","reduplication","manner","low",,FALSE,0,TRUE,""
"exp3","exp3_049","6_NonIde_RegMod_Aff_1",100,"6","experimental","affirmative","nonideophone","manner","manner",,,FALSE,0,TRUE,""
"exp3","exp3_049","6_Ide_RegMod_Aff_1",100,"6","experimental","affirmative","ideophone","manner","manner",,,FALSE,0,TRUE,""
"exp3","exp3_049","5_NonIde_RegMod_Neg_1",0,"5","experimental","negative","nonideophone","manner","manner",,,FALSE,0,TRUE,""
"exp3","exp3_049","5_Ide_RegMod_Neg_1",25,"5","experimental","negative","ideophone","manner","manner",,,FALSE,0,TRUE,""
"exp3","exp3_049","4_NonIde_Cont_Aff_1",100,"4","experimental","affirmative","nonideophone","temporal","temporal",,,FALSE,0,TRUE,""
"exp3","exp3_049","4_Ide_Cont_Aff_1",100,"4","experimental","affirmative","ideophone","temporal","temporal",,,FALSE,0,TRUE,""
"exp3","exp3_049","3_NonIde_Cont_Neg_1",35,"3","experimental","negative","nonideophone","temporal","temporal",,,FALSE,0,TRUE,""
"exp3","exp3_049","3_Ide_Cont_Neg_1",40,"3","experimental","negative","ideophone","temporal","temporal",,,FALSE,0,TRUE,""
"exp3","exp3_049","2_NonIde_Cvb_Aff_1",100,"2","experimental","affirmative","nonideophone","converbial","manner","high",,FALSE,0,TRUE,""
"exp3","exp3_049","2_Ide_Cvb_Aff_1",70,"2","experimental","affirmative","ideophone","converbial","manner","high",,FALSE,0,TRUE,""
"exp3","exp3_049","1_NonIde_Cvb_Neg_1",0,"1","experimental","negative","nonideophone","converbial","manner","high",,FALSE,0,TRUE,""
"exp3","exp3_049","1_Ide_Cvb_Neg_1",20,"1","experimental","negative","ideophone","converbial","manner","high",,FALSE,0,TRUE,""
"exp3","exp3_050","Filler_Neg_UnGr_1_43",0,,"catch","negative",,,,,"ungrammatical",FALSE,0,TRUE,""
"exp3","exp3_050","Filler_Neg_UnGr_1_40",0,,"catch","negative",,,,,"ungrammatical",FALSE,0,TRUE,""
"exp3","exp3_050","Filler_Neg_Gr_1_44",100,,"catch","negative",,,,,"grammatical",FALSE,0,TRUE,""
"exp3","exp3_050","Filler_Neg_Gr_1_38",100,,"catch","negative",,,,,"grammatical",FALSE,0,TRUE,""
"exp3","exp3_050","Filler_Aff_UnGr_1_42",0,,"catch","affirmative",,,,,"ungrammatical",FALSE,0,TRUE,""
"exp3","exp3_050","Filler_Aff_UnGr_1_37",0,,"catch","affirmative",,,,,"ungrammatical",FALSE,0,TRUE,""
"exp3","exp3_050","Filler_Aff_Gr_1_41",100,,"catch","affirmative",,,,,"grammatical",FALSE,0,TRUE,""
"exp3","exp3_050","Filler_Aff_Gr_1_39",100,,"catch","affirmative",,,,,"grammatical",FALSE,0,TRUE,""
"exp3","exp3_050","8_NonIde_RegMod_Aff_1",100,"8","experimental","affirmative","nonideophone","manner","manner",,,FALSE,0,TRUE,""
"exp3","exp3_050","8_Ide_RegMod_Aff_1",100,"8","experimental","affirmative","ideophone","manner","manner",,,FALSE,0,TRUE,""
"exp3","exp3_050","7_NonIde_RegMod_Neg_1",100,"7","experimental","negative","nonideophone","manner","manner",,,FALSE,0,TRUE,""
"exp3","exp3_050","7_Ide_RegMod_Neg_1",100,"7","experimental","negative","ideophone","manner","manner",,,FALSE,0,TRUE,""
"exp3","exp3_050","6_NonIde_Cont_Aff_1",100,"6","experimental","affirmative","nonideophone","temporal","temporal",,,FALSE,0,TRUE,""
"exp3","exp3_050","6_Ide_Cont_Aff_1",100,"6","experimental","affirmative","ideophone","temporal","temporal",,,FALSE,0,TRUE,""
"exp3","exp3_050","5_NonIde_Cont_Neg_1",95,"5","experimental","negative","nonideophone","temporal","temporal",,,FALSE,0,TRUE,""
"exp3","exp3_050","5_Ide_Cont_Neg_1",100,"5","experimental","negative","ideophone","temporal","temporal",,,FALSE,0,TRUE,""
"exp3","exp3_050","4_NonIde_Cvb_Aff_1",100,"4","experimental","affirmative","nonideophone","converbial","manner","high",,FALSE,0,TRUE,""
"exp3","exp3_050","4_Ide_Cvb_Aff_1",100,"4","experimental","affirmative","ideophone","converbial","manner","high",,FALSE,0,TRUE,""
"exp3","exp3_050","3_NonIde_Cvb_Neg_1",100,"3","experimental","negative","nonideophone","converbial","manner","high",,FALSE,0,TRUE,""
"exp3","exp3_050","3_Ide_Cvb_Neg_1",100,"3","experimental","negative","ideophone","converbial","manner","high",,FALSE,0,TRUE,""
"exp3","exp3_050","2_NonIde_Red_Aff_1",100,"2","experimental","affirmative","nonideophone","reduplication","manner","low",,FALSE,0,TRUE,""
"exp3","exp3_050","2_Ide_Red_Aff_1",100,"2","experimental","affirmative","ideophone","reduplication","manner","low",,FALSE,0,TRUE,""
"exp3","exp3_050","1_NonIde_Red_Neg_1",100,"1","experimental","negative","nonideophone","reduplication","manner","low",,FALSE,0,TRUE,""
"exp3","exp3_050","1_Ide_Red_Neg_1",95,"1","experimental","negative","ideophone","reduplication","manner","low",,FALSE,0,TRUE,""
"exp3","exp3_051","Filler_Neg_UnGr_1_27",0,,"catch","negative",,,,,"ungrammatical",FALSE,0,TRUE,""
"exp3","exp3_051","Filler_Neg_UnGr_1_24",0,,"catch","negative",,,,,"ungrammatical",FALSE,0,TRUE,""
"exp3","exp3_051","Filler_Neg_Gr_1_28",90,,"catch","negative",,,,,"grammatical",FALSE,0,TRUE,""
"exp3","exp3_051","Filler_Neg_Gr_1_21",100,,"catch","negative",,,,,"grammatical",FALSE,0,TRUE,""
"exp3","exp3_051","Filler_Aff_UnGr_1_26",0,,"catch","affirmative",,,,,"ungrammatical",FALSE,0,TRUE,""
"exp3","exp3_051","Filler_Aff_UnGr_1_22",0,,"catch","affirmative",,,,,"ungrammatical",FALSE,0,TRUE,""
"exp3","exp3_051","Filler_Aff_Gr_1_25",100,,"catch","affirmative",,,,,"grammatical",FALSE,0,TRUE,""
"exp3","exp3_051","Filler_Aff_Gr_1_23",100,,"catch","affirmative",,,,,"grammatical",FALSE,0,TRUE,""
"exp3","exp3_051","8_NonIde_Red_Aff_1",0,"8","experimental","affirmative","nonideophone","reduplication","manner","low",,FALSE,0,TRUE,""
"exp3","exp3_051","8_Ide_Red_Aff_1",100,"8","experimental","affirmative","ideophone","reduplication","manner","low",,FALSE,0,TRUE,""
"exp3","exp3_051","7_NonIde_Red_Neg_1",100,"7","experimental","negative","nonideophone","reduplication","manner","low",,FALSE,0,TRUE,""
"exp3","exp3_051","7_Ide_Red_Neg_1",90,"7","experimental","negative","ideophone","reduplication","manner","low",,FALSE,0,TRUE,""
"exp3","exp3_051","6_NonIde_RegMod_Aff_1",100,"6","experimental","affirmative","nonideophone","manner","manner",,,FALSE,0,TRUE,""
"exp3","exp3_051","6_Ide_RegMod_Aff_1",100,"6","experimental","affirmative","ideophone","manner","manner",,,FALSE,0,TRUE,""
"exp3","exp3_051","5_NonIde_RegMod_Neg_1",100,"5","experimental","negative","nonideophone","manner","manner",,,FALSE,0,TRUE,""
"exp3","exp3_051","5_Ide_RegMod_Neg_1",100,"5","experimental","negative","ideophone","manner","manner",,,FALSE,0,TRUE,""
"exp3","exp3_051","4_NonIde_Cont_Aff_1",100,"4","experimental","affirmative","nonideophone","temporal","temporal",,,FALSE,0,TRUE,""
"exp3","exp3_051","4_Ide_Cont_Aff_1",100,"4","experimental","affirmative","ideophone","temporal","temporal",,,FALSE,0,TRUE,""
"exp3","exp3_051","3_NonIde_Cont_Neg_1",100,"3","experimental","negative","nonideophone","temporal","temporal",,,FALSE,0,TRUE,""
"exp3","exp3_051","3_Ide_Cont_Neg_1",100,"3","experimental","negative","ideophone","temporal","temporal",,,FALSE,0,TRUE,""
"exp3","exp3_051","2_NonIde_Cvb_Aff_1",100,"2","experimental","affirmative","nonideophone","converbial","manner","high",,FALSE,0,TRUE,""
"exp3","exp3_051","2_Ide_Cvb_Aff_1",100,"2","experimental","affirmative","ideophone","converbial","manner","high",,FALSE,0,TRUE,""
"exp3","exp3_051","1_NonIde_Cvb_Neg_1",80,"1","experimental","negative","nonideophone","converbial","manner","high",,FALSE,0,TRUE,""
"exp3","exp3_051","1_Ide_Cvb_Neg_1",100,"1","experimental","negative","ideophone","converbial","manner","high",,FALSE,0,TRUE,""
"exp3","exp3_052","Filler_Neg_UnGr_1_50",0,,"catch","negative",,,,,"ungrammatical",FALSE,0,TRUE,""
"exp3","exp3_052","Filler_Neg_UnGr_1_45",60,,"catch","negative",,,,,"ungrammatical",FALSE,0,TRUE,""
"exp3","exp3_052","Filler_Neg_Gr_1_49",100,,"catch","negative",,,,,"grammatical",FALSE,0,TRUE,""
"exp3","exp3_052","Filler_Neg_Gr_1_47",100,,"catch","negative",,,,,"grammatical",FALSE,0,TRUE,""
"exp3","exp3_052","Filler_Aff_UnGr_1_51",0,,"catch","affirmative",,,,,"ungrammatical",FALSE,0,TRUE,""
"exp3","exp3_052","Filler_Aff_UnGr_1_48",40,,"catch","affirmative",,,,,"ungrammatical",FALSE,0,TRUE,""
"exp3","exp3_052","Filler_Aff_Gr_1_52",100,,"catch","affirmative",,,,,"grammatical",FALSE,0,TRUE,""
"exp3","exp3_052","Filler_Aff_Gr_1_46",100,,"catch","affirmative",,,,,"grammatical",FALSE,0,TRUE,""
"exp3","exp3_052","8_NonIde_RegMod_Neg_1",80,"8","experimental","negative","nonideophone","manner","manner",,,FALSE,0,TRUE,""
"exp3","exp3_052","8_Ide_RegMod_Neg_1",80,"8","experimental","negative","ideophone","manner","manner",,,FALSE,0,TRUE,""
"exp3","exp3_052","7_NonIde_Cont_Aff_1",100,"7","experimental","affirmative","nonideophone","temporal","temporal",,,FALSE,0,TRUE,""
"exp3","exp3_052","7_Ide_Cont_Aff_1",100,"7","experimental","affirmative","ideophone","temporal","temporal",,,FALSE,0,TRUE,""
"exp3","exp3_052","6_NonIde_Cont_Neg_1",100,"6","experimental","negative","nonideophone","temporal","temporal",,,FALSE,0,TRUE,""
"exp3","exp3_052","6_Ide_Cont_Neg_1",80,"6","experimental","negative","ideophone","temporal","temporal",,,FALSE,0,TRUE,""
"exp3","exp3_052","5_NonIde_Cvb_Aff_1",100,"5","experimental","affirmative","nonideophone","converbial","manner","high",,FALSE,0,TRUE,""
"exp3","exp3_052","5_Ide_Cvb_Aff_1",100,"5","experimental","affirmative","ideophone","converbial","manner","high",,FALSE,0,TRUE,""
"exp3","exp3_052","4_NonIde_Cvb_Neg_1",80,"4","experimental","negative","nonideophone","converbial","manner","high",,FALSE,0,TRUE,""
"exp3","exp3_052","4_Ide_Cvb_Neg_1",100,"4","experimental","negative","ideophone","converbial","manner","high",,FALSE,0,TRUE,""
"exp3","exp3_052","3_NonIde_Red_Aff_1",100,"3","experimental","affirmative","nonideophone","reduplication","manner","low",,FALSE,0,TRUE,""
"exp3","exp3_052","3_Ide_Red_Aff_1",100,"3","experimental","affirmative","ideophone","reduplication","manner","low",,FALSE,0,TRUE,""
"exp3","exp3_052","2_NonIde_Red_Neg_1",80,"2","experimental","negative","nonideophone","reduplication","manner","low",,FALSE,0,TRUE,""
"exp3","exp3_052","2_Ide_Red_Neg_1",100,"2","experimental","negative","ideophone","reduplication","manner","low",,FALSE,0,TRUE,""
"exp3","exp3_052","1_NonIde_RegMod_Aff_1",100,"1","experimental","affirmative","nonideophone","manner","manner",,,FALSE,0,TRUE,""
"exp3","exp3_052","1_Ide_RegMod_Aff_1",100,"1","experimental","affirmative","ideophone","manner","manner",,,FALSE,0,TRUE,""
"exp3","exp3_053","Filler_Neg_UnGr_1_59",0,,"catch","negative",,,,,"ungrammatical",FALSE,0,TRUE,""
"exp3","exp3_053","Filler_Neg_UnGr_1_56",0,,"catch","negative",,,,,"ungrammatical",FALSE,0,TRUE,""
"exp3","exp3_053","Filler_Neg_Gr_1_60",40,,"catch","negative",,,,,"grammatical",FALSE,0,TRUE,""
"exp3","exp3_053","Filler_Neg_Gr_1_53",40,,"catch","negative",,,,,"grammatical",FALSE,0,TRUE,""
"exp3","exp3_053","Filler_Aff_UnGr_1_58",0,,"catch","affirmative",,,,,"ungrammatical",FALSE,0,TRUE,""
"exp3","exp3_053","Filler_Aff_UnGr_1_54",0,,"catch","affirmative",,,,,"ungrammatical",FALSE,0,TRUE,""
"exp3","exp3_053","Filler_Aff_Gr_1_57",100,,"catch","affirmative",,,,,"grammatical",FALSE,0,TRUE,""
"exp3","exp3_053","Filler_Aff_Gr_1_55",100,,"catch","affirmative",,,,,"grammatical",FALSE,0,TRUE,""
"exp3","exp3_053","8_NonIde_Cont_Aff_1",100,"8","experimental","affirmative","nonideophone","temporal","temporal",,,FALSE,0,TRUE,""
"exp3","exp3_053","8_Ide_Cont_Aff_1",100,"8","experimental","affirmative","ideophone","temporal","temporal",,,FALSE,0,TRUE,""
"exp3","exp3_053","7_NonIde_Cont_Neg_1",40,"7","experimental","negative","nonideophone","temporal","temporal",,,FALSE,0,TRUE,""
"exp3","exp3_053","7_Ide_Cont_Neg_1",40,"7","experimental","negative","ideophone","temporal","temporal",,,FALSE,0,TRUE,""
"exp3","exp3_053","6_NonIde_Cvb_Aff_1",100,"6","experimental","affirmative","nonideophone","converbial","manner","high",,FALSE,0,TRUE,""
"exp3","exp3_053","6_Ide_Cvb_Aff_1",60,"6","experimental","affirmative","ideophone","converbial","manner","high",,FALSE,0,TRUE,""
"exp3","exp3_053","5_NonIde_Cvb_Neg_1",60,"5","experimental","negative","nonideophone","converbial","manner","high",,FALSE,0,TRUE,""
"exp3","exp3_053","5_Ide_Cvb_Neg_1",0,"5","experimental","negative","ideophone","converbial","manner","high",,FALSE,0,TRUE,""
"exp3","exp3_053","4_NonIde_Red_Aff_1",100,"4","experimental","affirmative","nonideophone","reduplication","manner","low",,FALSE,0,TRUE,""
"exp3","exp3_053","4_Ide_Red_Aff_1",100,"4","experimental","affirmative","ideophone","reduplication","manner","low",,FALSE,0,TRUE,""
"exp3","exp3_053","3_NonIde_Red_Neg_1",40,"3","experimental","negative","nonideophone","reduplication","manner","low",,FALSE,0,TRUE,""
"exp3","exp3_053","3_Ide_Red_Neg_1",40,"3","experimental","negative","ideophone","reduplication","manner","low",,FALSE,0,TRUE,""
"exp3","exp3_053","2_NonIde_RegMod_Aff_1",100,"2","experimental","affirmative","nonideophone","manner","manner",,,FALSE,0,TRUE,""
"exp3","exp3_053","2_Ide_RegMod_Aff_1",100,"2","experimental","affirmative","ideophone","manner","manner",,,FALSE,0,TRUE,""
"exp3","exp3_053","1_NonIde_RegMod_Neg_1",40,"1","experimental","negative","nonideophone","manner","manner",,,FALSE,0,TRUE,""
"exp3","exp3_053","1_Ide_RegMod_Neg_1",40,"1","experimental","negative","ideophone","manner","manner",,,FALSE,0,TRUE,""
"exp3","exp3_054","Filler_Neg_UnGr_1_59",0,,"catch","negative",,,,,"ungrammatical",FALSE,0,TRUE,""
"exp3","exp3_054","Filler_Neg_UnGr_1_56",0,,"catch","negative",,,,,"ungrammatical",FALSE,0,TRUE,""
"exp3","exp3_054","Filler_Neg_Gr_1_60",70,,"catch","negative",,,,,"grammatical",FALSE,0,TRUE,""
"exp3","exp3_054","Filler_Neg_Gr_1_53",100,,"catch","negative",,,,,"grammatical",FALSE,0,TRUE,""
"exp3","exp3_054","Filler_Aff_UnGr_1_58",0,,"catch","affirmative",,,,,"ungrammatical",FALSE,0,TRUE,""
"exp3","exp3_054","Filler_Aff_UnGr_1_54",0,,"catch","affirmative",,,,,"ungrammatical",FALSE,0,TRUE,""
"exp3","exp3_054","Filler_Aff_Gr_1_57",100,,"catch","affirmative",,,,,"grammatical",FALSE,0,TRUE,""
"exp3","exp3_054","Filler_Aff_Gr_1_55",100,,"catch","affirmative",,,,,"grammatical",FALSE,0,TRUE,""
"exp3","exp3_054","8_NonIde_Cont_Aff_1",100,"8","experimental","affirmative","nonideophone","temporal","temporal",,,FALSE,0,TRUE,""
"exp3","exp3_054","8_Ide_Cont_Aff_1",100,"8","experimental","affirmative","ideophone","temporal","temporal",,,FALSE,0,TRUE,""
"exp3","exp3_054","7_NonIde_Cont_Neg_1",100,"7","experimental","negative","nonideophone","temporal","temporal",,,FALSE,0,TRUE,""
"exp3","exp3_054","7_Ide_Cont_Neg_1",100,"7","experimental","negative","ideophone","temporal","temporal",,,FALSE,0,TRUE,""
"exp3","exp3_054","6_NonIde_Cvb_Aff_1",100,"6","experimental","affirmative","nonideophone","converbial","manner","high",,FALSE,0,TRUE,""
"exp3","exp3_054","6_Ide_Cvb_Aff_1",100,"6","experimental","affirmative","ideophone","converbial","manner","high",,FALSE,0,TRUE,""
"exp3","exp3_054","5_NonIde_Cvb_Neg_1",80,"5","experimental","negative","nonideophone","converbial","manner","high",,FALSE,0,TRUE,""
"exp3","exp3_054","5_Ide_Cvb_Neg_1",0,"5","experimental","negative","ideophone","converbial","manner","high",,FALSE,0,TRUE,""
"exp3","exp3_054","4_NonIde_Red_Aff_1",100,"4","experimental","affirmative","nonideophone","reduplication","manner","low",,FALSE,0,TRUE,""
"exp3","exp3_054","4_Ide_Red_Aff_1",100,"4","experimental","affirmative","ideophone","reduplication","manner","low",,FALSE,0,TRUE,""
"exp3","exp3_054","3_NonIde_Red_Neg_1",20,"3","experimental","negative","nonideophone","reduplication","manner","low",,FALSE,0,TRUE,""
"exp3","exp3_054","3_Ide_Red_Neg_1",40,"3","experimental","negative","ideophone","reduplication","manner","low",,FALSE,0,TRUE,""
"exp3","exp3_054","2_NonIde_RegMod_Aff_1",100,"2","experimental","affirmative","nonideophone","manner","manner",,,FALSE,0,TRUE,""
"exp3","exp3_054","2_Ide_RegMod_Aff_1",100,"2","experimental","affirmative","ideophone","manner","manner",,,FALSE,0,TRUE,""
"exp3","exp3_054","1_NonIde_RegMod_Neg_1",40,"1","experimental","negative","nonideophone","manner","manner",,,FALSE,0,TRUE,""
"exp3","exp3_054","1_Ide_RegMod_Neg_1",100,"1","experimental","negative","ideophone","manner","manner",,,FALSE,0,TRUE,""
"exp3","exp3_055","Filler_Neg_UnGr_1_18",0,,"catch","negative",,,,,"ungrammatical",FALSE,0,TRUE,""
"exp3","exp3_055","Filler_Neg_UnGr_1_13",0,,"catch","negative",,,,,"ungrammatical",FALSE,0,TRUE,""
"exp3","exp3_055","Filler_Neg_Gr_1_17",100,,"catch","negative",,,,,"grammatical",FALSE,0,TRUE,""
"exp3","exp3_055","Filler_Neg_Gr_1_15",100,,"catch","negative",,,,,"grammatical",FALSE,0,TRUE,""
"exp3","exp3_055","Filler_Aff_UnGr_1_19",0,,"catch","affirmative",,,,,"ungrammatical",FALSE,0,TRUE,""
"exp3","exp3_055","Filler_Aff_UnGr_1_16",0,,"catch","affirmative",,,,,"ungrammatical",FALSE,0,TRUE,""
"exp3","exp3_055","Filler_Aff_Gr_1_20",78,,"catch","affirmative",,,,,"grammatical",FALSE,0,TRUE,""
"exp3","exp3_055","Filler_Aff_Gr_1_14",100,,"catch","affirmative",,,,,"grammatical",FALSE,0,TRUE,""
"exp3","exp3_055","8_NonIde_Cvb_Neg_1",80,"8","experimental","negative","nonideophone","converbial","manner","high",,FALSE,0,TRUE,""
"exp3","exp3_055","8_Ide_Cvb_Neg_1",100,"8","experimental","negative","ideophone","converbial","manner","high",,FALSE,0,TRUE,""
"exp3","exp3_055","7_NonIde_Red_Aff_1",100,"7","experimental","affirmative","nonideophone","reduplication","manner","low",,FALSE,0,TRUE,""
"exp3","exp3_055","7_Ide_Red_Aff_1",100,"7","experimental","affirmative","ideophone","reduplication","manner","low",,FALSE,0,TRUE,""
"exp3","exp3_055","6_NonIde_Red_Neg_1",95,"6","experimental","negative","nonideophone","reduplication","manner","low",,FALSE,0,TRUE,""
"exp3","exp3_055","6_Ide_Red_Neg_1",96,"6","experimental","negative","ideophone","reduplication","manner","low",,FALSE,0,TRUE,""
"exp3","exp3_055","5_NonIde_RegMod_Aff_1",100,"5","experimental","affirmative","nonideophone","manner","manner",,,FALSE,0,TRUE,""
"exp3","exp3_055","5_Ide_RegMod_Aff_1",100,"5","experimental","affirmative","ideophone","manner","manner",,,FALSE,0,TRUE,""
"exp3","exp3_055","4_NonIde_RegMod_Neg_1",97,"4","experimental","negative","nonideophone","manner","manner",,,FALSE,0,TRUE,""
"exp3","exp3_055","4_Ide_RegMod_Neg_1",85,"4","experimental","negative","ideophone","manner","manner",,,FALSE,0,TRUE,""
"exp3","exp3_055","3_NonIde_Cont_Aff_1",100,"3","experimental","affirmative","nonideophone","temporal","temporal",,,FALSE,0,TRUE,""
"exp3","exp3_055","3_Ide_Cont_Aff_1",100,"3","experimental","affirmative","ideophone","temporal","temporal",,,FALSE,0,TRUE,""
"exp3","exp3_055","2_NonIde_Cont_Neg_1",100,"2","experimental","negative","nonideophone","temporal","temporal",,,FALSE,0,TRUE,""
"exp3","exp3_055","2_Ide_Cont_Neg_1",91,"2","experimental","negative","ideophone","temporal","temporal",,,FALSE,0,TRUE,""
"exp3","exp3_055","1_NonIde_Cvb_Aff_1",100,"1","experimental","affirmative","nonideophone","converbial","manner","high",,FALSE,0,TRUE,""
"exp3","exp3_055","1_Ide_Cvb_Aff_1",100,"1","experimental","affirmative","ideophone","converbial","manner","high",,FALSE,0,TRUE,""
"exp3","exp3_056","Filler_Neg_UnGr_1_11",0,,"catch","negative",,,,,"ungrammatical",FALSE,0,TRUE,""
"exp3","exp3_056","Filler_Neg_UnGr_1_10",0,,"catch","negative",,,,,"ungrammatical",FALSE,0,TRUE,""
"exp3","exp3_056","Filler_Neg_Gr_1_7",20,,"catch","negative",,,,,"grammatical",FALSE,0,TRUE,""
"exp3","exp3_056","Filler_Neg_Gr_1_12",100,,"catch","negative",,,,,"grammatical",FALSE,0,TRUE,""
"exp3","exp3_056","Filler_Aff_UnGr_1_9",0,,"catch","affirmative",,,,,"ungrammatical",FALSE,0,TRUE,""
"exp3","exp3_056","Filler_Aff_UnGr_1_6",0,,"catch","affirmative",,,,,"ungrammatical",FALSE,0,TRUE,""
"exp3","exp3_056","Filler_Aff_Gr_1_8",100,,"catch","affirmative",,,,,"grammatical",FALSE,0,TRUE,""
"exp3","exp3_056","Filler_Aff_Gr_1_5",100,,"catch","affirmative",,,,,"grammatical",FALSE,0,TRUE,""
"exp3","exp3_056","8_NonIde_Cvb_Aff_1",100,"8","experimental","affirmative","nonideophone","converbial","manner","high",,FALSE,0,TRUE,""
"exp3","exp3_056","8_Ide_Cvb_Aff_1",100,"8","experimental","affirmative","ideophone","converbial","manner","high",,FALSE,0,TRUE,""
"exp3","exp3_056","7_NonIde_Cvb_Neg_1",0,"7","experimental","negative","nonideophone","converbial","manner","high",,FALSE,0,TRUE,""
"exp3","exp3_056","7_Ide_Cvb_Neg_1",20,"7","experimental","negative","ideophone","converbial","manner","high",,FALSE,0,TRUE,""
"exp3","exp3_056","6_NonIde_Red_Aff_1",100,"6","experimental","affirmative","nonideophone","reduplication","manner","low",,FALSE,0,TRUE,""
"exp3","exp3_056","6_Ide_Red_Aff_1",61,"6","experimental","affirmative","ideophone","reduplication","manner","low",,FALSE,0,TRUE,""
"exp3","exp3_056","5_NonIde_Red_Neg_1",0,"5","experimental","negative","nonideophone","reduplication","manner","low",,FALSE,0,TRUE,""
"exp3","exp3_056","5_Ide_Red_Neg_1",0,"5","experimental","negative","ideophone","reduplication","manner","low",,FALSE,0,TRUE,""
"exp3","exp3_056","4_NonIde_RegMod_Aff_1",100,"4","experimental","affirmative","nonideophone","manner","manner",,,FALSE,0,TRUE,""
"exp3","exp3_056","4_Ide_RegMod_Aff_1",0,"4","experimental","affirmative","ideophone","manner","manner",,,FALSE,0,TRUE,""
"exp3","exp3_056","3_NonIde_RegMod_Neg_1",0,"3","experimental","negative","nonideophone","manner","manner",,,FALSE,0,TRUE,""
"exp3","exp3_056","3_Ide_RegMod_Neg_1",0,"3","experimental","negative","ideophone","manner","manner",,,FALSE,0,TRUE,""
"exp3","exp3_056","2_NonIde_Cont_Aff_1",100,"2","experimental","affirmative","nonideophone","temporal","temporal",,,FALSE,0,TRUE,""
"exp3","exp3_056","2_Ide_Cont_Aff_1",100,"2","experimental","affirmative","ideophone","temporal","temporal",,,FALSE,0,TRUE,""
"exp3","exp3_056","1_NonIde_Cont_Neg_1",0,"1","experimental","negative","nonideophone","temporal","temporal",,,FALSE,0,TRUE,""
"exp3","exp3_056","1_Ide_Cont_Neg_1",100,"1","experimental","negative","ideophone","temporal","temporal",,,FALSE,0,TRUE,""
"exp3","exp3_057","Filler_Neg_UnGr_1_59",27,,"catch","negative",,,,,"ungrammatical",FALSE,0,TRUE,""
"exp3","exp3_057","Filler_Neg_UnGr_1_56",18,,"catch","negative",,,,,"ungrammatical",FALSE,0,TRUE,""
"exp3","exp3_057","Filler_Neg_Gr_1_60",63,,"catch","negative",,,,,"grammatical",FALSE,0,TRUE,""
"exp3","exp3_057","Filler_Neg_Gr_1_53",44,,"catch","negative",,,,,"grammatical",FALSE,0,TRUE,""
"exp3","exp3_057","Filler_Aff_UnGr_1_58",21,,"catch","affirmative",,,,,"ungrammatical",FALSE,0,TRUE,""
"exp3","exp3_057","Filler_Aff_UnGr_1_54",5,,"catch","affirmative",,,,,"ungrammatical",FALSE,0,TRUE,""
"exp3","exp3_057","Filler_Aff_Gr_1_57",94,,"catch","affirmative",,,,,"grammatical",FALSE,0,TRUE,""
"exp3","exp3_057","Filler_Aff_Gr_1_55",86,,"catch","affirmative",,,,,"grammatical",FALSE,0,TRUE,""
"exp3","exp3_057","8_NonIde_Cont_Aff_1",93,"8","experimental","affirmative","nonideophone","temporal","temporal",,,FALSE,0,TRUE,""
"exp3","exp3_057","8_Ide_Cont_Aff_1",89,"8","experimental","affirmative","ideophone","temporal","temporal",,,FALSE,0,TRUE,""
"exp3","exp3_057","7_NonIde_Cont_Neg_1",67,"7","experimental","negative","nonideophone","temporal","temporal",,,FALSE,0,TRUE,""
"exp3","exp3_057","7_Ide_Cont_Neg_1",34,"7","experimental","negative","ideophone","temporal","temporal",,,FALSE,0,TRUE,""
"exp3","exp3_057","6_NonIde_Cvb_Aff_1",80,"6","experimental","affirmative","nonideophone","converbial","manner","high",,FALSE,0,TRUE,""
"exp3","exp3_057","6_Ide_Cvb_Aff_1",39,"6","experimental","affirmative","ideophone","converbial","manner","high",,FALSE,0,TRUE,""
"exp3","exp3_057","5_NonIde_Cvb_Neg_1",21,"5","experimental","negative","nonideophone","converbial","manner","high",,FALSE,0,TRUE,""
"exp3","exp3_057","5_Ide_Cvb_Neg_1",8,"5","experimental","negative","ideophone","converbial","manner","high",,FALSE,0,TRUE,""
"exp3","exp3_057","4_NonIde_Red_Aff_1",34,"4","experimental","affirmative","nonideophone","reduplication","manner","low",,FALSE,0,TRUE,""
"exp3","exp3_057","4_Ide_Red_Aff_1",17,"4","experimental","affirmative","ideophone","reduplication","manner","low",,FALSE,0,TRUE,""
"exp3","exp3_057","3_NonIde_Red_Neg_1",19,"3","experimental","negative","nonideophone","reduplication","manner","low",,FALSE,0,TRUE,""
"exp3","exp3_057","3_Ide_Red_Neg_1",18,"3","experimental","negative","ideophone","reduplication","manner","low",,FALSE,0,TRUE,""
"exp3","exp3_057","2_NonIde_RegMod_Aff_1",73,"2","experimental","affirmative","nonideophone","manner","manner",,,FALSE,0,TRUE,""
"exp3","exp3_057","2_Ide_RegMod_Aff_1",92,"2","experimental","affirmative","ideophone","manner","manner",,,FALSE,0,TRUE,""
"exp3","exp3_057","1_NonIde_RegMod_Neg_1",14,"1","experimental","negative","nonideophone","manner","manner",,,FALSE,0,TRUE,""
"exp3","exp3_057","1_Ide_RegMod_Neg_1",22,"1","experimental","negative","ideophone","manner","manner",,,FALSE,0,TRUE,""
"exp3","exp3_058","Filler_Neg_UnGr_1_43",0,,"catch","negative",,,,,"ungrammatical",FALSE,0,TRUE,""
"exp3","exp3_058","Filler_Neg_UnGr_1_40",0,,"catch","negative",,,,,"ungrammatical",FALSE,0,TRUE,""
"exp3","exp3_058","Filler_Neg_Gr_1_44",90,,"catch","negative",,,,,"grammatical",FALSE,0,TRUE,""
"exp3","exp3_058","Filler_Neg_Gr_1_38",90,,"catch","negative",,,,,"grammatical",FALSE,0,TRUE,""
"exp3","exp3_058","Filler_Aff_UnGr_1_42",0,,"catch","affirmative",,,,,"ungrammatical",FALSE,0,TRUE,""
"exp3","exp3_058","Filler_Aff_UnGr_1_37",0,,"catch","affirmative",,,,,"ungrammatical",FALSE,0,TRUE,""
"exp3","exp3_058","Filler_Aff_Gr_1_41",100,,"catch","affirmative",,,,,"grammatical",FALSE,0,TRUE,""
"exp3","exp3_058","Filler_Aff_Gr_1_39",100,,"catch","affirmative",,,,,"grammatical",FALSE,0,TRUE,""
"exp3","exp3_058","8_NonIde_RegMod_Aff_1",100,"8","experimental","affirmative","nonideophone","manner","manner",,,FALSE,0,TRUE,""
"exp3","exp3_058","8_Ide_RegMod_Aff_1",100,"8","experimental","affirmative","ideophone","manner","manner",,,FALSE,0,TRUE,""
"exp3","exp3_058","7_NonIde_RegMod_Neg_1",70,"7","experimental","negative","nonideophone","manner","manner",,,FALSE,0,TRUE,""
"exp3","exp3_058","7_Ide_RegMod_Neg_1",60,"7","experimental","negative","ideophone","manner","manner",,,FALSE,0,TRUE,""
"exp3","exp3_058","6_NonIde_Cont_Aff_1",100,"6","experimental","affirmative","nonideophone","temporal","temporal",,,FALSE,0,TRUE,""
"exp3","exp3_058","6_Ide_Cont_Aff_1",100,"6","experimental","affirmative","ideophone","temporal","temporal",,,FALSE,0,TRUE,""
"exp3","exp3_058","5_NonIde_Cont_Neg_1",60,"5","experimental","negative","nonideophone","temporal","temporal",,,FALSE,0,TRUE,""
"exp3","exp3_058","5_Ide_Cont_Neg_1",60,"5","experimental","negative","ideophone","temporal","temporal",,,FALSE,0,TRUE,""
"exp3","exp3_058","4_NonIde_Cvb_Aff_1",100,"4","experimental","affirmative","nonideophone","converbial","manner","high",,FALSE,0,TRUE,""
"exp3","exp3_058","4_Ide_Cvb_Aff_1",100,"4","experimental","affirmative","ideophone","converbial","manner","high",,FALSE,0,TRUE,""
"exp3","exp3_058","3_NonIde_Cvb_Neg_1",70,"3","experimental","negative","nonideophone","converbial","manner","high",,FALSE,0,TRUE,""
"exp3","exp3_058","3_Ide_Cvb_Neg_1",60,"3","experimental","negative","ideophone","converbial","manner","high",,FALSE,0,TRUE,""
"exp3","exp3_058","2_NonIde_Red_Aff_1",100,"2","experimental","affirmative","nonideophone","reduplication","manner","low",,FALSE,0,TRUE,""
"exp3","exp3_058","2_Ide_Red_Aff_1",100,"2","experimental","affirmative","ideophone","reduplication","manner","low",,FALSE,0,TRUE,""
"exp3","exp3_058","1_NonIde_Red_Neg_1",60,"1","experimental","negative","nonideophone","reduplication","manner","low",,FALSE,0,TRUE,""
"exp3","exp3_058","1_Ide_Red_Neg_1",70,"1","experimental","negative","ideophone","reduplication","manner","low",,FALSE,0,TRUE,""
"exp3","exp3_059","Filler_Neg_UnGr_1_18",0,,"catch","negative",,,,,"ungrammatical",FALSE,0,TRUE,""
"exp3","exp3_059","Filler_Neg_UnGr_1_13",0,,"catch","negative",,,,,"ungrammatical",FALSE,0,TRUE,""
"exp3","exp3_059","Filler_Neg_Gr_1_17",100,,"catch","negative",,,,,"grammatical",FALSE,0,TRUE,""
"exp3","exp3_059","Filler_Neg_Gr_1_15",100,,"catch","negative",,,,,"grammatical",FALSE,0,TRUE,""
"exp3","exp3_059","Filler_Aff_UnGr_1_19",0,,"catch","affirmative",,,,,"ungrammatical",FALSE,0,TRUE,""
"exp3","exp3_059","Filler_Aff_UnGr_1_16",0,,"catch","affirmative",,,,,"ungrammatical",FALSE,0,TRUE,""
"exp3","exp3_059","Filler_Aff_Gr_1_20",100,,"catch","affirmative",,,,,"grammatical",FALSE,0,TRUE,""
"exp3","exp3_059","Filler_Aff_Gr_1_14",100,,"catch","affirmative",,,,,"grammatical",FALSE,0,TRUE,""
"exp3","exp3_059","8_NonIde_Cvb_Neg_1",87,"8","experimental","negative","nonideophone","converbial","manner","high",,FALSE,0,TRUE,""
"exp3","exp3_059","8_Ide_Cvb_Neg_1",53,"8","experimental","negative","ideophone","converbial","manner","high",,FALSE,0,TRUE,""
"exp3","exp3_059","7_NonIde_Red_Aff_1",100,"7","experimental","affirmative","nonideophone","reduplication","manner","low",,FALSE,0,TRUE,""
"exp3","exp3_059","7_Ide_Red_Aff_1",100,"7","experimental","affirmative","ideophone","reduplication","manner","low",,FALSE,0,TRUE,""
"exp3","exp3_059","6_NonIde_Red_Neg_1",53,"6","experimental","negative","nonideophone","reduplication","manner","low",,FALSE,0,TRUE,""
"exp3","exp3_059","6_Ide_Red_Neg_1",58,"6","experimental","negative","ideophone","reduplication","manner","low",,FALSE,0,TRUE,""
"exp3","exp3_059","5_NonIde_RegMod_Aff_1",100,"5","experimental","affirmative","nonideophone","manner","manner",,,FALSE,0,TRUE,""
"exp3","exp3_059","5_Ide_RegMod_Aff_1",100,"5","experimental","affirmative","ideophone","manner","manner",,,FALSE,0,TRUE,""
"exp3","exp3_059","4_NonIde_RegMod_Neg_1",53,"4","experimental","negative","nonideophone","manner","manner",,,FALSE,0,TRUE,""
"exp3","exp3_059","4_Ide_RegMod_Neg_1",49,"4","experimental","negative","ideophone","manner","manner",,,FALSE,0,TRUE,""
"exp3","exp3_059","3_NonIde_Cont_Aff_1",34,"3","experimental","affirmative","nonideophone","temporal","temporal",,,FALSE,0,TRUE,""
"exp3","exp3_059","3_Ide_Cont_Aff_1",100,"3","experimental","affirmative","ideophone","temporal","temporal",,,FALSE,0,TRUE,""
"exp3","exp3_059","2_NonIde_Cont_Neg_1",87,"2","experimental","negative","nonideophone","temporal","temporal",,,FALSE,0,TRUE,""
"exp3","exp3_059","2_Ide_Cont_Neg_1",100,"2","experimental","negative","ideophone","temporal","temporal",,,FALSE,0,TRUE,""
"exp3","exp3_059","1_NonIde_Cvb_Aff_1",100,"1","experimental","affirmative","nonideophone","converbial","manner","high",,FALSE,0,TRUE,""
"exp3","exp3_059","1_Ide_Cvb_Aff_1",95,"1","experimental","affirmative","ideophone","converbial","manner","high",,FALSE,0,TRUE,""
"exp3","exp3_060","Filler_Neg_UnGr_1_3",0,,"catch","negative",,,,,"ungrammatical",FALSE,0,TRUE,""
"exp3","exp3_060","Filler_Neg_UnGr_1",0,,"catch","negative",,,,,"ungrammatical",FALSE,0,TRUE,""
"exp3","exp3_060","Filler_Neg_Gr_1_1",100,,"catch","negative",,,,,"grammatical",FALSE,0,TRUE,""
"exp3","exp3_060","Filler_Neg_Gr_1",61,,"catch","negative",,,,,"grammatical",FALSE,0,TRUE,""
"exp3","exp3_060","Filler_Aff_UnGr_1_2",0,,"catch","affirmative",,,,,"ungrammatical",FALSE,0,TRUE,""
"exp3","exp3_060","Filler_Aff_UnGr_1",0,,"catch","affirmative",,,,,"ungrammatical",FALSE,0,TRUE,""
"exp3","exp3_060","Filler_Aff_Gr_1_4",68,,"catch","affirmative",,,,,"grammatical",FALSE,0,TRUE,""
"exp3","exp3_060","Filler_Aff_Gr_1",100,,"catch","affirmative",,,,,"grammatical",FALSE,0,TRUE,""
"exp3","exp3_060","8_NonIde_Cont_Neg_1",41,"8","experimental","negative","nonideophone","temporal","temporal",,,FALSE,0,TRUE,""
"exp3","exp3_060","8_Ide_Cont_Neg_1",32,"8","experimental","negative","ideophone","temporal","temporal",,,FALSE,0,TRUE,""
"exp3","exp3_060","7_NonIde_Cvb_Aff_1",100,"7","experimental","affirmative","nonideophone","converbial","manner","high",,FALSE,0,TRUE,""
"exp3","exp3_060","7_Ide_Cvb_Aff_1",100,"7","experimental","affirmative","ideophone","converbial","manner","high",,FALSE,0,TRUE,""
"exp3","exp3_060","6_NonIde_Cvb_Neg_1",28,"6","experimental","negative","nonideophone","converbial","manner","high",,FALSE,0,TRUE,""
"exp3","exp3_060","6_Ide_Cvb_Neg_1",40,"6","experimental","negative","ideophone","converbial","manner","high",,FALSE,0,TRUE,""
"exp3","exp3_060","5_NonIde_Red_Aff_1",100,"5","experimental","affirmative","nonideophone","reduplication","manner","low",,FALSE,0,TRUE,""
"exp3","exp3_060","5_Ide_Red_Aff_1",100,"5","experimental","affirmative","ideophone","reduplication","manner","low",,FALSE,0,TRUE,""
"exp3","exp3_060","4_NonIde_Red_Neg_1",40,"4","experimental","negative","nonideophone","reduplication","manner","low",,FALSE,0,TRUE,""
"exp3","exp3_060","4_Ide_Red_Neg_1",41,"4","experimental","negative","ideophone","reduplication","manner","low",,FALSE,0,TRUE,""
"exp3","exp3_060","3_NonIde_RegMod_Aff_1",100,"3","experimental","affirmative","nonideophone","manner","manner",,,FALSE,0,TRUE,""
"exp3","exp3_060","3_Ide_RegMod_Aff_1",100,"3","experimental","affirmative","ideophone","manner","manner",,,FALSE,0,TRUE,""
"exp3","exp3_060","2_NonIde_RegMod_Neg_1",57,"2","experimental","negative","nonideophone","manner","manner",,,FALSE,0,TRUE,""
"exp3","exp3_060","2_Ide_RegMod_Neg_1",100,"2","experimental","negative","ideophone","manner","manner",,,FALSE,0,TRUE,""
"exp3","exp3_060","1_NonIde_Cont_Aff_1",60,"1","experimental","affirmative","nonideophone","temporal","temporal",,,FALSE,0,TRUE,""
"exp3","exp3_060","1_Ide_Cont_Aff_1",100,"1","experimental","affirmative","ideophone","temporal","temporal",,,FALSE,0,TRUE,""
"exp3","exp3_061","Filler_Neg_UnGr_1_3",0,,"catch","negative",,,,,"ungrammatical",FALSE,0,TRUE,""
"exp3","exp3_061","Filler_Neg_UnGr_1",50,,"catch","negative",,,,,"ungrammatical",FALSE,0,TRUE,""
"exp3","exp3_061","Filler_Neg_Gr_1_1",100,,"catch","negative",,,,,"grammatical",FALSE,0,TRUE,""
"exp3","exp3_061","Filler_Neg_Gr_1",100,,"catch","negative",,,,,"grammatical",FALSE,0,TRUE,""
"exp3","exp3_061","Filler_Aff_UnGr_1_2",0,,"catch","affirmative",,,,,"ungrammatical",FALSE,0,TRUE,""
"exp3","exp3_061","Filler_Aff_UnGr_1",30,,"catch","affirmative",,,,,"ungrammatical",FALSE,0,TRUE,""
"exp3","exp3_061","Filler_Aff_Gr_1_4",100,,"catch","affirmative",,,,,"grammatical",FALSE,0,TRUE,""
"exp3","exp3_061","Filler_Aff_Gr_1",100,,"catch","affirmative",,,,,"grammatical",FALSE,0,TRUE,""
"exp3","exp3_061","8_NonIde_Cont_Neg_1",100,"8","experimental","negative","nonideophone","temporal","temporal",,,FALSE,0,TRUE,""
"exp3","exp3_061","8_Ide_Cont_Neg_1",100,"8","experimental","negative","ideophone","temporal","temporal",,,FALSE,0,TRUE,""
"exp3","exp3_061","7_NonIde_Cvb_Aff_1",100,"7","experimental","affirmative","nonideophone","converbial","manner","high",,FALSE,0,TRUE,""
"exp3","exp3_061","7_Ide_Cvb_Aff_1",100,"7","experimental","affirmative","ideophone","converbial","manner","high",,FALSE,0,TRUE,""
"exp3","exp3_061","6_NonIde_Cvb_Neg_1",100,"6","experimental","negative","nonideophone","converbial","manner","high",,FALSE,0,TRUE,""
"exp3","exp3_061","6_Ide_Cvb_Neg_1",90,"6","experimental","negative","ideophone","converbial","manner","high",,FALSE,0,TRUE,""
"exp3","exp3_061","5_NonIde_Red_Aff_1",100,"5","experimental","affirmative","nonideophone","reduplication","manner","low",,FALSE,0,TRUE,""
"exp3","exp3_061","5_Ide_Red_Aff_1",80,"5","experimental","affirmative","ideophone","reduplication","manner","low",,FALSE,0,TRUE,""
"exp3","exp3_061","4_NonIde_Red_Neg_1",100,"4","experimental","negative","nonideophone","reduplication","manner","low",,FALSE,0,TRUE,""
"exp3","exp3_061","4_Ide_Red_Neg_1",100,"4","experimental","negative","ideophone","reduplication","manner","low",,FALSE,0,TRUE,""
"exp3","exp3_061","3_NonIde_RegMod_Aff_1",100,"3","experimental","affirmative","nonideophone","manner","manner",,,FALSE,0,TRUE,""
"exp3","exp3_061","3_Ide_RegMod_Aff_1",100,"3","experimental","affirmative","ideophone","manner","manner",,,FALSE,0,TRUE,""
"exp3","exp3_061","2_NonIde_RegMod_Neg_1",100,"2","experimental","negative","nonideophone","manner","manner",,,FALSE,0,TRUE,""
"exp3","exp3_061","2_Ide_RegMod_Neg_1",100,"2","experimental","negative","ideophone","manner","manner",,,FALSE,0,TRUE,""
"exp3","exp3_061","1_NonIde_Cont_Aff_1",100,"1","experimental","affirmative","nonideophone","temporal","temporal",,,FALSE,0,TRUE,""
"exp3","exp3_061","1_Ide_Cont_Aff_1",100,"1","experimental","affirmative","ideophone","temporal","temporal",,,FALSE,0,TRUE,""
"exp3","exp3_062","Filler_Neg_UnGr_1_27",0,,"catch","negative",,,,,"ungrammatical",FALSE,0,TRUE,""
"exp3","exp3_062","Filler_Neg_UnGr_1_24",0,,"catch","negative",,,,,"ungrammatical",FALSE,0,TRUE,""
"exp3","exp3_062","Filler_Neg_Gr_1_28",100,,"catch","negative",,,,,"grammatical",FALSE,0,TRUE,""
"exp3","exp3_062","Filler_Neg_Gr_1_21",15,,"catch","negative",,,,,"grammatical",FALSE,0,TRUE,""
"exp3","exp3_062","Filler_Aff_UnGr_1_26",0,,"catch","affirmative",,,,,"ungrammatical",FALSE,0,TRUE,""
"exp3","exp3_062","Filler_Aff_UnGr_1_22",0,,"catch","affirmative",,,,,"ungrammatical",FALSE,0,TRUE,""
"exp3","exp3_062","Filler_Aff_Gr_1_25",100,,"catch","affirmative",,,,,"grammatical",FALSE,0,TRUE,""
"exp3","exp3_062","Filler_Aff_Gr_1_23",100,,"catch","affirmative",,,,,"grammatical",FALSE,0,TRUE,""
"exp3","exp3_062","8_NonIde_Red_Aff_1",97,"8","experimental","affirmative","nonideophone","reduplication","manner","low",,FALSE,0,TRUE,""
"exp3","exp3_062","8_Ide_Red_Aff_1",100,"8","experimental","affirmative","ideophone","reduplication","manner","low",,FALSE,0,TRUE,""
"exp3","exp3_062","7_NonIde_Red_Neg_1",0,"7","experimental","negative","nonideophone","reduplication","manner","low",,FALSE,0,TRUE,""
"exp3","exp3_062","7_Ide_Red_Neg_1",13,"7","experimental","negative","ideophone","reduplication","manner","low",,FALSE,0,TRUE,""
"exp3","exp3_062","6_NonIde_RegMod_Aff_1",100,"6","experimental","affirmative","nonideophone","manner","manner",,,FALSE,0,TRUE,""
"exp3","exp3_062","6_Ide_RegMod_Aff_1",100,"6","experimental","affirmative","ideophone","manner","manner",,,FALSE,0,TRUE,""
"exp3","exp3_062","5_NonIde_RegMod_Neg_1",0,"5","experimental","negative","nonideophone","manner","manner",,,FALSE,0,TRUE,""
"exp3","exp3_062","5_Ide_RegMod_Neg_1",0,"5","experimental","negative","ideophone","manner","manner",,,FALSE,0,TRUE,""
"exp3","exp3_062","4_NonIde_Cont_Aff_1",96,"4","experimental","affirmative","nonideophone","temporal","temporal",,,FALSE,0,TRUE,""
"exp3","exp3_062","4_Ide_Cont_Aff_1",100,"4","experimental","affirmative","ideophone","temporal","temporal",,,FALSE,0,TRUE,""
"exp3","exp3_062","3_NonIde_Cont_Neg_1",98,"3","experimental","negative","nonideophone","temporal","temporal",,,FALSE,0,TRUE,""
"exp3","exp3_062","3_Ide_Cont_Neg_1",0,"3","experimental","negative","ideophone","temporal","temporal",,,FALSE,0,TRUE,""
"exp3","exp3_062","2_NonIde_Cvb_Aff_1",100,"2","experimental","affirmative","nonideophone","converbial","manner","high",,FALSE,0,TRUE,""
"exp3","exp3_062","2_Ide_Cvb_Aff_1",93,"2","experimental","affirmative","ideophone","converbial","manner","high",,FALSE,0,TRUE,""
"exp3","exp3_062","1_NonIde_Cvb_Neg_1",0,"1","experimental","negative","nonideophone","converbial","manner","high",,FALSE,0,TRUE,""
"exp3","exp3_062","1_Ide_Cvb_Neg_1",13,"1","experimental","negative","ideophone","converbial","manner","high",,FALSE,0,TRUE,""
"exp3","exp3_063","Filler_Neg_UnGr_1_11",0,,"catch","negative",,,,,"ungrammatical",FALSE,0,TRUE,""
"exp3","exp3_063","Filler_Neg_UnGr_1_10",0,,"catch","negative",,,,,"ungrammatical",FALSE,0,TRUE,""
"exp3","exp3_063","Filler_Neg_Gr_1_7",100,,"catch","negative",,,,,"grammatical",FALSE,0,TRUE,""
"exp3","exp3_063","Filler_Neg_Gr_1_12",90,,"catch","negative",,,,,"grammatical",FALSE,0,TRUE,""
"exp3","exp3_063","Filler_Aff_UnGr_1_9",0,,"catch","affirmative",,,,,"ungrammatical",FALSE,0,TRUE,""
"exp3","exp3_063","Filler_Aff_UnGr_1_6",0,,"catch","affirmative",,,,,"ungrammatical",FALSE,0,TRUE,""
"exp3","exp3_063","Filler_Aff_Gr_1_8",100,,"catch","affirmative",,,,,"grammatical",FALSE,0,TRUE,""
"exp3","exp3_063","Filler_Aff_Gr_1_5",100,,"catch","affirmative",,,,,"grammatical",FALSE,0,TRUE,""
"exp3","exp3_063","8_NonIde_Cvb_Aff_1",100,"8","experimental","affirmative","nonideophone","converbial","manner","high",,FALSE,0,TRUE,""
"exp3","exp3_063","8_Ide_Cvb_Aff_1",100,"8","experimental","affirmative","ideophone","converbial","manner","high",,FALSE,0,TRUE,""
"exp3","exp3_063","7_NonIde_Cvb_Neg_1",100,"7","experimental","negative","nonideophone","converbial","manner","high",,FALSE,0,TRUE,""
"exp3","exp3_063","7_Ide_Cvb_Neg_1",100,"7","experimental","negative","ideophone","converbial","manner","high",,FALSE,0,TRUE,""
"exp3","exp3_063","6_NonIde_Red_Aff_1",100,"6","experimental","affirmative","nonideophone","reduplication","manner","low",,FALSE,0,TRUE,""
"exp3","exp3_063","6_Ide_Red_Aff_1",100,"6","experimental","affirmative","ideophone","reduplication","manner","low",,FALSE,0,TRUE,""
"exp3","exp3_063","5_NonIde_Red_Neg_1",100,"5","experimental","negative","nonideophone","reduplication","manner","low",,FALSE,0,TRUE,""
"exp3","exp3_063","5_Ide_Red_Neg_1",25,"5","experimental","negative","ideophone","reduplication","manner","low",,FALSE,0,TRUE,""
"exp3","exp3_063","4_NonIde_RegMod_Aff_1",100,"4","experimental","affirmative","nonideophone","manner","manner",,,FALSE,0,TRUE,""
"exp3","exp3_063","4_Ide_RegMod_Aff_1",100,"4","experimental","affirmative","ideophone","manner","manner",,,FALSE,0,TRUE,""
"exp3","exp3_063","3_NonIde_RegMod_Neg_1",0,"3","experimental","negative","nonideophone","manner","manner",,,FALSE,0,TRUE,""
"exp3","exp3_063","3_Ide_RegMod_Neg_1",0,"3","experimental","negative","ideophone","manner","manner",,,FALSE,0,TRUE,""
"exp3","exp3_063","2_NonIde_Cont_Aff_1",100,"2","experimental","affirmative","nonideophone","temporal","temporal",,,FALSE,0,TRUE,""
"exp3","exp3_063","2_Ide_Cont_Aff_1",100,"2","experimental","affirmative","ideophone","temporal","temporal",,,FALSE,0,TRUE,""
"exp3","exp3_063","1_NonIde_Cont_Neg_1",100,"1","experimental","negative","nonideophone","temporal","temporal",,,FALSE,0,TRUE,""
"exp3","exp3_063","1_Ide_Cont_Neg_1",100,"1","experimental","negative","ideophone","temporal","temporal",,,FALSE,0,TRUE,""
"exp3","exp3_064","Filler_Neg_UnGr_1_34",11,,"catch","negative",,,,,"ungrammatical",FALSE,0,TRUE,""
"exp3","exp3_064","Filler_Neg_UnGr_1_30",0,,"catch","negative",,,,,"ungrammatical",FALSE,0,TRUE,""
"exp3","exp3_064","Filler_Neg_Gr_1_33",17,,"catch","negative",,,,,"grammatical",FALSE,0,TRUE,""
"exp3","exp3_064","Filler_Neg_Gr_1_31",9,,"catch","negative",,,,,"grammatical",FALSE,0,TRUE,""
"exp3","exp3_064","Filler_Aff_UnGr_1_35",0,,"catch","affirmative",,,,,"ungrammatical",FALSE,0,TRUE,""
"exp3","exp3_064","Filler_Aff_UnGr_1_32",4,,"catch","affirmative",,,,,"ungrammatical",FALSE,0,TRUE,""
"exp3","exp3_064","Filler_Aff_Gr_1_36",96,,"catch","affirmative",,,,,"grammatical",FALSE,0,TRUE,""
"exp3","exp3_064","Filler_Aff_Gr_1_29",96,,"catch","affirmative",,,,,"grammatical",FALSE,0,TRUE,""
"exp3","exp3_064","8_NonIde_Red_Neg_1",4,"8","experimental","negative","nonideophone","reduplication","manner","low",,FALSE,0,TRUE,""
"exp3","exp3_064","8_Ide_Red_Neg_1",14,"8","experimental","negative","ideophone","reduplication","manner","low",,FALSE,0,TRUE,""
"exp3","exp3_064","7_NonIde_RegMod_Aff_1",76,"7","experimental","affirmative","nonideophone","manner","manner",,,FALSE,0,TRUE,""
"exp3","exp3_064","7_Ide_RegMod_Aff_1",99,"7","experimental","affirmative","ideophone","manner","manner",,,FALSE,0,TRUE,""
"exp3","exp3_064","6_NonIde_RegMod_Neg_1",20,"6","experimental","negative","nonideophone","manner","manner",,,FALSE,0,TRUE,""
"exp3","exp3_064","6_Ide_RegMod_Neg_1",9,"6","experimental","negative","ideophone","manner","manner",,,FALSE,0,TRUE,""
"exp3","exp3_064","5_NonIde_Cont_Aff_1",96,"5","experimental","affirmative","nonideophone","temporal","temporal",,,FALSE,0,TRUE,""
"exp3","exp3_064","5_Ide_Cont_Aff_1",100,"5","experimental","affirmative","ideophone","temporal","temporal",,,FALSE,0,TRUE,""
"exp3","exp3_064","4_NonIde_Cont_Neg_1",8,"4","experimental","negative","nonideophone","temporal","temporal",,,FALSE,0,TRUE,""
"exp3","exp3_064","4_Ide_Cont_Neg_1",13,"4","experimental","negative","ideophone","temporal","temporal",,,FALSE,0,TRUE,""
"exp3","exp3_064","3_NonIde_Cvb_Aff_1",100,"3","experimental","affirmative","nonideophone","converbial","manner","high",,FALSE,0,TRUE,""
"exp3","exp3_064","3_Ide_Cvb_Aff_1",92,"3","experimental","affirmative","ideophone","converbial","manner","high",,FALSE,0,TRUE,""
"exp3","exp3_064","2_NonIde_Cvb_Neg_1",18,"2","experimental","negative","nonideophone","converbial","manner","high",,FALSE,0,TRUE,""
"exp3","exp3_064","2_Ide_Cvb_Neg_1",9,"2","experimental","negative","ideophone","converbial","manner","high",,FALSE,0,TRUE,""
"exp3","exp3_064","1_NonIde_Red_Aff_1",70,"1","experimental","affirmative","nonideophone","reduplication","manner","low",,FALSE,0,TRUE,""
"exp3","exp3_064","1_Ide_Red_Aff_1",100,"1","experimental","affirmative","ideophone","reduplication","manner","low",,FALSE,0,TRUE,""
"exp3","exp3_065","Filler_Neg_UnGr_1_50",0,,"catch","negative",,,,,"ungrammatical",FALSE,0,TRUE,""
"exp3","exp3_065","Filler_Neg_UnGr_1_45",0,,"catch","negative",,,,,"ungrammatical",FALSE,0,TRUE,""
"exp3","exp3_065","Filler_Neg_Gr_1_49",100,,"catch","negative",,,,,"grammatical",FALSE,0,TRUE,""
"exp3","exp3_065","Filler_Neg_Gr_1_47",40,,"catch","negative",,,,,"grammatical",FALSE,0,TRUE,""
"exp3","exp3_065","Filler_Aff_UnGr_1_51",0,,"catch","affirmative",,,,,"ungrammatical",FALSE,0,TRUE,""
"exp3","exp3_065","Filler_Aff_UnGr_1_48",0,,"catch","affirmative",,,,,"ungrammatical",FALSE,0,TRUE,""
"exp3","exp3_065","Filler_Aff_Gr_1_52",100,,"catch","affirmative",,,,,"grammatical",FALSE,0,TRUE,""
"exp3","exp3_065","Filler_Aff_Gr_1_46",100,,"catch","affirmative",,,,,"grammatical",FALSE,0,TRUE,""
"exp3","exp3_065","8_NonIde_RegMod_Neg_1",50,"8","experimental","negative","nonideophone","manner","manner",,,FALSE,0,TRUE,""
"exp3","exp3_065","8_Ide_RegMod_Neg_1",20,"8","experimental","negative","ideophone","manner","manner",,,FALSE,0,TRUE,""
"exp3","exp3_065","7_NonIde_Cont_Aff_1",10,"7","experimental","affirmative","nonideophone","temporal","temporal",,,FALSE,0,TRUE,""
"exp3","exp3_065","7_Ide_Cont_Aff_1",100,"7","experimental","affirmative","ideophone","temporal","temporal",,,FALSE,0,TRUE,""
"exp3","exp3_065","6_NonIde_Cont_Neg_1",100,"6","experimental","negative","nonideophone","temporal","temporal",,,FALSE,0,TRUE,""
"exp3","exp3_065","6_Ide_Cont_Neg_1",23,"6","experimental","negative","ideophone","temporal","temporal",,,FALSE,0,TRUE,""
"exp3","exp3_065","5_NonIde_Cvb_Aff_1",100,"5","experimental","affirmative","nonideophone","converbial","manner","high",,FALSE,0,TRUE,""
"exp3","exp3_065","5_Ide_Cvb_Aff_1",80,"5","experimental","affirmative","ideophone","converbial","manner","high",,FALSE,0,TRUE,""
"exp3","exp3_065","4_NonIde_Cvb_Neg_1",20,"4","experimental","negative","nonideophone","converbial","manner","high",,FALSE,0,TRUE,""
"exp3","exp3_065","4_Ide_Cvb_Neg_1",25,"4","experimental","negative","ideophone","converbial","manner","high",,FALSE,0,TRUE,""
"exp3","exp3_065","3_NonIde_Red_Aff_1",80,"3","experimental","affirmative","nonideophone","reduplication","manner","low",,FALSE,0,TRUE,""
"exp3","exp3_065","3_Ide_Red_Aff_1",100,"3","experimental","affirmative","ideophone","reduplication","manner","low",,FALSE,0,TRUE,""
"exp3","exp3_065","2_NonIde_Red_Neg_1",20,"2","experimental","negative","nonideophone","reduplication","manner","low",,FALSE,0,TRUE,""
"exp3","exp3_065","2_Ide_Red_Neg_1",30,"2","experimental","negative","ideophone","reduplication","manner","low",,FALSE,0,TRUE,""
"exp3","exp3_065","1_NonIde_RegMod_Aff_1",86,"1","experimental","affirmative","nonideophone","manner","manner",,,FALSE,0,TRUE,""
"exp3","exp3_065","1_Ide_RegMod_Aff_1",100,"1","experimental","affirmative","ideophone","manner","manner",,,FALSE,0,TRUE,""
"exp3","exp3_066","Filler_Neg_UnGr_1_11",0,,"catch","negative",,,,,"ungrammatical",FALSE,0,TRUE,""
"exp3","exp3_066","Filler_Neg_UnGr_1_10",0,,"catch","negative",,,,,"ungrammatical",FALSE,0,TRUE,""
"exp3","exp3_066","Filler_Neg_Gr_1_7",100,,"catch","negative",,,,,"grammatical",FALSE,0,TRUE,""
"exp3","exp3_066","Filler_Neg_Gr_1_12",75,,"catch","negative",,,,,"grammatical",FALSE,0,TRUE,""
"exp3","exp3_066","Filler_Aff_UnGr_1_9",0,,"catch","affirmative",,,,,"ungrammatical",FALSE,0,TRUE,""
"exp3","exp3_066","Filler_Aff_UnGr_1_6",0,,"catch","affirmative",,,,,"ungrammatical",FALSE,0,TRUE,""
"exp3","exp3_066","Filler_Aff_Gr_1_8",100,,"catch","affirmative",,,,,"grammatical",FALSE,0,TRUE,""
"exp3","exp3_066","Filler_Aff_Gr_1_5",100,,"catch","affirmative",,,,,"grammatical",FALSE,0,TRUE,""
"exp3","exp3_066","8_NonIde_Cvb_Aff_1",100,"8","experimental","affirmative","nonideophone","converbial","manner","high",,FALSE,0,TRUE,""
"exp3","exp3_066","8_Ide_Cvb_Aff_1",100,"8","experimental","affirmative","ideophone","converbial","manner","high",,FALSE,0,TRUE,""
"exp3","exp3_066","7_NonIde_Cvb_Neg_1",100,"7","experimental","negative","nonideophone","converbial","manner","high",,FALSE,0,TRUE,""
"exp3","exp3_066","7_Ide_Cvb_Neg_1",70,"7","experimental","negative","ideophone","converbial","manner","high",,FALSE,0,TRUE,""
"exp3","exp3_066","6_NonIde_Red_Aff_1",100,"6","experimental","affirmative","nonideophone","reduplication","manner","low",,FALSE,0,TRUE,""
"exp3","exp3_066","6_Ide_Red_Aff_1",100,"6","experimental","affirmative","ideophone","reduplication","manner","low",,FALSE,0,TRUE,""
"exp3","exp3_066","5_NonIde_Red_Neg_1",70,"5","experimental","negative","nonideophone","reduplication","manner","low",,FALSE,0,TRUE,""
"exp3","exp3_066","5_Ide_Red_Neg_1",60,"5","experimental","negative","ideophone","reduplication","manner","low",,FALSE,0,TRUE,""
"exp3","exp3_066","4_NonIde_RegMod_Aff_1",100,"4","experimental","affirmative","nonideophone","manner","manner",,,FALSE,0,TRUE,""
"exp3","exp3_066","4_Ide_RegMod_Aff_1",100,"4","experimental","affirmative","ideophone","manner","manner",,,FALSE,0,TRUE,""
"exp3","exp3_066","3_NonIde_RegMod_Neg_1",60,"3","experimental","negative","nonideophone","manner","manner",,,FALSE,0,TRUE,""
"exp3","exp3_066","3_Ide_RegMod_Neg_1",60,"3","experimental","negative","ideophone","manner","manner",,,FALSE,0,TRUE,""
"exp3","exp3_066","2_NonIde_Cont_Aff_1",100,"2","experimental","affirmative","nonideophone","temporal","temporal",,,FALSE,0,TRUE,""
"exp3","exp3_066","2_Ide_Cont_Aff_1",100,"2","experimental","affirmative","ideophone","temporal","temporal",,,FALSE,0,TRUE,""
"exp3","exp3_066","1_NonIde_Cont_Neg_1",100,"1","experimental","negative","nonideophone","temporal","temporal",,,FALSE,0,TRUE,""
"exp3","exp3_066","1_Ide_Cont_Neg_1",100,"1","experimental","negative","ideophone","temporal","temporal",,,FALSE,0,TRUE,""
"exp3","exp3_067","Filler_Neg_UnGr_1_18",0,,"catch","negative",,,,,"ungrammatical",FALSE,0,TRUE,""
"exp3","exp3_067","Filler_Neg_UnGr_1_13",0,,"catch","negative",,,,,"ungrammatical",FALSE,0,TRUE,""
"exp3","exp3_067","Filler_Neg_Gr_1_17",100,,"catch","negative",,,,,"grammatical",FALSE,0,TRUE,""
"exp3","exp3_067","Filler_Neg_Gr_1_15",100,,"catch","negative",,,,,"grammatical",FALSE,0,TRUE,""
"exp3","exp3_067","Filler_Aff_UnGr_1_19",0,,"catch","affirmative",,,,,"ungrammatical",FALSE,0,TRUE,""
"exp3","exp3_067","Filler_Aff_UnGr_1_16",0,,"catch","affirmative",,,,,"ungrammatical",FALSE,0,TRUE,""
"exp3","exp3_067","Filler_Aff_Gr_1_20",100,,"catch","affirmative",,,,,"grammatical",FALSE,0,TRUE,""
"exp3","exp3_067","Filler_Aff_Gr_1_14",100,,"catch","affirmative",,,,,"grammatical",FALSE,0,TRUE,""
"exp3","exp3_067","8_NonIde_Cvb_Neg_1",100,"8","experimental","negative","nonideophone","converbial","manner","high",,FALSE,0,TRUE,""
"exp3","exp3_067","8_Ide_Cvb_Neg_1",100,"8","experimental","negative","ideophone","converbial","manner","high",,FALSE,0,TRUE,""
"exp3","exp3_067","7_NonIde_Red_Aff_1",100,"7","experimental","affirmative","nonideophone","reduplication","manner","low",,FALSE,0,TRUE,""
"exp3","exp3_067","7_Ide_Red_Aff_1",100,"7","experimental","affirmative","ideophone","reduplication","manner","low",,FALSE,0,TRUE,""
"exp3","exp3_067","6_NonIde_Red_Neg_1",100,"6","experimental","negative","nonideophone","reduplication","manner","low",,FALSE,0,TRUE,""
"exp3","exp3_067","6_Ide_Red_Neg_1",100,"6","experimental","negative","ideophone","reduplication","manner","low",,FALSE,0,TRUE,""
"exp3","exp3_067","5_NonIde_RegMod_Aff_1",100,"5","experimental","affirmative","nonideophone","manner","manner",,,FALSE,0,TRUE,""
"exp3","exp3_067","5_Ide_RegMod_Aff_1",100,"5","experimental","affirmative","ideophone","manner","manner",,,FALSE,0,TRUE,""
"exp3","exp3_067","4_NonIde_RegMod_Neg_1",100,"4","experimental","negative","nonideophone","manner","manner",,,FALSE,0,TRUE,""
"exp3","exp3_067","4_Ide_RegMod_Neg_1",100,"4","experimental","negative","ideophone","manner","manner",,,FALSE,0,TRUE,""
"exp3","exp3_067","3_NonIde_Cont_Aff_1",0,"3","experimental","affirmative","nonideophone","temporal","temporal",,,FALSE,0,TRUE,""
"exp3","exp3_067","3_Ide_Cont_Aff_1",100,"3","experimental","affirmative","ideophone","temporal","temporal",,,FALSE,0,TRUE,""
"exp3","exp3_067","2_NonIde_Cont_Neg_1",100,"2","experimental","negative","nonideophone","temporal","temporal",,,FALSE,0,TRUE,""
"exp3","exp3_067","2_Ide_Cont_Neg_1",100,"2","experimental","negative","ideophone","temporal","temporal",,,FALSE,0,TRUE,""
"exp3","exp3_067","1_NonIde_Cvb_Aff_1",100,"1","experimental","affirmative","nonideophone","converbial","manner","high",,FALSE,0,TRUE,""
"exp3","exp3_067","1_Ide_Cvb_Aff_1",100,"1","experimental","affirmative","ideophone","converbial","manner","high",,FALSE,0,TRUE,""
"exp3","exp3_068","Filler_Neg_UnGr_1_59",0,,"catch","negative",,,,,"ungrammatical",FALSE,0,TRUE,""
"exp3","exp3_068","Filler_Neg_UnGr_1_56",0,,"catch","negative",,,,,"ungrammatical",FALSE,0,TRUE,""
"exp3","exp3_068","Filler_Neg_Gr_1_60",60,,"catch","negative",,,,,"grammatical",FALSE,0,TRUE,""
"exp3","exp3_068","Filler_Neg_Gr_1_53",40,,"catch","negative",,,,,"grammatical",FALSE,0,TRUE,""
"exp3","exp3_068","Filler_Aff_UnGr_1_58",0,,"catch","affirmative",,,,,"ungrammatical",FALSE,0,TRUE,""
"exp3","exp3_068","Filler_Aff_UnGr_1_54",0,,"catch","affirmative",,,,,"ungrammatical",FALSE,0,TRUE,""
"exp3","exp3_068","Filler_Aff_Gr_1_57",100,,"catch","affirmative",,,,,"grammatical",FALSE,0,TRUE,""
"exp3","exp3_068","Filler_Aff_Gr_1_55",100,,"catch","affirmative",,,,,"grammatical",FALSE,0,TRUE,""
"exp3","exp3_068","8_NonIde_Cont_Aff_1",100,"8","experimental","affirmative","nonideophone","temporal","temporal",,,FALSE,0,TRUE,""
"exp3","exp3_068","8_Ide_Cont_Aff_1",100,"8","experimental","affirmative","ideophone","temporal","temporal",,,FALSE,0,TRUE,""
"exp3","exp3_068","7_NonIde_Cont_Neg_1",60,"7","experimental","negative","nonideophone","temporal","temporal",,,FALSE,0,TRUE,""
"exp3","exp3_068","7_Ide_Cont_Neg_1",40,"7","experimental","negative","ideophone","temporal","temporal",,,FALSE,0,TRUE,""
"exp3","exp3_068","6_NonIde_Cvb_Aff_1",100,"6","experimental","affirmative","nonideophone","converbial","manner","high",,FALSE,0,TRUE,""
"exp3","exp3_068","6_Ide_Cvb_Aff_1",60,"6","experimental","affirmative","ideophone","converbial","manner","high",,FALSE,0,TRUE,""
"exp3","exp3_068","5_NonIde_Cvb_Neg_1",40,"5","experimental","negative","nonideophone","converbial","manner","high",,FALSE,0,TRUE,""
"exp3","exp3_068","5_Ide_Cvb_Neg_1",0,"5","experimental","negative","ideophone","converbial","manner","high",,FALSE,0,TRUE,""
"exp3","exp3_068","4_NonIde_Red_Aff_1",100,"4","experimental","affirmative","nonideophone","reduplication","manner","low",,FALSE,0,TRUE,""
"exp3","exp3_068","4_Ide_Red_Aff_1",40,"4","experimental","affirmative","ideophone","reduplication","manner","low",,FALSE,0,TRUE,""
"exp3","exp3_068","3_NonIde_Red_Neg_1",40,"3","experimental","negative","nonideophone","reduplication","manner","low",,FALSE,0,TRUE,""
"exp3","exp3_068","3_Ide_Red_Neg_1",40,"3","experimental","negative","ideophone","reduplication","manner","low",,FALSE,0,TRUE,""
"exp3","exp3_068","2_NonIde_RegMod_Aff_1",100,"2","experimental","affirmative","nonideophone","manner","manner",,,FALSE,0,TRUE,""
"exp3","exp3_068","2_Ide_RegMod_Aff_1",100,"2","experimental","affirmative","ideophone","manner","manner",,,FALSE,0,TRUE,""
"exp3","exp3_068","1_NonIde_RegMod_Neg_1",40,"1","experimental","negative","nonideophone","manner","manner",,,FALSE,0,TRUE,""
"exp3","exp3_068","1_Ide_RegMod_Neg_1",60,"1","experimental","negative","ideophone","manner","manner",,,FALSE,0,TRUE,""
"exp3","exp3_069","Filler_Neg_UnGr_1_11",0,,"catch","negative",,,,,"ungrammatical",FALSE,0,TRUE,""
"exp3","exp3_069","Filler_Neg_UnGr_1_10",0,,"catch","negative",,,,,"ungrammatical",FALSE,0,TRUE,""
"exp3","exp3_069","Filler_Neg_Gr_1_7",90,,"catch","negative",,,,,"grammatical",FALSE,0,TRUE,""
"exp3","exp3_069","Filler_Neg_Gr_1_12",90,,"catch","negative",,,,,"grammatical",FALSE,0,TRUE,""
"exp3","exp3_069","Filler_Aff_UnGr_1_9",0,,"catch","affirmative",,,,,"ungrammatical",FALSE,0,TRUE,""
"exp3","exp3_069","Filler_Aff_UnGr_1_6",0,,"catch","affirmative",,,,,"ungrammatical",FALSE,0,TRUE,""
"exp3","exp3_069","Filler_Aff_Gr_1_8",100,,"catch","affirmative",,,,,"grammatical",FALSE,0,TRUE,""
"exp3","exp3_069","Filler_Aff_Gr_1_5",100,,"catch","affirmative",,,,,"grammatical",FALSE,0,TRUE,""
"exp3","exp3_069","8_NonIde_Cvb_Aff_1",100,"8","experimental","affirmative","nonideophone","converbial","manner","high",,FALSE,0,TRUE,""
"exp3","exp3_069","8_Ide_Cvb_Aff_1",100,"8","experimental","affirmative","ideophone","converbial","manner","high",,FALSE,0,TRUE,""
"exp3","exp3_069","7_NonIde_Cvb_Neg_1",90,"7","experimental","negative","nonideophone","converbial","manner","high",,FALSE,0,TRUE,""
"exp3","exp3_069","7_Ide_Cvb_Neg_1",70,"7","experimental","negative","ideophone","converbial","manner","high",,FALSE,0,TRUE,""
"exp3","exp3_069","6_NonIde_Red_Aff_1",90,"6","experimental","affirmative","nonideophone","reduplication","manner","low",,FALSE,0,TRUE,""
"exp3","exp3_069","6_Ide_Red_Aff_1",100,"6","experimental","affirmative","ideophone","reduplication","manner","low",,FALSE,0,TRUE,""
"exp3","exp3_069","5_NonIde_Red_Neg_1",60,"5","experimental","negative","nonideophone","reduplication","manner","low",,FALSE,0,TRUE,""
"exp3","exp3_069","5_Ide_Red_Neg_1",70,"5","experimental","negative","ideophone","reduplication","manner","low",,FALSE,0,TRUE,""
"exp3","exp3_069","4_NonIde_RegMod_Aff_1",100,"4","experimental","affirmative","nonideophone","manner","manner",,,FALSE,0,TRUE,""
"exp3","exp3_069","4_Ide_RegMod_Aff_1",100,"4","experimental","affirmative","ideophone","manner","manner",,,FALSE,0,TRUE,""
"exp3","exp3_069","3_NonIde_RegMod_Neg_1",60,"3","experimental","negative","nonideophone","manner","manner",,,FALSE,0,TRUE,""
"exp3","exp3_069","3_Ide_RegMod_Neg_1",60,"3","experimental","negative","ideophone","manner","manner",,,FALSE,0,TRUE,""
"exp3","exp3_069","2_NonIde_Cont_Aff_1",100,"2","experimental","affirmative","nonideophone","temporal","temporal",,,FALSE,0,TRUE,""
"exp3","exp3_069","2_Ide_Cont_Aff_1",100,"2","experimental","affirmative","ideophone","temporal","temporal",,,FALSE,0,TRUE,""
"exp3","exp3_069","1_NonIde_Cont_Neg_1",30,"1","experimental","negative","nonideophone","temporal","temporal",,,FALSE,0,TRUE,""
"exp3","exp3_069","1_Ide_Cont_Neg_1",90,"1","experimental","negative","ideophone","temporal","temporal",,,FALSE,0,TRUE,""
"exp3","exp3_070","Filler_Neg_UnGr_1_34",0,,"catch","negative",,,,,"ungrammatical",FALSE,0,TRUE,""
"exp3","exp3_070","Filler_Neg_UnGr_1_30",0,,"catch","negative",,,,,"ungrammatical",FALSE,0,TRUE,""
"exp3","exp3_070","Filler_Neg_Gr_1_33",100,,"catch","negative",,,,,"grammatical",FALSE,0,TRUE,""
"exp3","exp3_070","Filler_Neg_Gr_1_31",64,,"catch","negative",,,,,"grammatical",FALSE,0,TRUE,""
"exp3","exp3_070","Filler_Aff_UnGr_1_35",0,,"catch","affirmative",,,,,"ungrammatical",FALSE,0,TRUE,""
"exp3","exp3_070","Filler_Aff_UnGr_1_32",0,,"catch","affirmative",,,,,"ungrammatical",FALSE,0,TRUE,""
"exp3","exp3_070","Filler_Aff_Gr_1_36",72,,"catch","affirmative",,,,,"grammatical",FALSE,0,TRUE,""
"exp3","exp3_070","Filler_Aff_Gr_1_29",100,,"catch","affirmative",,,,,"grammatical",FALSE,0,TRUE,""
"exp3","exp3_070","8_NonIde_Red_Neg_1",65,"8","experimental","negative","nonideophone","reduplication","manner","low",,FALSE,0,TRUE,""
"exp3","exp3_070","8_Ide_Red_Neg_1",66,"8","experimental","negative","ideophone","reduplication","manner","low",,FALSE,0,TRUE,""
"exp3","exp3_070","7_NonIde_RegMod_Aff_1",100,"7","experimental","affirmative","nonideophone","manner","manner",,,FALSE,0,TRUE,""
"exp3","exp3_070","7_Ide_RegMod_Aff_1",100,"7","experimental","affirmative","ideophone","manner","manner",,,FALSE,0,TRUE,""
"exp3","exp3_070","6_NonIde_RegMod_Neg_1",62,"6","experimental","negative","nonideophone","manner","manner",,,FALSE,0,TRUE,""
"exp3","exp3_070","6_Ide_RegMod_Neg_1",67,"6","experimental","negative","ideophone","manner","manner",,,FALSE,0,TRUE,""
"exp3","exp3_070","5_NonIde_Cont_Aff_1",100,"5","experimental","affirmative","nonideophone","temporal","temporal",,,FALSE,0,TRUE,""
"exp3","exp3_070","5_Ide_Cont_Aff_1",100,"5","experimental","affirmative","ideophone","temporal","temporal",,,FALSE,0,TRUE,""
"exp3","exp3_070","4_NonIde_Cont_Neg_1",67,"4","experimental","negative","nonideophone","temporal","temporal",,,FALSE,0,TRUE,""
"exp3","exp3_070","4_Ide_Cont_Neg_1",69,"4","experimental","negative","ideophone","temporal","temporal",,,FALSE,0,TRUE,""
"exp3","exp3_070","3_NonIde_Cvb_Aff_1",100,"3","experimental","affirmative","nonideophone","converbial","manner","high",,FALSE,0,TRUE,""
"exp3","exp3_070","3_Ide_Cvb_Aff_1",100,"3","experimental","affirmative","ideophone","converbial","manner","high",,FALSE,0,TRUE,""
"exp3","exp3_070","2_NonIde_Cvb_Neg_1",73,"2","experimental","negative","nonideophone","converbial","manner","high",,FALSE,0,TRUE,""
"exp3","exp3_070","2_Ide_Cvb_Neg_1",75,"2","experimental","negative","ideophone","converbial","manner","high",,FALSE,0,TRUE,""
"exp3","exp3_070","1_NonIde_Red_Aff_1",100,"1","experimental","affirmative","nonideophone","reduplication","manner","low",,FALSE,0,TRUE,""
"exp3","exp3_070","1_Ide_Red_Aff_1",100,"1","experimental","affirmative","ideophone","reduplication","manner","low",,FALSE,0,TRUE,""
"exp3","exp3_071","Filler_Neg_UnGr_1_50",0,,"catch","negative",,,,,"ungrammatical",FALSE,0,TRUE,""
"exp3","exp3_071","Filler_Neg_UnGr_1_45",0,,"catch","negative",,,,,"ungrammatical",FALSE,0,TRUE,""
"exp3","exp3_071","Filler_Neg_Gr_1_49",100,,"catch","negative",,,,,"grammatical",FALSE,0,TRUE,""
"exp3","exp3_071","Filler_Neg_Gr_1_47",100,,"catch","negative",,,,,"grammatical",FALSE,0,TRUE,""
"exp3","exp3_071","Filler_Aff_UnGr_1_51",0,,"catch","affirmative",,,,,"ungrammatical",FALSE,0,TRUE,""
"exp3","exp3_071","Filler_Aff_UnGr_1_48",0,,"catch","affirmative",,,,,"ungrammatical",FALSE,0,TRUE,""
"exp3","exp3_071","Filler_Aff_Gr_1_52",100,,"catch","affirmative",,,,,"grammatical",FALSE,0,TRUE,""
"exp3","exp3_071","Filler_Aff_Gr_1_46",100,,"catch","affirmative",,,,,"grammatical",FALSE,0,TRUE,""
"exp3","exp3_071","8_NonIde_RegMod_Neg_1",66,"8","experimental","negative","nonideophone","manner","manner",,,FALSE,0,TRUE,""
"exp3","exp3_071","8_Ide_RegMod_Neg_1",38,"8","experimental","negative","ideophone","manner","manner",,,FALSE,0,TRUE,""
"exp3","exp3_071","7_NonIde_Cont_Aff_1",100,"7","experimental","affirmative","nonideophone","temporal","temporal",,,FALSE,0,TRUE,""
"exp3","exp3_071","7_Ide_Cont_Aff_1",100,"7","experimental","affirmative","ideophone","temporal","temporal",,,FALSE,0,TRUE,""
"exp3","exp3_071","6_NonIde_Cont_Neg_1",100,"6","experimental","negative","nonideophone","temporal","temporal",,,FALSE,0,TRUE,""
"exp3","exp3_071","6_Ide_Cont_Neg_1",86,"6","experimental","negative","ideophone","temporal","temporal",,,FALSE,0,TRUE,""
"exp3","exp3_071","5_NonIde_Cvb_Aff_1",100,"5","experimental","affirmative","nonideophone","converbial","manner","high",,FALSE,0,TRUE,""
"exp3","exp3_071","5_Ide_Cvb_Aff_1",90,"5","experimental","affirmative","ideophone","converbial","manner","high",,FALSE,0,TRUE,""
"exp3","exp3_071","4_NonIde_Cvb_Neg_1",85,"4","experimental","negative","nonideophone","converbial","manner","high",,FALSE,0,TRUE,""
"exp3","exp3_071","4_Ide_Cvb_Neg_1",100,"4","experimental","negative","ideophone","converbial","manner","high",,FALSE,0,TRUE,""
"exp3","exp3_071","3_NonIde_Red_Aff_1",90,"3","experimental","affirmative","nonideophone","reduplication","manner","low",,FALSE,0,TRUE,""
"exp3","exp3_071","3_Ide_Red_Aff_1",91,"3","experimental","affirmative","ideophone","reduplication","manner","low",,FALSE,0,TRUE,""
"exp3","exp3_071","2_NonIde_Red_Neg_1",89,"2","experimental","negative","nonideophone","reduplication","manner","low",,FALSE,0,TRUE,""
"exp3","exp3_071","2_Ide_Red_Neg_1",89,"2","experimental","negative","ideophone","reduplication","manner","low",,FALSE,0,TRUE,""
"exp3","exp3_071","1_NonIde_RegMod_Aff_1",100,"1","experimental","affirmative","nonideophone","manner","manner",,,FALSE,0,TRUE,""
"exp3","exp3_071","1_Ide_RegMod_Aff_1",100,"1","experimental","affirmative","ideophone","manner","manner",,,FALSE,0,TRUE,""
"exp3","exp3_072","Filler_Neg_UnGr_1_34",0,,"catch","negative",,,,,"ungrammatical",FALSE,0,TRUE,""
"exp3","exp3_072","Filler_Neg_UnGr_1_30",0,,"catch","negative",,,,,"ungrammatical",FALSE,0,TRUE,""
"exp3","exp3_072","Filler_Neg_Gr_1_33",100,,"catch","negative",,,,,"grammatical",FALSE,0,TRUE,""
"exp3","exp3_072","Filler_Neg_Gr_1_31",60,,"catch","negative",,,,,"grammatical",FALSE,0,TRUE,""
"exp3","exp3_072","Filler_Aff_UnGr_1_35",0,,"catch","affirmative",,,,,"ungrammatical",FALSE,0,TRUE,""
"exp3","exp3_072","Filler_Aff_UnGr_1_32",0,,"catch","affirmative",,,,,"ungrammatical",FALSE,0,TRUE,""
"exp3","exp3_072","Filler_Aff_Gr_1_36",100,,"catch","affirmative",,,,,"grammatical",FALSE,0,TRUE,""
"exp3","exp3_072","Filler_Aff_Gr_1_29",100,,"catch","affirmative",,,,,"grammatical",FALSE,0,TRUE,""
"exp3","exp3_072","8_NonIde_Red_Neg_1",60,"8","experimental","negative","nonideophone","reduplication","manner","low",,FALSE,0,TRUE,""
"exp3","exp3_072","8_Ide_Red_Neg_1",60,"8","experimental","negative","ideophone","reduplication","manner","low",,FALSE,0,TRUE,""
"exp3","exp3_072","7_NonIde_RegMod_Aff_1",100,"7","experimental","affirmative","nonideophone","manner","manner",,,FALSE,0,TRUE,""
"exp3","exp3_072","7_Ide_RegMod_Aff_1",100,"7","experimental","affirmative","ideophone","manner","manner",,,FALSE,0,TRUE,""
"exp3","exp3_072","6_NonIde_RegMod_Neg_1",80,"6","experimental","negative","nonideophone","manner","manner",,,FALSE,0,TRUE,""
"exp3","exp3_072","6_Ide_RegMod_Neg_1",60,"6","experimental","negative","ideophone","manner","manner",,,FALSE,0,TRUE,""
"exp3","exp3_072","5_NonIde_Cont_Aff_1",80,"5","experimental","affirmative","nonideophone","temporal","temporal",,,FALSE,0,TRUE,""
"exp3","exp3_072","5_Ide_Cont_Aff_1",100,"5","experimental","affirmative","ideophone","temporal","temporal",,,FALSE,0,TRUE,""
"exp3","exp3_072","4_NonIde_Cont_Neg_1",60,"4","experimental","negative","nonideophone","temporal","temporal",,,FALSE,0,TRUE,""
"exp3","exp3_072","4_Ide_Cont_Neg_1",100,"4","experimental","negative","ideophone","temporal","temporal",,,FALSE,0,TRUE,""
"exp3","exp3_072","3_NonIde_Cvb_Aff_1",90,"3","experimental","affirmative","nonideophone","converbial","manner","high",,FALSE,0,TRUE,""
"exp3","exp3_072","3_Ide_Cvb_Aff_1",100,"3","experimental","affirmative","ideophone","converbial","manner","high",,FALSE,0,TRUE,""
"exp3","exp3_072","2_NonIde_Cvb_Neg_1",70,"2","experimental","negative","nonideophone","converbial","manner","high",,FALSE,0,TRUE,""
"exp3","exp3_072","2_Ide_Cvb_Neg_1",0,"2","experimental","negative","ideophone","converbial","manner","high",,FALSE,0,TRUE,""
"exp3","exp3_072","1_NonIde_Red_Aff_1",90,"1","experimental","affirmative","nonideophone","reduplication","manner","low",,FALSE,0,TRUE,""
"exp3","exp3_072","1_Ide_Red_Aff_1",100,"1","experimental","affirmative","ideophone","reduplication","manner","low",,FALSE,0,TRUE,""
"exp3","exp3_073","Filler_Neg_UnGr_1_43",0,,"catch","negative",,,,,"ungrammatical",FALSE,0,TRUE,""
"exp3","exp3_073","Filler_Neg_UnGr_1_40",0,,"catch","negative",,,,,"ungrammatical",FALSE,0,TRUE,""
"exp3","exp3_073","Filler_Neg_Gr_1_44",86,,"catch","negative",,,,,"grammatical",FALSE,0,TRUE,""
"exp3","exp3_073","Filler_Neg_Gr_1_38",5,,"catch","negative",,,,,"grammatical",FALSE,0,TRUE,""
"exp3","exp3_073","Filler_Aff_UnGr_1_42",0,,"catch","affirmative",,,,,"ungrammatical",FALSE,0,TRUE,""
"exp3","exp3_073","Filler_Aff_UnGr_1_37",0,,"catch","affirmative",,,,,"ungrammatical",FALSE,0,TRUE,""
"exp3","exp3_073","Filler_Aff_Gr_1_41",100,,"catch","affirmative",,,,,"grammatical",FALSE,0,TRUE,""
"exp3","exp3_073","Filler_Aff_Gr_1_39",100,,"catch","affirmative",,,,,"grammatical",FALSE,0,TRUE,""
"exp3","exp3_073","8_NonIde_RegMod_Aff_1",100,"8","experimental","affirmative","nonideophone","manner","manner",,,FALSE,0,TRUE,""
"exp3","exp3_073","8_Ide_RegMod_Aff_1",100,"8","experimental","affirmative","ideophone","manner","manner",,,FALSE,0,TRUE,""
"exp3","exp3_073","7_NonIde_RegMod_Neg_1",0,"7","experimental","negative","nonideophone","manner","manner",,,FALSE,0,TRUE,""
"exp3","exp3_073","7_Ide_RegMod_Neg_1",0,"7","experimental","negative","ideophone","manner","manner",,,FALSE,0,TRUE,""
"exp3","exp3_073","6_NonIde_Cont_Aff_1",100,"6","experimental","affirmative","nonideophone","temporal","temporal",,,FALSE,0,TRUE,""
"exp3","exp3_073","6_Ide_Cont_Aff_1",86,"6","experimental","affirmative","ideophone","temporal","temporal",,,FALSE,0,TRUE,""
"exp3","exp3_073","5_NonIde_Cont_Neg_1",0,"5","experimental","negative","nonideophone","temporal","temporal",,,FALSE,0,TRUE,""
"exp3","exp3_073","5_Ide_Cont_Neg_1",0,"5","experimental","negative","ideophone","temporal","temporal",,,FALSE,0,TRUE,""
"exp3","exp3_073","4_NonIde_Cvb_Aff_1",100,"4","experimental","affirmative","nonideophone","converbial","manner","high",,FALSE,0,TRUE,""
"exp3","exp3_073","4_Ide_Cvb_Aff_1",100,"4","experimental","affirmative","ideophone","converbial","manner","high",,FALSE,0,TRUE,""
"exp3","exp3_073","3_NonIde_Cvb_Neg_1",0,"3","experimental","negative","nonideophone","converbial","manner","high",,FALSE,0,TRUE,""
"exp3","exp3_073","3_Ide_Cvb_Neg_1",0,"3","experimental","negative","ideophone","converbial","manner","high",,FALSE,0,TRUE,""
"exp3","exp3_073","2_NonIde_Red_Aff_1",80,"2","experimental","affirmative","nonideophone","reduplication","manner","low",,FALSE,0,TRUE,""
"exp3","exp3_073","2_Ide_Red_Aff_1",100,"2","experimental","affirmative","ideophone","reduplication","manner","low",,FALSE,0,TRUE,""
"exp3","exp3_073","1_NonIde_Red_Neg_1",0,"1","experimental","negative","nonideophone","reduplication","manner","low",,FALSE,0,TRUE,""
"exp3","exp3_073","1_Ide_Red_Neg_1",0,"1","experimental","negative","ideophone","reduplication","manner","low",,FALSE,0,TRUE,""
"exp3","exp3_074","Filler_Neg_UnGr_1_34",0,,"catch","negative",,,,,"ungrammatical",FALSE,0,TRUE,""
"exp3","exp3_074","Filler_Neg_UnGr_1_30",0,,"catch","negative",,,,,"ungrammatical",FALSE,0,TRUE,""
"exp3","exp3_074","Filler_Neg_Gr_1_33",100,,"catch","negative",,,,,"grammatical",FALSE,0,TRUE,""
"exp3","exp3_074","Filler_Neg_Gr_1_31",100,,"catch","negative",,,,,"grammatical",FALSE,0,TRUE,""
"exp3","exp3_074","Filler_Aff_UnGr_1_35",0,,"catch","affirmative",,,,,"ungrammatical",FALSE,0,TRUE,""
"exp3","exp3_074","Filler_Aff_UnGr_1_32",0,,"catch","affirmative",,,,,"ungrammatical",FALSE,0,TRUE,""
"exp3","exp3_074","Filler_Aff_Gr_1_36",100,,"catch","affirmative",,,,,"grammatical",FALSE,0,TRUE,""
"exp3","exp3_074","Filler_Aff_Gr_1_29",100,,"catch","affirmative",,,,,"grammatical",FALSE,0,TRUE,""
"exp3","exp3_074","8_NonIde_Red_Neg_1",36,"8","experimental","negative","nonideophone","reduplication","manner","low",,FALSE,0,TRUE,""
"exp3","exp3_074","8_Ide_Red_Neg_1",33,"8","experimental","negative","ideophone","reduplication","manner","low",,FALSE,0,TRUE,""
"exp3","exp3_074","7_NonIde_RegMod_Aff_1",100,"7","experimental","affirmative","nonideophone","manner","manner",,,FALSE,0,TRUE,""
"exp3","exp3_074","7_Ide_RegMod_Aff_1",100,"7","experimental","affirmative","ideophone","manner","manner",,,FALSE,0,TRUE,""
"exp3","exp3_074","6_NonIde_RegMod_Neg_1",68,"6","experimental","negative","nonideophone","manner","manner",,,FALSE,0,TRUE,""
"exp3","exp3_074","6_Ide_RegMod_Neg_1",31,"6","experimental","negative","ideophone","manner","manner",,,FALSE,0,TRUE,""
"exp3","exp3_074","5_NonIde_Cont_Aff_1",77,"5","experimental","affirmative","nonideophone","temporal","temporal",,,FALSE,0,TRUE,""
"exp3","exp3_074","5_Ide_Cont_Aff_1",80,"5","experimental","affirmative","ideophone","temporal","temporal",,,FALSE,0,TRUE,""
"exp3","exp3_074","4_NonIde_Cont_Neg_1",63,"4","experimental","negative","nonideophone","temporal","temporal",,,FALSE,0,TRUE,""
"exp3","exp3_074","4_Ide_Cont_Neg_1",100,"4","experimental","negative","ideophone","temporal","temporal",,,FALSE,0,TRUE,""
"exp3","exp3_074","3_NonIde_Cvb_Aff_1",100,"3","experimental","affirmative","nonideophone","converbial","manner","high",,FALSE,0,TRUE,""
"exp3","exp3_074","3_Ide_Cvb_Aff_1",100,"3","experimental","affirmative","ideophone","converbial","manner","high",,FALSE,0,TRUE,""
"exp3","exp3_074","2_NonIde_Cvb_Neg_1",64,"2","experimental","negative","nonideophone","converbial","manner","high",,FALSE,0,TRUE,""
"exp3","exp3_074","2_Ide_Cvb_Neg_1",73,"2","experimental","negative","ideophone","converbial","manner","high",,FALSE,0,TRUE,""
"exp3","exp3_074","1_NonIde_Red_Aff_1",67,"1","experimental","affirmative","nonideophone","reduplication","manner","low",,FALSE,0,TRUE,""
"exp3","exp3_074","1_Ide_Red_Aff_1",100,"1","experimental","affirmative","ideophone","reduplication","manner","low",,FALSE,0,TRUE,""
"exp3","exp3_075","Filler_Neg_UnGr_1_27",0,,"catch","negative",,,,,"ungrammatical",FALSE,0,TRUE,""
"exp3","exp3_075","Filler_Neg_UnGr_1_24",0,,"catch","negative",,,,,"ungrammatical",FALSE,0,TRUE,""
"exp3","exp3_075","Filler_Neg_Gr_1_28",77,,"catch","negative",,,,,"grammatical",FALSE,0,TRUE,""
"exp3","exp3_075","Filler_Neg_Gr_1_21",96,,"catch","negative",,,,,"grammatical",FALSE,0,TRUE,""
"exp3","exp3_075","Filler_Aff_UnGr_1_26",0,,"catch","affirmative",,,,,"ungrammatical",FALSE,0,TRUE,""
"exp3","exp3_075","Filler_Aff_UnGr_1_22",3,,"catch","affirmative",,,,,"ungrammatical",FALSE,0,TRUE,""
"exp3","exp3_075","Filler_Aff_Gr_1_25",66,,"catch","affirmative",,,,,"grammatical",FALSE,0,TRUE,""
"exp3","exp3_075","Filler_Aff_Gr_1_23",100,,"catch","affirmative",,,,,"grammatical",FALSE,0,TRUE,""
"exp3","exp3_075","8_NonIde_Red_Aff_1",12,"8","experimental","affirmative","nonideophone","reduplication","manner","low",,FALSE,0,TRUE,""
"exp3","exp3_075","8_Ide_Red_Aff_1",83,"8","experimental","affirmative","ideophone","reduplication","manner","low",,FALSE,0,TRUE,""
"exp3","exp3_075","7_NonIde_Red_Neg_1",14,"7","experimental","negative","nonideophone","reduplication","manner","low",,FALSE,0,TRUE,""
"exp3","exp3_075","7_Ide_Red_Neg_1",4,"7","experimental","negative","ideophone","reduplication","manner","low",,FALSE,0,TRUE,""
"exp3","exp3_075","6_NonIde_RegMod_Aff_1",62,"6","experimental","affirmative","nonideophone","manner","manner",,,FALSE,0,TRUE,""
"exp3","exp3_075","6_Ide_RegMod_Aff_1",94,"6","experimental","affirmative","ideophone","manner","manner",,,FALSE,0,TRUE,""
"exp3","exp3_075","5_NonIde_RegMod_Neg_1",3,"5","experimental","negative","nonideophone","manner","manner",,,FALSE,0,TRUE,""
"exp3","exp3_075","5_Ide_RegMod_Neg_1",19,"5","experimental","negative","ideophone","manner","manner",,,FALSE,0,TRUE,""
"exp3","exp3_075","4_NonIde_Cont_Aff_1",89,"4","experimental","affirmative","nonideophone","temporal","temporal",,,FALSE,0,TRUE,""
"exp3","exp3_075","4_Ide_Cont_Aff_1",53,"4","experimental","affirmative","ideophone","temporal","temporal",,,FALSE,0,TRUE,""
"exp3","exp3_075","3_NonIde_Cont_Neg_1",46,"3","experimental","negative","nonideophone","temporal","temporal",,,FALSE,0,TRUE,""
"exp3","exp3_075","3_Ide_Cont_Neg_1",14,"3","experimental","negative","ideophone","temporal","temporal",,,FALSE,0,TRUE,""
"exp3","exp3_075","2_NonIde_Cvb_Aff_1",78,"2","experimental","affirmative","nonideophone","converbial","manner","high",,FALSE,0,TRUE,""
"exp3","exp3_075","2_Ide_Cvb_Aff_1",65,"2","experimental","affirmative","ideophone","converbial","manner","high",,FALSE,0,TRUE,""
"exp3","exp3_075","1_NonIde_Cvb_Neg_1",22,"1","experimental","negative","nonideophone","converbial","manner","high",,FALSE,0,TRUE,""
"exp3","exp3_075","1_Ide_Cvb_Neg_1",18,"1","experimental","negative","ideophone","converbial","manner","high",,FALSE,0,TRUE,""
"exp3","exp3_076","Filler_Neg_UnGr_1_27",0,,"catch","negative",,,,,"ungrammatical",FALSE,0,TRUE,""
"exp3","exp3_076","Filler_Neg_UnGr_1_24",0,,"catch","negative",,,,,"ungrammatical",FALSE,0,TRUE,""
"exp3","exp3_076","Filler_Neg_Gr_1_28",25,,"catch","negative",,,,,"grammatical",FALSE,0,TRUE,""
"exp3","exp3_076","Filler_Neg_Gr_1_21",0,,"catch","negative",,,,,"grammatical",FALSE,0,TRUE,""
"exp3","exp3_076","Filler_Aff_UnGr_1_26",0,,"catch","affirmative",,,,,"ungrammatical",FALSE,0,TRUE,""
"exp3","exp3_076","Filler_Aff_UnGr_1_22",0,,"catch","affirmative",,,,,"ungrammatical",FALSE,0,TRUE,""
"exp3","exp3_076","Filler_Aff_Gr_1_25",100,,"catch","affirmative",,,,,"grammatical",FALSE,0,TRUE,""
"exp3","exp3_076","Filler_Aff_Gr_1_23",100,,"catch","affirmative",,,,,"grammatical",FALSE,0,TRUE,""
"exp3","exp3_076","8_NonIde_Red_Aff_1",100,"8","experimental","affirmative","nonideophone","reduplication","manner","low",,FALSE,0,TRUE,""
"exp3","exp3_076","8_Ide_Red_Aff_1",100,"8","experimental","affirmative","ideophone","reduplication","manner","low",,FALSE,0,TRUE,""
"exp3","exp3_076","7_NonIde_Red_Neg_1",13,"7","experimental","negative","nonideophone","reduplication","manner","low",,FALSE,0,TRUE,""
"exp3","exp3_076","7_Ide_Red_Neg_1",8,"7","experimental","negative","ideophone","reduplication","manner","low",,FALSE,0,TRUE,""
"exp3","exp3_076","6_NonIde_RegMod_Aff_1",100,"6","experimental","affirmative","nonideophone","manner","manner",,,FALSE,0,TRUE,""
"exp3","exp3_076","6_Ide_RegMod_Aff_1",100,"6","experimental","affirmative","ideophone","manner","manner",,,FALSE,0,TRUE,""
"exp3","exp3_076","5_NonIde_RegMod_Neg_1",15,"5","experimental","negative","nonideophone","manner","manner",,,FALSE,0,TRUE,""
"exp3","exp3_076","5_Ide_RegMod_Neg_1",0,"5","experimental","negative","ideophone","manner","manner",,,FALSE,0,TRUE,""
"exp3","exp3_076","4_NonIde_Cont_Aff_1",100,"4","experimental","affirmative","nonideophone","temporal","temporal",,,FALSE,0,TRUE,""
"exp3","exp3_076","4_Ide_Cont_Aff_1",100,"4","experimental","affirmative","ideophone","temporal","temporal",,,FALSE,0,TRUE,""
"exp3","exp3_076","3_NonIde_Cont_Neg_1",21,"3","experimental","negative","nonideophone","temporal","temporal",,,FALSE,0,TRUE,""
"exp3","exp3_076","3_Ide_Cont_Neg_1",27,"3","experimental","negative","ideophone","temporal","temporal",,,FALSE,0,TRUE,""
"exp3","exp3_076","2_NonIde_Cvb_Aff_1",100,"2","experimental","affirmative","nonideophone","converbial","manner","high",,FALSE,0,TRUE,""
"exp3","exp3_076","2_Ide_Cvb_Aff_1",100,"2","experimental","affirmative","ideophone","converbial","manner","high",,FALSE,0,TRUE,""
"exp3","exp3_076","1_NonIde_Cvb_Neg_1",19,"1","experimental","negative","nonideophone","converbial","manner","high",,FALSE,0,TRUE,""
"exp3","exp3_076","1_Ide_Cvb_Neg_1",12,"1","experimental","negative","ideophone","converbial","manner","high",,FALSE,0,TRUE,""
"exp3","exp3_077","Filler_Neg_UnGr_1_27",0,,"catch","negative",,,,,"ungrammatical",FALSE,0,TRUE,""
"exp3","exp3_077","Filler_Neg_UnGr_1_24",0,,"catch","negative",,,,,"ungrammatical",FALSE,0,TRUE,""
"exp3","exp3_077","Filler_Neg_Gr_1_28",100,,"catch","negative",,,,,"grammatical",FALSE,0,TRUE,""
"exp3","exp3_077","Filler_Neg_Gr_1_21",100,,"catch","negative",,,,,"grammatical",FALSE,0,TRUE,""
"exp3","exp3_077","Filler_Aff_UnGr_1_26",0,,"catch","affirmative",,,,,"ungrammatical",FALSE,0,TRUE,""
"exp3","exp3_077","Filler_Aff_UnGr_1_22",0,,"catch","affirmative",,,,,"ungrammatical",FALSE,0,TRUE,""
"exp3","exp3_077","Filler_Aff_Gr_1_25",100,,"catch","affirmative",,,,,"grammatical",FALSE,0,TRUE,""
"exp3","exp3_077","Filler_Aff_Gr_1_23",100,,"catch","affirmative",,,,,"grammatical",FALSE,0,TRUE,""
"exp3","exp3_077","8_NonIde_Red_Aff_1",85,"8","experimental","affirmative","nonideophone","reduplication","manner","low",,FALSE,0,TRUE,""
"exp3","exp3_077","8_Ide_Red_Aff_1",100,"8","experimental","affirmative","ideophone","reduplication","manner","low",,FALSE,0,TRUE,""
"exp3","exp3_077","7_NonIde_Red_Neg_1",0,"7","experimental","negative","nonideophone","reduplication","manner","low",,FALSE,0,TRUE,""
"exp3","exp3_077","7_Ide_Red_Neg_1",100,"7","experimental","negative","ideophone","reduplication","manner","low",,FALSE,0,TRUE,""
"exp3","exp3_077","6_NonIde_RegMod_Aff_1",100,"6","experimental","affirmative","nonideophone","manner","manner",,,FALSE,0,TRUE,""
"exp3","exp3_077","6_Ide_RegMod_Aff_1",100,"6","experimental","affirmative","ideophone","manner","manner",,,FALSE,0,TRUE,""
"exp3","exp3_077","5_NonIde_RegMod_Neg_1",50,"5","experimental","negative","nonideophone","manner","manner",,,FALSE,0,TRUE,""
"exp3","exp3_077","5_Ide_RegMod_Neg_1",100,"5","experimental","negative","ideophone","manner","manner",,,FALSE,0,TRUE,""
"exp3","exp3_077","4_NonIde_Cont_Aff_1",100,"4","experimental","affirmative","nonideophone","temporal","temporal",,,FALSE,0,TRUE,""
"exp3","exp3_077","4_Ide_Cont_Aff_1",100,"4","experimental","affirmative","ideophone","temporal","temporal",,,FALSE,0,TRUE,""
"exp3","exp3_077","3_NonIde_Cont_Neg_1",100,"3","experimental","negative","nonideophone","temporal","temporal",,,FALSE,0,TRUE,""
"exp3","exp3_077","3_Ide_Cont_Neg_1",100,"3","experimental","negative","ideophone","temporal","temporal",,,FALSE,0,TRUE,""
"exp3","exp3_077","2_NonIde_Cvb_Aff_1",100,"2","experimental","affirmative","nonideophone","converbial","manner","high",,FALSE,0,TRUE,""
"exp3","exp3_077","2_Ide_Cvb_Aff_1",100,"2","experimental","affirmative","ideophone","converbial","manner","high",,FALSE,0,TRUE,""
"exp3","exp3_077","1_NonIde_Cvb_Neg_1",0,"1","experimental","negative","nonideophone","converbial","manner","high",,FALSE,0,TRUE,""
"exp3","exp3_077","1_Ide_Cvb_Neg_1",76,"1","experimental","negative","ideophone","converbial","manner","high",,FALSE,0,TRUE,""
"exp3","exp3_078","Filler_Neg_UnGr_1_11",0,,"catch","negative",,,,,"ungrammatical",FALSE,0,TRUE,""
"exp3","exp3_078","Filler_Neg_UnGr_1_10",0,,"catch","negative",,,,,"ungrammatical",FALSE,0,TRUE,""
"exp3","exp3_078","Filler_Neg_Gr_1_7",10,,"catch","negative",,,,,"grammatical",FALSE,0,TRUE,""
"exp3","exp3_078","Filler_Neg_Gr_1_12",80,,"catch","negative",,,,,"grammatical",FALSE,0,TRUE,""
"exp3","exp3_078","Filler_Aff_UnGr_1_9",0,,"catch","affirmative",,,,,"ungrammatical",FALSE,0,TRUE,""
"exp3","exp3_078","Filler_Aff_UnGr_1_6",0,,"catch","affirmative",,,,,"ungrammatical",FALSE,0,TRUE,""
"exp3","exp3_078","Filler_Aff_Gr_1_8",100,,"catch","affirmative",,,,,"grammatical",FALSE,0,TRUE,""
"exp3","exp3_078","Filler_Aff_Gr_1_5",100,,"catch","affirmative",,,,,"grammatical",FALSE,0,TRUE,""
"exp3","exp3_078","8_NonIde_Cvb_Aff_1",100,"8","experimental","affirmative","nonideophone","converbial","manner","high",,FALSE,0,TRUE,""
"exp3","exp3_078","8_Ide_Cvb_Aff_1",100,"8","experimental","affirmative","ideophone","converbial","manner","high",,FALSE,0,TRUE,""
"exp3","exp3_078","7_NonIde_Cvb_Neg_1",24,"7","experimental","negative","nonideophone","converbial","manner","high",,FALSE,0,TRUE,""
"exp3","exp3_078","7_Ide_Cvb_Neg_1",0,"7","experimental","negative","ideophone","converbial","manner","high",,FALSE,0,TRUE,""
"exp3","exp3_078","6_NonIde_Red_Aff_1",100,"6","experimental","affirmative","nonideophone","reduplication","manner","low",,FALSE,0,TRUE,""
"exp3","exp3_078","6_Ide_Red_Aff_1",100,"6","experimental","affirmative","ideophone","reduplication","manner","low",,FALSE,0,TRUE,""
"exp3","exp3_078","5_NonIde_Red_Neg_1",24,"5","experimental","negative","nonideophone","reduplication","manner","low",,FALSE,0,TRUE,""
"exp3","exp3_078","5_Ide_Red_Neg_1",0,"5","experimental","negative","ideophone","reduplication","manner","low",,FALSE,0,TRUE,""
"exp3","exp3_078","4_NonIde_RegMod_Aff_1",100,"4","experimental","affirmative","nonideophone","manner","manner",,,FALSE,0,TRUE,""
"exp3","exp3_078","4_Ide_RegMod_Aff_1",100,"4","experimental","affirmative","ideophone","manner","manner",,,FALSE,0,TRUE,""
"exp3","exp3_078","3_NonIde_RegMod_Neg_1",0,"3","experimental","negative","nonideophone","manner","manner",,,FALSE,0,TRUE,""
"exp3","exp3_078","3_Ide_RegMod_Neg_1",0,"3","experimental","negative","ideophone","manner","manner",,,FALSE,0,TRUE,""
"exp3","exp3_078","2_NonIde_Cont_Aff_1",100,"2","experimental","affirmative","nonideophone","temporal","temporal",,,FALSE,0,TRUE,""
"exp3","exp3_078","2_Ide_Cont_Aff_1",90,"2","experimental","affirmative","ideophone","temporal","temporal",,,FALSE,0,TRUE,""
"exp3","exp3_078","1_NonIde_Cont_Neg_1",0,"1","experimental","negative","nonideophone","temporal","temporal",,,FALSE,0,TRUE,""
"exp3","exp3_078","1_Ide_Cont_Neg_1",60,"1","experimental","negative","ideophone","temporal","temporal",,,FALSE,0,TRUE,""
"exp3","exp3_079","Filler_Neg_UnGr_1_50",0,,"catch","negative",,,,,"ungrammatical",FALSE,1,TRUE,""
"exp3","exp3_079","Filler_Neg_UnGr_1_45",0,,"catch","negative",,,,,"ungrammatical",FALSE,1,TRUE,""
"exp3","exp3_079","Filler_Neg_Gr_1_49",100,,"catch","negative",,,,,"grammatical",FALSE,1,TRUE,""
"exp3","exp3_079","Filler_Neg_Gr_1_47",81,,"catch","negative",,,,,"grammatical",FALSE,1,TRUE,""
"exp3","exp3_079","Filler_Aff_UnGr_1_51",0,,"catch","affirmative",,,,,"ungrammatical",FALSE,1,TRUE,""
"exp3","exp3_079","Filler_Aff_UnGr_1_48",0,,"catch","affirmative",,,,,"ungrammatical",FALSE,1,TRUE,""
"exp3","exp3_079","Filler_Aff_Gr_1_52",2,,"catch","affirmative",,,,,"grammatical",TRUE,1,TRUE,""
"exp3","exp3_079","Filler_Aff_Gr_1_46",74,,"catch","affirmative",,,,,"grammatical",FALSE,1,TRUE,""
"exp3","exp3_079","8_NonIde_RegMod_Neg_1",10,"8","experimental","negative","nonideophone","manner","manner",,,FALSE,1,TRUE,""
"exp3","exp3_079","8_Ide_RegMod_Neg_1",52,"8","experimental","negative","ideophone","manner","manner",,,FALSE,1,TRUE,""
"exp3","exp3_079","7_NonIde_Cont_Aff_1",10,"7","experimental","affirmative","nonideophone","temporal","temporal",,,FALSE,1,TRUE,""
"exp3","exp3_079","7_Ide_Cont_Aff_1",70,"7","experimental","affirmative","ideophone","temporal","temporal",,,FALSE,1,TRUE,""
"exp3","exp3_079","6_NonIde_Cont_Neg_1",16,"6","experimental","negative","nonideophone","temporal","temporal",,,FALSE,1,TRUE,""
"exp3","exp3_079","6_Ide_Cont_Neg_1",0,"6","experimental","negative","ideophone","temporal","temporal",,,FALSE,1,TRUE,""
"exp3","exp3_079","5_NonIde_Cvb_Aff_1",45,"5","experimental","affirmative","nonideophone","converbial","manner","high",,FALSE,1,TRUE,""
"exp3","exp3_079","5_Ide_Cvb_Aff_1",10,"5","experimental","affirmative","ideophone","converbial","manner","high",,FALSE,1,TRUE,""
"exp3","exp3_079","4_NonIde_Cvb_Neg_1",0,"4","experimental","negative","nonideophone","converbial","manner","high",,FALSE,1,TRUE,""
"exp3","exp3_079","4_Ide_Cvb_Neg_1",12,"4","experimental","negative","ideophone","converbial","manner","high",,FALSE,1,TRUE,""
"exp3","exp3_079","3_NonIde_Red_Aff_1",30,"3","experimental","affirmative","nonideophone","reduplication","manner","low",,FALSE,1,TRUE,""
"exp3","exp3_079","3_Ide_Red_Aff_1",50,"3","experimental","affirmative","ideophone","reduplication","manner","low",,FALSE,1,TRUE,""
"exp3","exp3_079","2_NonIde_Red_Neg_1",0,"2","experimental","negative","nonideophone","reduplication","manner","low",,FALSE,1,TRUE,""
"exp3","exp3_079","2_Ide_Red_Neg_1",0,"2","experimental","negative","ideophone","reduplication","manner","low",,FALSE,1,TRUE,""
"exp3","exp3_079","1_NonIde_RegMod_Aff_1",60,"1","experimental","affirmative","nonideophone","manner","manner",,,FALSE,1,TRUE,""
"exp3","exp3_079","1_Ide_RegMod_Aff_1",80,"1","experimental","affirmative","ideophone","manner","manner",,,FALSE,1,TRUE,""
"exp3","exp3_080","Filler_Neg_UnGr_1_34",0,,"catch","negative",,,,,"ungrammatical",FALSE,0,TRUE,""
"exp3","exp3_080","Filler_Neg_UnGr_1_30",0,,"catch","negative",,,,,"ungrammatical",FALSE,0,TRUE,""
"exp3","exp3_080","Filler_Neg_Gr_1_33",100,,"catch","negative",,,,,"grammatical",FALSE,0,TRUE,""
"exp3","exp3_080","Filler_Neg_Gr_1_31",100,,"catch","negative",,,,,"grammatical",FALSE,0,TRUE,""
"exp3","exp3_080","Filler_Aff_UnGr_1_35",0,,"catch","affirmative",,,,,"ungrammatical",FALSE,0,TRUE,""
"exp3","exp3_080","Filler_Aff_UnGr_1_32",0,,"catch","affirmative",,,,,"ungrammatical",FALSE,0,TRUE,""
"exp3","exp3_080","Filler_Aff_Gr_1_36",100,,"catch","affirmative",,,,,"grammatical",FALSE,0,TRUE,""
"exp3","exp3_080","Filler_Aff_Gr_1_29",100,,"catch","affirmative",,,,,"grammatical",FALSE,0,TRUE,""
"exp3","exp3_080","8_NonIde_Red_Neg_1",0,"8","experimental","negative","nonideophone","reduplication","manner","low",,FALSE,0,TRUE,""
"exp3","exp3_080","8_Ide_Red_Neg_1",0,"8","experimental","negative","ideophone","reduplication","manner","low",,FALSE,0,TRUE,""
"exp3","exp3_080","7_NonIde_RegMod_Aff_1",100,"7","experimental","affirmative","nonideophone","manner","manner",,,FALSE,0,TRUE,""
"exp3","exp3_080","7_Ide_RegMod_Aff_1",100,"7","experimental","affirmative","ideophone","manner","manner",,,FALSE,0,TRUE,""
"exp3","exp3_080","6_NonIde_RegMod_Neg_1",0,"6","experimental","negative","nonideophone","manner","manner",,,FALSE,0,TRUE,""
"exp3","exp3_080","6_Ide_RegMod_Neg_1",0,"6","experimental","negative","ideophone","manner","manner",,,FALSE,0,TRUE,""
"exp3","exp3_080","5_NonIde_Cont_Aff_1",100,"5","experimental","affirmative","nonideophone","temporal","temporal",,,FALSE,0,TRUE,""
"exp3","exp3_080","5_Ide_Cont_Aff_1",100,"5","experimental","affirmative","ideophone","temporal","temporal",,,FALSE,0,TRUE,""
"exp3","exp3_080","4_NonIde_Cont_Neg_1",0,"4","experimental","negative","nonideophone","temporal","temporal",,,FALSE,0,TRUE,""
"exp3","exp3_080","4_Ide_Cont_Neg_1",100,"4","experimental","negative","ideophone","temporal","temporal",,,FALSE,0,TRUE,""
"exp3","exp3_080","3_NonIde_Cvb_Aff_1",100,"3","experimental","affirmative","nonideophone","converbial","manner","high",,FALSE,0,TRUE,""
"exp3","exp3_080","3_Ide_Cvb_Aff_1",74,"3","experimental","affirmative","ideophone","converbial","manner","high",,FALSE,0,TRUE,""
"exp3","exp3_080","2_NonIde_Cvb_Neg_1",0,"2","experimental","negative","nonideophone","converbial","manner","high",,FALSE,0,TRUE,""
"exp3","exp3_080","2_Ide_Cvb_Neg_1",10,"2","experimental","negative","ideophone","converbial","manner","high",,FALSE,0,TRUE,""
"exp3","exp3_080","1_NonIde_Red_Aff_1",100,"1","experimental","affirmative","nonideophone","reduplication","manner","low",,FALSE,0,TRUE,""
"exp3","exp3_080","1_Ide_Red_Aff_1",100,"1","experimental","affirmative","ideophone","reduplication","manner","low",,FALSE,0,TRUE,""
"exp3","exp3_081","Filler_Neg_UnGr_1_59",0,,"catch","negative",,,,,"ungrammatical",FALSE,0,TRUE,""
"exp3","exp3_081","Filler_Neg_UnGr_1_56",0,,"catch","negative",,,,,"ungrammatical",FALSE,0,TRUE,""
"exp3","exp3_081","Filler_Neg_Gr_1_60",100,,"catch","negative",,,,,"grammatical",FALSE,0,TRUE,""
"exp3","exp3_081","Filler_Neg_Gr_1_53",0,,"catch","negative",,,,,"grammatical",FALSE,0,TRUE,""
"exp3","exp3_081","Filler_Aff_UnGr_1_58",0,,"catch","affirmative",,,,,"ungrammatical",FALSE,0,TRUE,""
"exp3","exp3_081","Filler_Aff_UnGr_1_54",0,,"catch","affirmative",,,,,"ungrammatical",FALSE,0,TRUE,""
"exp3","exp3_081","Filler_Aff_Gr_1_57",100,,"catch","affirmative",,,,,"grammatical",FALSE,0,TRUE,""
"exp3","exp3_081","Filler_Aff_Gr_1_55",100,,"catch","affirmative",,,,,"grammatical",FALSE,0,TRUE,""
"exp3","exp3_081","8_NonIde_Cont_Aff_1",100,"8","experimental","affirmative","nonideophone","temporal","temporal",,,FALSE,0,TRUE,""
"exp3","exp3_081","8_Ide_Cont_Aff_1",100,"8","experimental","affirmative","ideophone","temporal","temporal",,,FALSE,0,TRUE,""
"exp3","exp3_081","7_NonIde_Cont_Neg_1",71,"7","experimental","negative","nonideophone","temporal","temporal",,,FALSE,0,TRUE,""
"exp3","exp3_081","7_Ide_Cont_Neg_1",0,"7","experimental","negative","ideophone","temporal","temporal",,,FALSE,0,TRUE,""
"exp3","exp3_081","6_NonIde_Cvb_Aff_1",87,"6","experimental","affirmative","nonideophone","converbial","manner","high",,FALSE,0,TRUE,""
"exp3","exp3_081","6_Ide_Cvb_Aff_1",100,"6","experimental","affirmative","ideophone","converbial","manner","high",,FALSE,0,TRUE,""
"exp3","exp3_081","5_NonIde_Cvb_Neg_1",0,"5","experimental","negative","nonideophone","converbial","manner","high",,FALSE,0,TRUE,""
"exp3","exp3_081","5_Ide_Cvb_Neg_1",0,"5","experimental","negative","ideophone","converbial","manner","high",,FALSE,0,TRUE,""
"exp3","exp3_081","4_NonIde_Red_Aff_1",100,"4","experimental","affirmative","nonideophone","reduplication","manner","low",,FALSE,0,TRUE,""
"exp3","exp3_081","4_Ide_Red_Aff_1",100,"4","experimental","affirmative","ideophone","reduplication","manner","low",,FALSE,0,TRUE,""
"exp3","exp3_081","3_NonIde_Red_Neg_1",0,"3","experimental","negative","nonideophone","reduplication","manner","low",,FALSE,0,TRUE,""
"exp3","exp3_081","3_Ide_Red_Neg_1",0,"3","experimental","negative","ideophone","reduplication","manner","low",,FALSE,0,TRUE,""
"exp3","exp3_081","2_NonIde_RegMod_Aff_1",100,"2","experimental","affirmative","nonideophone","manner","manner",,,FALSE,0,TRUE,""
"exp3","exp3_081","2_Ide_RegMod_Aff_1",100,"2","experimental","affirmative","ideophone","manner","manner",,,FALSE,0,TRUE,""
"exp3","exp3_081","1_NonIde_RegMod_Neg_1",0,"1","experimental","negative","nonideophone","manner","manner",,,FALSE,0,TRUE,""
"exp3","exp3_081","1_Ide_RegMod_Neg_1",0,"1","experimental","negative","ideophone","manner","manner",,,FALSE,0,TRUE,""
"exp3","exp3_082","Filler_Neg_UnGr_1_3",0,,"catch","negative",,,,,"ungrammatical",FALSE,0,TRUE,""
"exp3","exp3_082","Filler_Neg_UnGr_1",0,,"catch","negative",,,,,"ungrammatical",FALSE,0,TRUE,""
"exp3","exp3_082","Filler_Neg_Gr_1_1",73,,"catch","negative",,,,,"grammatical",FALSE,0,TRUE,""
"exp3","exp3_082","Filler_Neg_Gr_1",71,,"catch","negative",,,,,"grammatical",FALSE,0,TRUE,""
"exp3","exp3_082","Filler_Aff_UnGr_1_2",0,,"catch","affirmative",,,,,"ungrammatical",FALSE,0,TRUE,""
"exp3","exp3_082","Filler_Aff_UnGr_1",0,,"catch","affirmative",,,,,"ungrammatical",FALSE,0,TRUE,""
"exp3","exp3_082","Filler_Aff_Gr_1_4",100,,"catch","affirmative",,,,,"grammatical",FALSE,0,TRUE,""
"exp3","exp3_082","Filler_Aff_Gr_1",75,,"catch","affirmative",,,,,"grammatical",FALSE,0,TRUE,""
"exp3","exp3_082","8_NonIde_Cont_Neg_1",11,"8","experimental","negative","nonideophone","temporal","temporal",,,FALSE,0,TRUE,""
"exp3","exp3_082","8_Ide_Cont_Neg_1",30,"8","experimental","negative","ideophone","temporal","temporal",,,FALSE,0,TRUE,""
"exp3","exp3_082","7_NonIde_Cvb_Aff_1",65,"7","experimental","affirmative","nonideophone","converbial","manner","high",,FALSE,0,TRUE,""
"exp3","exp3_082","7_Ide_Cvb_Aff_1",72,"7","experimental","affirmative","ideophone","converbial","manner","high",,FALSE,0,TRUE,""
"exp3","exp3_082","6_NonIde_Cvb_Neg_1",23,"6","experimental","negative","nonideophone","converbial","manner","high",,FALSE,0,TRUE,""
"exp3","exp3_082","6_Ide_Cvb_Neg_1",0,"6","experimental","negative","ideophone","converbial","manner","high",,FALSE,0,TRUE,""
"exp3","exp3_082","5_NonIde_Red_Aff_1",100,"5","experimental","affirmative","nonideophone","reduplication","manner","low",,FALSE,0,TRUE,""
"exp3","exp3_082","5_Ide_Red_Aff_1",50,"5","experimental","affirmative","ideophone","reduplication","manner","low",,FALSE,0,TRUE,""
"exp3","exp3_082","4_NonIde_Red_Neg_1",0,"4","experimental","negative","nonideophone","reduplication","manner","low",,FALSE,0,TRUE,""
"exp3","exp3_082","4_Ide_Red_Neg_1",30,"4","experimental","negative","ideophone","reduplication","manner","low",,FALSE,0,TRUE,""
"exp3","exp3_082","3_NonIde_RegMod_Aff_1",100,"3","experimental","affirmative","nonideophone","manner","manner",,,FALSE,0,TRUE,""
"exp3","exp3_082","3_Ide_RegMod_Aff_1",44,"3","experimental","affirmative","ideophone","manner","manner",,,FALSE,0,TRUE,""
"exp3","exp3_082","2_NonIde_RegMod_Neg_1",50,"2","experimental","negative","nonideophone","manner","manner",,,FALSE,0,TRUE,""
"exp3","exp3_082","2_Ide_RegMod_Neg_1",50,"2","experimental","negative","ideophone","manner","manner",,,FALSE,0,TRUE,""
"exp3","exp3_082","1_NonIde_Cont_Aff_1",63,"1","experimental","affirmative","nonideophone","temporal","temporal",,,FALSE,0,TRUE,""
"exp3","exp3_082","1_Ide_Cont_Aff_1",100,"1","experimental","affirmative","ideophone","temporal","temporal",,,FALSE,0,TRUE,""
"exp3","exp3_083","Filler_Neg_UnGr_1_43",0,,"catch","negative",,,,,"ungrammatical",FALSE,0,TRUE,""
"exp3","exp3_083","Filler_Neg_UnGr_1_40",0,,"catch","negative",,,,,"ungrammatical",FALSE,0,TRUE,""
"exp3","exp3_083","Filler_Neg_Gr_1_44",25,,"catch","negative",,,,,"grammatical",FALSE,0,TRUE,""
"exp3","exp3_083","Filler_Neg_Gr_1_38",88,,"catch","negative",,,,,"grammatical",FALSE,0,TRUE,""
"exp3","exp3_083","Filler_Aff_UnGr_1_42",0,,"catch","affirmative",,,,,"ungrammatical",FALSE,0,TRUE,""
"exp3","exp3_083","Filler_Aff_UnGr_1_37",0,,"catch","affirmative",,,,,"ungrammatical",FALSE,0,TRUE,""
"exp3","exp3_083","Filler_Aff_Gr_1_41",100,,"catch","affirmative",,,,,"grammatical",FALSE,0,TRUE,""
"exp3","exp3_083","Filler_Aff_Gr_1_39",100,,"catch","affirmative",,,,,"grammatical",FALSE,0,TRUE,""
"exp3","exp3_083","8_NonIde_RegMod_Aff_1",100,"8","experimental","affirmative","nonideophone","manner","manner",,,FALSE,0,TRUE,""
"exp3","exp3_083","8_Ide_RegMod_Aff_1",100,"8","experimental","affirmative","ideophone","manner","manner",,,FALSE,0,TRUE,""
"exp3","exp3_083","7_NonIde_RegMod_Neg_1",69,"7","experimental","negative","nonideophone","manner","manner",,,FALSE,0,TRUE,""
"exp3","exp3_083","7_Ide_RegMod_Neg_1",0,"7","experimental","negative","ideophone","manner","manner",,,FALSE,0,TRUE,""
"exp3","exp3_083","6_NonIde_Cont_Aff_1",100,"6","experimental","affirmative","nonideophone","temporal","temporal",,,FALSE,0,TRUE,""
"exp3","exp3_083","6_Ide_Cont_Aff_1",100,"6","experimental","affirmative","ideophone","temporal","temporal",,,FALSE,0,TRUE,""
"exp3","exp3_083","5_NonIde_Cont_Neg_1",0,"5","experimental","negative","nonideophone","temporal","temporal",,,FALSE,0,TRUE,""
"exp3","exp3_083","5_Ide_Cont_Neg_1",9,"5","experimental","negative","ideophone","temporal","temporal",,,FALSE,0,TRUE,""
"exp3","exp3_083","4_NonIde_Cvb_Aff_1",100,"4","experimental","affirmative","nonideophone","converbial","manner","high",,FALSE,0,TRUE,""
"exp3","exp3_083","4_Ide_Cvb_Aff_1",100,"4","experimental","affirmative","ideophone","converbial","manner","high",,FALSE,0,TRUE,""
"exp3","exp3_083","3_NonIde_Cvb_Neg_1",15,"3","experimental","negative","nonideophone","converbial","manner","high",,FALSE,0,TRUE,""
"exp3","exp3_083","3_Ide_Cvb_Neg_1",87,"3","experimental","negative","ideophone","converbial","manner","high",,FALSE,0,TRUE,""
"exp3","exp3_083","2_NonIde_Red_Aff_1",100,"2","experimental","affirmative","nonideophone","reduplication","manner","low",,FALSE,0,TRUE,""
"exp3","exp3_083","2_Ide_Red_Aff_1",100,"2","experimental","affirmative","ideophone","reduplication","manner","low",,FALSE,0,TRUE,""
"exp3","exp3_083","1_NonIde_Red_Neg_1",0,"1","experimental","negative","nonideophone","reduplication","manner","low",,FALSE,0,TRUE,""
"exp3","exp3_083","1_Ide_Red_Neg_1",42,"1","experimental","negative","ideophone","reduplication","manner","low",,FALSE,0,TRUE,""
"exp3","exp3_084","Filler_Neg_UnGr_1_11",0,,"catch","negative",,,,,"ungrammatical",FALSE,1,TRUE,""
"exp3","exp3_084","Filler_Neg_UnGr_1_10",0,,"catch","negative",,,,,"ungrammatical",FALSE,1,TRUE,""
"exp3","exp3_084","Filler_Neg_Gr_1_7",100,,"catch","negative",,,,,"grammatical",FALSE,1,TRUE,""
"exp3","exp3_084","Filler_Neg_Gr_1_12",0,,"catch","negative",,,,,"grammatical",FALSE,1,TRUE,""
"exp3","exp3_084","Filler_Aff_UnGr_1_9",0,,"catch","affirmative",,,,,"ungrammatical",FALSE,1,TRUE,""
"exp3","exp3_084","Filler_Aff_UnGr_1_6",0,,"catch","affirmative",,,,,"ungrammatical",FALSE,1,TRUE,""
"exp3","exp3_084","Filler_Aff_Gr_1_8",100,,"catch","affirmative",,,,,"grammatical",FALSE,1,TRUE,""
"exp3","exp3_084","Filler_Aff_Gr_1_5",0,,"catch","affirmative",,,,,"grammatical",TRUE,1,TRUE,""
"exp3","exp3_084","8_NonIde_Cvb_Aff_1",100,"8","experimental","affirmative","nonideophone","converbial","manner","high",,FALSE,1,TRUE,""
"exp3","exp3_084","8_Ide_Cvb_Aff_1",100,"8","experimental","affirmative","ideophone","converbial","manner","high",,FALSE,1,TRUE,""
"exp3","exp3_084","7_NonIde_Cvb_Neg_1",0,"7","experimental","negative","nonideophone","converbial","manner","high",,FALSE,1,TRUE,""
"exp3","exp3_084","7_Ide_Cvb_Neg_1",100,"7","experimental","negative","ideophone","converbial","manner","high",,FALSE,1,TRUE,""
"exp3","exp3_084","6_NonIde_Red_Aff_1",0,"6","experimental","affirmative","nonideophone","reduplication","manner","low",,FALSE,1,TRUE,""
"exp3","exp3_084","6_Ide_Red_Aff_1",100,"6","experimental","affirmative","ideophone","reduplication","manner","low",,FALSE,1,TRUE,""
"exp3","exp3_084","5_NonIde_Red_Neg_1",0,"5","experimental","negative","nonideophone","reduplication","manner","low",,FALSE,1,TRUE,""
"exp3","exp3_084","5_Ide_Red_Neg_1",0,"5","experimental","negative","ideophone","reduplication","manner","low",,FALSE,1,TRUE,""
"exp3","exp3_084","4_NonIde_RegMod_Aff_1",100,"4","experimental","affirmative","nonideophone","manner","manner",,,FALSE,1,TRUE,""
"exp3","exp3_084","4_Ide_RegMod_Aff_1",0,"4","experimental","affirmative","ideophone","manner","manner",,,FALSE,1,TRUE,""
"exp3","exp3_084","3_NonIde_RegMod_Neg_1",0,"3","experimental","negative","nonideophone","manner","manner",,,FALSE,1,TRUE,""
"exp3","exp3_084","3_Ide_RegMod_Neg_1",0,"3","experimental","negative","ideophone","manner","manner",,,FALSE,1,TRUE,""
"exp3","exp3_084","2_NonIde_Cont_Aff_1",0,"2","experimental","affirmative","nonideophone","temporal","temporal",,,FALSE,1,TRUE,""
"exp3","exp3_084","2_Ide_Cont_Aff_1",0,"2","experimental","affirmative","ideophone","temporal","temporal",,,FALSE,1,TRUE,""
"exp3","exp3_084","1_NonIde_Cont_Neg_1",0,"1","experimental","negative","nonideophone","temporal","temporal",,,FALSE,1,TRUE,""
"exp3","exp3_084","1_Ide_Cont_Neg_1",0,"1","experimental","negative","ideophone","temporal","temporal",,,FALSE,1,TRUE,""
"exp3","exp3_085","Filler_Neg_UnGr_1_3",0,,"catch","negative",,,,,"ungrammatical",FALSE,0,TRUE,""
"exp3","exp3_085","Filler_Neg_UnGr_1",0,,"catch","negative",,,,,"ungrammatical",FALSE,0,TRUE,""
"exp3","exp3_085","Filler_Neg_Gr_1_1",100,,"catch","negative",,,,,"grammatical",FALSE,0,TRUE,""
"exp3","exp3_085","Filler_Neg_Gr_1",100,,"catch","negative",,,,,"grammatical",FALSE,0,TRUE,""
"exp3","exp3_085","Filler_Aff_UnGr_1_2",0,,"catch","affirmative",,,,,"ungrammatical",FALSE,0,TRUE,""
"exp3","exp3_085","Filler_Aff_UnGr_1",0,,"catch","affirmative",,,,,"ungrammatical",FALSE,0,TRUE,""
"exp3","exp3_085","Filler_Aff_Gr_1_4",100,,"catch","affirmative",,,,,"grammatical",FALSE,0,TRUE,""
"exp3","exp3_085","Filler_Aff_Gr_1",100,,"catch","affirmative",,,,,"grammatical",FALSE,0,TRUE,""
"exp3","exp3_085","8_NonIde_Cont_Neg_1",100,"8","experimental","negative","nonideophone","temporal","temporal",,,FALSE,0,TRUE,""
"exp3","exp3_085","8_Ide_Cont_Neg_1",100,"8","experimental","negative","ideophone","temporal","temporal",,,FALSE,0,TRUE,""
"exp3","exp3_085","7_NonIde_Cvb_Aff_1",100,"7","experimental","affirmative","nonideophone","converbial","manner","high",,FALSE,0,TRUE,""
"exp3","exp3_085","7_Ide_Cvb_Aff_1",100,"7","experimental","affirmative","ideophone","converbial","manner","high",,FALSE,0,TRUE,""
"exp3","exp3_085","6_NonIde_Cvb_Neg_1",0,"6","experimental","negative","nonideophone","converbial","manner","high",,FALSE,0,TRUE,""
"exp3","exp3_085","6_Ide_Cvb_Neg_1",0,"6","experimental","negative","ideophone","converbial","manner","high",,FALSE,0,TRUE,""
"exp3","exp3_085","5_NonIde_Red_Aff_1",100,"5","experimental","affirmative","nonideophone","reduplication","manner","low",,FALSE,0,TRUE,""
"exp3","exp3_085","5_Ide_Red_Aff_1",100,"5","experimental","affirmative","ideophone","reduplication","manner","low",,FALSE,0,TRUE,""
"exp3","exp3_085","4_NonIde_Red_Neg_1",0,"4","experimental","negative","nonideophone","reduplication","manner","low",,FALSE,0,TRUE,""
"exp3","exp3_085","4_Ide_Red_Neg_1",100,"4","experimental","negative","ideophone","reduplication","manner","low",,FALSE,0,TRUE,""
"exp3","exp3_085","3_NonIde_RegMod_Aff_1",100,"3","experimental","affirmative","nonideophone","manner","manner",,,FALSE,0,TRUE,""
"exp3","exp3_085","3_Ide_RegMod_Aff_1",100,"3","experimental","affirmative","ideophone","manner","manner",,,FALSE,0,TRUE,""
"exp3","exp3_085","2_NonIde_RegMod_Neg_1",0,"2","experimental","negative","nonideophone","manner","manner",,,FALSE,0,TRUE,""
"exp3","exp3_085","2_Ide_RegMod_Neg_1",100,"2","experimental","negative","ideophone","manner","manner",,,FALSE,0,TRUE,""
"exp3","exp3_085","1_NonIde_Cont_Aff_1",0,"1","experimental","affirmative","nonideophone","temporal","temporal",,,FALSE,0,TRUE,""
"exp3","exp3_085","1_Ide_Cont_Aff_1",100,"1","experimental","affirmative","ideophone","temporal","temporal",,,FALSE,0,TRUE,""
"exp3","exp3_086","Filler_Neg_UnGr_1_59",0,,"catch","negative",,,,,"ungrammatical",FALSE,0,TRUE,""
"exp3","exp3_086","Filler_Neg_UnGr_1_56",0,,"catch","negative",,,,,"ungrammatical",FALSE,0,TRUE,""
"exp3","exp3_086","Filler_Neg_Gr_1_60",97,,"catch","negative",,,,,"grammatical",FALSE,0,TRUE,""
"exp3","exp3_086","Filler_Neg_Gr_1_53",72,,"catch","negative",,,,,"grammatical",FALSE,0,TRUE,""
"exp3","exp3_086","Filler_Aff_UnGr_1_58",9,,"catch","affirmative",,,,,"ungrammatical",FALSE,0,TRUE,""
"exp3","exp3_086","Filler_Aff_UnGr_1_54",0,,"catch","affirmative",,,,,"ungrammatical",FALSE,0,TRUE,""
"exp3","exp3_086","Filler_Aff_Gr_1_57",100,,"catch","affirmative",,,,,"grammatical",FALSE,0,TRUE,""
"exp3","exp3_086","Filler_Aff_Gr_1_55",100,,"catch","affirmative",,,,,"grammatical",FALSE,0,TRUE,""
"exp3","exp3_086","8_NonIde_Cont_Aff_1",91,"8","experimental","affirmative","nonideophone","temporal","temporal",,,FALSE,0,TRUE,""
"exp3","exp3_086","8_Ide_Cont_Aff_1",100,"8","experimental","affirmative","ideophone","temporal","temporal",,,FALSE,0,TRUE,""
"exp3","exp3_086","7_NonIde_Cont_Neg_1",100,"7","experimental","negative","nonideophone","temporal","temporal",,,FALSE,0,TRUE,""
"exp3","exp3_086","7_Ide_Cont_Neg_1",7,"7","experimental","negative","ideophone","temporal","temporal",,,FALSE,0,TRUE,""
"exp3","exp3_086","6_NonIde_Cvb_Aff_1",100,"6","experimental","affirmative","nonideophone","converbial","manner","high",,FALSE,0,TRUE,""
"exp3","exp3_086","6_Ide_Cvb_Aff_1",73,"6","experimental","affirmative","ideophone","converbial","manner","high",,FALSE,0,TRUE,""
"exp3","exp3_086","5_NonIde_Cvb_Neg_1",31,"5","experimental","negative","nonideophone","converbial","manner","high",,FALSE,0,TRUE,""
"exp3","exp3_086","5_Ide_Cvb_Neg_1",0,"5","experimental","negative","ideophone","converbial","manner","high",,FALSE,0,TRUE,""
"exp3","exp3_086","4_NonIde_Red_Aff_1",90,"4","experimental","affirmative","nonideophone","reduplication","manner","low",,FALSE,0,TRUE,""
"exp3","exp3_086","4_Ide_Red_Aff_1",100,"4","experimental","affirmative","ideophone","reduplication","manner","low",,FALSE,0,TRUE,""
"exp3","exp3_086","3_NonIde_Red_Neg_1",5,"3","experimental","negative","nonideophone","reduplication","manner","low",,FALSE,0,TRUE,""
"exp3","exp3_086","3_Ide_Red_Neg_1",0,"3","experimental","negative","ideophone","reduplication","manner","low",,FALSE,0,TRUE,""
"exp3","exp3_086","2_NonIde_RegMod_Aff_1",100,"2","experimental","affirmative","nonideophone","manner","manner",,,FALSE,0,TRUE,""
"exp3","exp3_086","2_Ide_RegMod_Aff_1",100,"2","experimental","affirmative","ideophone","manner","manner",,,FALSE,0,TRUE,""
"exp3","exp3_086","1_NonIde_RegMod_Neg_1",30,"1","experimental","negative","nonideophone","manner","manner",,,FALSE,0,TRUE,""
"exp3","exp3_086","1_Ide_RegMod_Neg_1",16,"1","experimental","negative","ideophone","manner","manner",,,FALSE,0,TRUE,""
"exp3","exp3_087","Filler_Neg_UnGr_1_18",0,,"catch","negative",,,,,"ungrammatical",FALSE,0,TRUE,""
"exp3","exp3_087","Filler_Neg_UnGr_1_13",0,,"catch","negative",,,,,"ungrammatical",FALSE,0,TRUE,""
"exp3","exp3_087","Filler_Neg_Gr_1_17",61,,"catch","negative",,,,,"grammatical",FALSE,0,TRUE,""
"exp3","exp3_087","Filler_Neg_Gr_1_15",95,,"catch","negative",,,,,"grammatical",FALSE,0,TRUE,""
"exp3","exp3_087","Filler_Aff_UnGr_1_19",0,,"catch","affirmative",,,,,"ungrammatical",FALSE,0,TRUE,""
"exp3","exp3_087","Filler_Aff_UnGr_1_16",0,,"catch","affirmative",,,,,"ungrammatical",FALSE,0,TRUE,""
"exp3","exp3_087","Filler_Aff_Gr_1_20",100,,"catch","affirmative",,,,,"grammatical",FALSE,0,TRUE,""
"exp3","exp3_087","Filler_Aff_Gr_1_14",92,,"catch","affirmative",,,,,"grammatical",FALSE,0,TRUE,""
"exp3","exp3_087","8_NonIde_Cvb_Neg_1",60,"8","experimental","negative","nonideophone","converbial","manner","high",,FALSE,0,TRUE,""
"exp3","exp3_087","8_Ide_Cvb_Neg_1",73,"8","experimental","negative","ideophone","converbial","manner","high",,FALSE,0,TRUE,""
"exp3","exp3_087","7_NonIde_Red_Aff_1",99,"7","experimental","affirmative","nonideophone","reduplication","manner","low",,FALSE,0,TRUE,""
"exp3","exp3_087","7_Ide_Red_Aff_1",62,"7","experimental","affirmative","ideophone","reduplication","manner","low",,FALSE,0,TRUE,""
"exp3","exp3_087","6_NonIde_Red_Neg_1",76,"6","experimental","negative","nonideophone","reduplication","manner","low",,FALSE,0,TRUE,""
"exp3","exp3_087","6_Ide_Red_Neg_1",56,"6","experimental","negative","ideophone","reduplication","manner","low",,FALSE,0,TRUE,""
"exp3","exp3_087","5_NonIde_RegMod_Aff_1",51,"5","experimental","affirmative","nonideophone","manner","manner",,,FALSE,0,TRUE,""
"exp3","exp3_087","5_Ide_RegMod_Aff_1",97,"5","experimental","affirmative","ideophone","manner","manner",,,FALSE,0,TRUE,""
"exp3","exp3_087","4_NonIde_RegMod_Neg_1",62,"4","experimental","negative","nonideophone","manner","manner",,,FALSE,0,TRUE,""
"exp3","exp3_087","4_Ide_RegMod_Neg_1",62,"4","experimental","negative","ideophone","manner","manner",,,FALSE,0,TRUE,""
"exp3","exp3_087","3_NonIde_Cont_Aff_1",98,"3","experimental","affirmative","nonideophone","temporal","temporal",,,FALSE,0,TRUE,""
"exp3","exp3_087","3_Ide_Cont_Aff_1",99,"3","experimental","affirmative","ideophone","temporal","temporal",,,FALSE,0,TRUE,""
"exp3","exp3_087","2_NonIde_Cont_Neg_1",85,"2","experimental","negative","nonideophone","temporal","temporal",,,FALSE,0,TRUE,""
"exp3","exp3_087","2_Ide_Cont_Neg_1",58,"2","experimental","negative","ideophone","temporal","temporal",,,FALSE,0,TRUE,""
"exp3","exp3_087","1_NonIde_Cvb_Aff_1",100,"1","experimental","affirmative","nonideophone","converbial","manner","high",,FALSE,0,TRUE,""
"exp3","exp3_087","1_Ide_Cvb_Aff_1",68,"1","experimental","affirmative","ideophone","converbial","manner","high",,FALSE,0,TRUE,""
"exp3","exp3_088","Filler_Neg_UnGr_1_50",6,,"catch","negative",,,,,"ungrammatical",FALSE,2,FALSE,"failed_two_or_more_affirmative_catch_trials"
"exp3","exp3_088","Filler_Neg_UnGr_1_45",0,,"catch","negative",,,,,"ungrammatical",FALSE,2,FALSE,"failed_two_or_more_affirmative_catch_trials"
"exp3","exp3_088","Filler_Neg_Gr_1_49",100,,"catch","negative",,,,,"grammatical",FALSE,2,FALSE,"failed_two_or_more_affirmative_catch_trials"
"exp3","exp3_088","Filler_Neg_Gr_1_47",83,,"catch","negative",,,,,"grammatical",FALSE,2,FALSE,"failed_two_or_more_affirmative_catch_trials"
"exp3","exp3_088","Filler_Aff_UnGr_1_51",11,,"catch","affirmative",,,,,"ungrammatical",FALSE,2,FALSE,"failed_two_or_more_affirmative_catch_trials"
"exp3","exp3_088","Filler_Aff_UnGr_1_48",90,,"catch","affirmative",,,,,"ungrammatical",TRUE,2,FALSE,"failed_two_or_more_affirmative_catch_trials"
"exp3","exp3_088","Filler_Aff_Gr_1_52",0,,"catch","affirmative",,,,,"grammatical",TRUE,2,FALSE,"failed_two_or_more_affirmative_catch_trials"
"exp3","exp3_088","Filler_Aff_Gr_1_46",84,,"catch","affirmative",,,,,"grammatical",FALSE,2,FALSE,"failed_two_or_more_affirmative_catch_trials"
"exp3","exp3_088","8_NonIde_RegMod_Neg_1",0,"8","experimental","negative","nonideophone","manner","manner",,,FALSE,2,FALSE,"failed_two_or_more_affirmative_catch_trials"
"exp3","exp3_088","8_Ide_RegMod_Neg_1",9,"8","experimental","negative","ideophone","manner","manner",,,FALSE,2,FALSE,"failed_two_or_more_affirmative_catch_trials"
"exp3","exp3_088","7_NonIde_Cont_Aff_1",0,"7","experimental","affirmative","nonideophone","temporal","temporal",,,FALSE,2,FALSE,"failed_two_or_more_affirmative_catch_trials"
"exp3","exp3_088","7_Ide_Cont_Aff_1",93,"7","experimental","affirmative","ideophone","temporal","temporal",,,FALSE,2,FALSE,"failed_two_or_more_affirmative_catch_trials"
"exp3","exp3_088","6_NonIde_Cont_Neg_1",93,"6","experimental","negative","nonideophone","temporal","temporal",,,FALSE,2,FALSE,"failed_two_or_more_affirmative_catch_trials"
"exp3","exp3_088","6_Ide_Cont_Neg_1",3,"6","experimental","negative","ideophone","temporal","temporal",,,FALSE,2,FALSE,"failed_two_or_more_affirmative_catch_trials"
"exp3","exp3_088","5_NonIde_Cvb_Aff_1",0,"5","experimental","affirmative","nonideophone","converbial","manner","high",,FALSE,2,FALSE,"failed_two_or_more_affirmative_catch_trials"
"exp3","exp3_088","5_Ide_Cvb_Aff_1",74,"5","experimental","affirmative","ideophone","converbial","manner","high",,FALSE,2,FALSE,"failed_two_or_more_affirmative_catch_trials"
"exp3","exp3_088","4_NonIde_Cvb_Neg_1",6,"4","experimental","negative","nonideophone","converbial","manner","high",,FALSE,2,FALSE,"failed_two_or_more_affirmative_catch_trials"
"exp3","exp3_088","4_Ide_Cvb_Neg_1",26,"4","experimental","negative","ideophone","converbial","manner","high",,FALSE,2,FALSE,"failed_two_or_more_affirmative_catch_trials"
"exp3","exp3_088","3_NonIde_Red_Aff_1",0,"3","experimental","affirmative","nonideophone","reduplication","manner","low",,FALSE,2,FALSE,"failed_two_or_more_affirmative_catch_trials"
"exp3","exp3_088","3_Ide_Red_Aff_1",100,"3","experimental","affirmative","ideophone","reduplication","manner","low",,FALSE,2,FALSE,"failed_two_or_more_affirmative_catch_trials"
"exp3","exp3_088","2_NonIde_Red_Neg_1",0,"2","experimental","negative","nonideophone","reduplication","manner","low",,FALSE,2,FALSE,"failed_two_or_more_affirmative_catch_trials"
"exp3","exp3_088","2_Ide_Red_Neg_1",8,"2","experimental","negative","ideophone","reduplication","manner","low",,FALSE,2,FALSE,"failed_two_or_more_affirmative_catch_trials"
"exp3","exp3_088","1_NonIde_RegMod_Aff_1",99,"1","experimental","affirmative","nonideophone","manner","manner",,,FALSE,2,FALSE,"failed_two_or_more_affirmative_catch_trials"
"exp3","exp3_088","1_Ide_RegMod_Aff_1",95,"1","experimental","affirmative","ideophone","manner","manner",,,FALSE,2,FALSE,"failed_two_or_more_affirmative_catch_trials"
"exp3","exp3_089","Filler_Neg_UnGr_1_43",0,,"catch","negative",,,,,"ungrammatical",FALSE,0,TRUE,""
"exp3","exp3_089","Filler_Neg_UnGr_1_40",0,,"catch","negative",,,,,"ungrammatical",FALSE,0,TRUE,""
"exp3","exp3_089","Filler_Neg_Gr_1_44",86,,"catch","negative",,,,,"grammatical",FALSE,0,TRUE,""
"exp3","exp3_089","Filler_Neg_Gr_1_38",31,,"catch","negative",,,,,"grammatical",FALSE,0,TRUE,""
"exp3","exp3_089","Filler_Aff_UnGr_1_42",0,,"catch","affirmative",,,,,"ungrammatical",FALSE,0,TRUE,""
"exp3","exp3_089","Filler_Aff_UnGr_1_37",0,,"catch","affirmative",,,,,"ungrammatical",FALSE,0,TRUE,""
"exp3","exp3_089","Filler_Aff_Gr_1_41",100,,"catch","affirmative",,,,,"grammatical",FALSE,0,TRUE,""
"exp3","exp3_089","Filler_Aff_Gr_1_39",100,,"catch","affirmative",,,,,"grammatical",FALSE,0,TRUE,""
"exp3","exp3_089","8_NonIde_RegMod_Aff_1",100,"8","experimental","affirmative","nonideophone","manner","manner",,,FALSE,0,TRUE,""
"exp3","exp3_089","8_Ide_RegMod_Aff_1",100,"8","experimental","affirmative","ideophone","manner","manner",,,FALSE,0,TRUE,""
"exp3","exp3_089","7_NonIde_RegMod_Neg_1",67,"7","experimental","negative","nonideophone","manner","manner",,,FALSE,0,TRUE,""
"exp3","exp3_089","7_Ide_RegMod_Neg_1",75,"7","experimental","negative","ideophone","manner","manner",,,FALSE,0,TRUE,""
"exp3","exp3_089","6_NonIde_Cont_Aff_1",100,"6","experimental","affirmative","nonideophone","temporal","temporal",,,FALSE,0,TRUE,""
"exp3","exp3_089","6_Ide_Cont_Aff_1",100,"6","experimental","affirmative","ideophone","temporal","temporal",,,FALSE,0,TRUE,""
"exp3","exp3_089","5_NonIde_Cont_Neg_1",84,"5","experimental","negative","nonideophone","temporal","temporal",,,FALSE,0,TRUE,""
"exp3","exp3_089","5_Ide_Cont_Neg_1",89,"5","experimental","negative","ideophone","temporal","temporal",,,FALSE,0,TRUE,""
"exp3","exp3_089","4_NonIde_Cvb_Aff_1",93,"4","experimental","affirmative","nonideophone","converbial","manner","high",,FALSE,0,TRUE,""
"exp3","exp3_089","4_Ide_Cvb_Aff_1",100,"4","experimental","affirmative","ideophone","converbial","manner","high",,FALSE,0,TRUE,""
"exp3","exp3_089","3_NonIde_Cvb_Neg_1",70,"3","experimental","negative","nonideophone","converbial","manner","high",,FALSE,0,TRUE,""
"exp3","exp3_089","3_Ide_Cvb_Neg_1",72,"3","experimental","negative","ideophone","converbial","manner","high",,FALSE,0,TRUE,""
"exp3","exp3_089","2_NonIde_Red_Aff_1",100,"2","experimental","affirmative","nonideophone","reduplication","manner","low",,FALSE,0,TRUE,""
"exp3","exp3_089","2_Ide_Red_Aff_1",100,"2","experimental","affirmative","ideophone","reduplication","manner","low",,FALSE,0,TRUE,""
"exp3","exp3_089","1_NonIde_Red_Neg_1",66,"1","experimental","negative","nonideophone","reduplication","manner","low",,FALSE,0,TRUE,""
"exp3","exp3_089","1_Ide_Red_Neg_1",4,"1","experimental","negative","ideophone","reduplication","manner","low",,FALSE,0,TRUE,""
"exp3","exp3_090","Filler_Neg_UnGr_1_3",0,,"catch","negative",,,,,"ungrammatical",FALSE,0,TRUE,""
"exp3","exp3_090","Filler_Neg_UnGr_1",0,,"catch","negative",,,,,"ungrammatical",FALSE,0,TRUE,""
"exp3","exp3_090","Filler_Neg_Gr_1_1",98,,"catch","negative",,,,,"grammatical",FALSE,0,TRUE,""
"exp3","exp3_090","Filler_Neg_Gr_1",86,,"catch","negative",,,,,"grammatical",FALSE,0,TRUE,""
"exp3","exp3_090","Filler_Aff_UnGr_1_2",0,,"catch","affirmative",,,,,"ungrammatical",FALSE,0,TRUE,""
"exp3","exp3_090","Filler_Aff_UnGr_1",0,,"catch","affirmative",,,,,"ungrammatical",FALSE,0,TRUE,""
"exp3","exp3_090","Filler_Aff_Gr_1_4",89,,"catch","affirmative",,,,,"grammatical",FALSE,0,TRUE,""
"exp3","exp3_090","Filler_Aff_Gr_1",100,,"catch","affirmative",,,,,"grammatical",FALSE,0,TRUE,""
"exp3","exp3_090","8_NonIde_Cont_Neg_1",90,"8","experimental","negative","nonideophone","temporal","temporal",,,FALSE,0,TRUE,""
"exp3","exp3_090","8_Ide_Cont_Neg_1",68,"8","experimental","negative","ideophone","temporal","temporal",,,FALSE,0,TRUE,""
"exp3","exp3_090","7_NonIde_Cvb_Aff_1",100,"7","experimental","affirmative","nonideophone","converbial","manner","high",,FALSE,0,TRUE,""
"exp3","exp3_090","7_Ide_Cvb_Aff_1",100,"7","experimental","affirmative","ideophone","converbial","manner","high",,FALSE,0,TRUE,""
"exp3","exp3_090","6_NonIde_Cvb_Neg_1",30,"6","experimental","negative","nonideophone","converbial","manner","high",,FALSE,0,TRUE,""
"exp3","exp3_090","6_Ide_Cvb_Neg_1",80,"6","experimental","negative","ideophone","converbial","manner","high",,FALSE,0,TRUE,""
"exp3","exp3_090","5_NonIde_Red_Aff_1",98,"5","experimental","affirmative","nonideophone","reduplication","manner","low",,FALSE,0,TRUE,""
"exp3","exp3_090","5_Ide_Red_Aff_1",97,"5","experimental","affirmative","ideophone","reduplication","manner","low",,FALSE,0,TRUE,""
"exp3","exp3_090","4_NonIde_Red_Neg_1",67,"4","experimental","negative","nonideophone","reduplication","manner","low",,FALSE,0,TRUE,""
"exp3","exp3_090","4_Ide_Red_Neg_1",84,"4","experimental","negative","ideophone","reduplication","manner","low",,FALSE,0,TRUE,""
"exp3","exp3_090","3_NonIde_RegMod_Aff_1",100,"3","experimental","affirmative","nonideophone","manner","manner",,,FALSE,0,TRUE,""
"exp3","exp3_090","3_Ide_RegMod_Aff_1",100,"3","experimental","affirmative","ideophone","manner","manner",,,FALSE,0,TRUE,""
"exp3","exp3_090","2_NonIde_RegMod_Neg_1",70,"2","experimental","negative","nonideophone","manner","manner",,,FALSE,0,TRUE,""
"exp3","exp3_090","2_Ide_RegMod_Neg_1",100,"2","experimental","negative","ideophone","manner","manner",,,FALSE,0,TRUE,""
"exp3","exp3_090","1_NonIde_Cont_Aff_1",100,"1","experimental","affirmative","nonideophone","temporal","temporal",,,FALSE,0,TRUE,""
"exp3","exp3_090","1_Ide_Cont_Aff_1",100,"1","experimental","affirmative","ideophone","temporal","temporal",,,FALSE,0,TRUE,""
"exp3","exp3_091","Filler_Neg_UnGr_1_50",0,,"catch","negative",,,,,"ungrammatical",FALSE,0,TRUE,""
"exp3","exp3_091","Filler_Neg_UnGr_1_45",0,,"catch","negative",,,,,"ungrammatical",FALSE,0,TRUE,""
"exp3","exp3_091","Filler_Neg_Gr_1_49",100,,"catch","negative",,,,,"grammatical",FALSE,0,TRUE,""
"exp3","exp3_091","Filler_Neg_Gr_1_47",100,,"catch","negative",,,,,"grammatical",FALSE,0,TRUE,""
"exp3","exp3_091","Filler_Aff_UnGr_1_51",0,,"catch","affirmative",,,,,"ungrammatical",FALSE,0,TRUE,""
"exp3","exp3_091","Filler_Aff_UnGr_1_48",0,,"catch","affirmative",,,,,"ungrammatical",FALSE,0,TRUE,""
"exp3","exp3_091","Filler_Aff_Gr_1_52",100,,"catch","affirmative",,,,,"grammatical",FALSE,0,TRUE,""
"exp3","exp3_091","Filler_Aff_Gr_1_46",100,,"catch","affirmative",,,,,"grammatical",FALSE,0,TRUE,""
"exp3","exp3_091","8_NonIde_RegMod_Neg_1",100,"8","experimental","negative","nonideophone","manner","manner",,,FALSE,0,TRUE,""
"exp3","exp3_091","8_Ide_RegMod_Neg_1",100,"8","experimental","negative","ideophone","manner","manner",,,FALSE,0,TRUE,""
"exp3","exp3_091","7_NonIde_Cont_Aff_1",100,"7","experimental","affirmative","nonideophone","temporal","temporal",,,FALSE,0,TRUE,""
"exp3","exp3_091","7_Ide_Cont_Aff_1",100,"7","experimental","affirmative","ideophone","temporal","temporal",,,FALSE,0,TRUE,""
"exp3","exp3_091","6_NonIde_Cont_Neg_1",100,"6","experimental","negative","nonideophone","temporal","temporal",,,FALSE,0,TRUE,""
"exp3","exp3_091","6_Ide_Cont_Neg_1",100,"6","experimental","negative","ideophone","temporal","temporal",,,FALSE,0,TRUE,""
"exp3","exp3_091","5_NonIde_Cvb_Aff_1",100,"5","experimental","affirmative","nonideophone","converbial","manner","high",,FALSE,0,TRUE,""
"exp3","exp3_091","5_Ide_Cvb_Aff_1",100,"5","experimental","affirmative","ideophone","converbial","manner","high",,FALSE,0,TRUE,""
"exp3","exp3_091","4_NonIde_Cvb_Neg_1",100,"4","experimental","negative","nonideophone","converbial","manner","high",,FALSE,0,TRUE,""
"exp3","exp3_091","4_Ide_Cvb_Neg_1",100,"4","experimental","negative","ideophone","converbial","manner","high",,FALSE,0,TRUE,""
"exp3","exp3_091","3_NonIde_Red_Aff_1",100,"3","experimental","affirmative","nonideophone","reduplication","manner","low",,FALSE,0,TRUE,""
"exp3","exp3_091","3_Ide_Red_Aff_1",100,"3","experimental","affirmative","ideophone","reduplication","manner","low",,FALSE,0,TRUE,""
"exp3","exp3_091","2_NonIde_Red_Neg_1",100,"2","experimental","negative","nonideophone","reduplication","manner","low",,FALSE,0,TRUE,""
"exp3","exp3_091","2_Ide_Red_Neg_1",100,"2","experimental","negative","ideophone","reduplication","manner","low",,FALSE,0,TRUE,""
"exp3","exp3_091","1_NonIde_RegMod_Aff_1",100,"1","experimental","affirmative","nonideophone","manner","manner",,,FALSE,0,TRUE,""
"exp3","exp3_091","1_Ide_RegMod_Aff_1",100,"1","experimental","affirmative","ideophone","manner","manner",,,FALSE,0,TRUE,""
"exp3","exp3_092","Filler_Neg_UnGr_1_50",0,,"catch","negative",,,,,"ungrammatical",FALSE,0,TRUE,""
"exp3","exp3_092","Filler_Neg_UnGr_1_45",0,,"catch","negative",,,,,"ungrammatical",FALSE,0,TRUE,""
"exp3","exp3_092","Filler_Neg_Gr_1_49",100,,"catch","negative",,,,,"grammatical",FALSE,0,TRUE,""
"exp3","exp3_092","Filler_Neg_Gr_1_47",100,,"catch","negative",,,,,"grammatical",FALSE,0,TRUE,""
"exp3","exp3_092","Filler_Aff_UnGr_1_51",0,,"catch","affirmative",,,,,"ungrammatical",FALSE,0,TRUE,""
"exp3","exp3_092","Filler_Aff_UnGr_1_48",0,,"catch","affirmative",,,,,"ungrammatical",FALSE,0,TRUE,""
"exp3","exp3_092","Filler_Aff_Gr_1_52",90,,"catch","affirmative",,,,,"grammatical",FALSE,0,TRUE,""
"exp3","exp3_092","Filler_Aff_Gr_1_46",100,,"catch","affirmative",,,,,"grammatical",FALSE,0,TRUE,""
"exp3","exp3_092","8_NonIde_RegMod_Neg_1",70,"8","experimental","negative","nonideophone","manner","manner",,,FALSE,0,TRUE,""
"exp3","exp3_092","8_Ide_RegMod_Neg_1",60,"8","experimental","negative","ideophone","manner","manner",,,FALSE,0,TRUE,""
"exp3","exp3_092","7_NonIde_Cont_Aff_1",100,"7","experimental","affirmative","nonideophone","temporal","temporal",,,FALSE,0,TRUE,""
"exp3","exp3_092","7_Ide_Cont_Aff_1",100,"7","experimental","affirmative","ideophone","temporal","temporal",,,FALSE,0,TRUE,""
"exp3","exp3_092","6_NonIde_Cont_Neg_1",100,"6","experimental","negative","nonideophone","temporal","temporal",,,FALSE,0,TRUE,""
"exp3","exp3_092","6_Ide_Cont_Neg_1",70,"6","experimental","negative","ideophone","temporal","temporal",,,FALSE,0,TRUE,""
"exp3","exp3_092","5_NonIde_Cvb_Aff_1",100,"5","experimental","affirmative","nonideophone","converbial","manner","high",,FALSE,0,TRUE,""
"exp3","exp3_092","5_Ide_Cvb_Aff_1",100,"5","experimental","affirmative","ideophone","converbial","manner","high",,FALSE,0,TRUE,""
"exp3","exp3_092","4_NonIde_Cvb_Neg_1",70,"4","experimental","negative","nonideophone","converbial","manner","high",,FALSE,0,TRUE,""
"exp3","exp3_092","4_Ide_Cvb_Neg_1",70,"4","experimental","negative","ideophone","converbial","manner","high",,FALSE,0,TRUE,""
"exp3","exp3_092","3_NonIde_Red_Aff_1",100,"3","experimental","affirmative","nonideophone","reduplication","manner","low",,FALSE,0,TRUE,""
"exp3","exp3_092","3_Ide_Red_Aff_1",100,"3","experimental","affirmative","ideophone","reduplication","manner","low",,FALSE,0,TRUE,""
"exp3","exp3_092","2_NonIde_Red_Neg_1",70,"2","experimental","negative","nonideophone","reduplication","manner","low",,FALSE,0,TRUE,""
"exp3","exp3_092","2_Ide_Red_Neg_1",60,"2","experimental","negative","ideophone","reduplication","manner","low",,FALSE,0,TRUE,""
"exp3","exp3_092","1_NonIde_RegMod_Aff_1",100,"1","experimental","affirmative","nonideophone","manner","manner",,,FALSE,0,TRUE,""
"exp3","exp3_092","1_Ide_RegMod_Aff_1",100,"1","experimental","affirmative","ideophone","manner","manner",,,FALSE,0,TRUE,""
"exp3","exp3_093","Filler_Neg_UnGr_1_27",0,,"catch","negative",,,,,"ungrammatical",FALSE,0,TRUE,""
"exp3","exp3_093","Filler_Neg_UnGr_1_24",0,,"catch","negative",,,,,"ungrammatical",FALSE,0,TRUE,""
"exp3","exp3_093","Filler_Neg_Gr_1_28",100,,"catch","negative",,,,,"grammatical",FALSE,0,TRUE,""
"exp3","exp3_093","Filler_Neg_Gr_1_21",100,,"catch","negative",,,,,"grammatical",FALSE,0,TRUE,""
"exp3","exp3_093","Filler_Aff_UnGr_1_26",16,,"catch","affirmative",,,,,"ungrammatical",FALSE,0,TRUE,""
"exp3","exp3_093","Filler_Aff_UnGr_1_22",0,,"catch","affirmative",,,,,"ungrammatical",FALSE,0,TRUE,""
"exp3","exp3_093","Filler_Aff_Gr_1_25",100,,"catch","affirmative",,,,,"grammatical",FALSE,0,TRUE,""
"exp3","exp3_093","Filler_Aff_Gr_1_23",100,,"catch","affirmative",,,,,"grammatical",FALSE,0,TRUE,""
"exp3","exp3_093","8_NonIde_Red_Aff_1",100,"8","experimental","affirmative","nonideophone","reduplication","manner","low",,FALSE,0,TRUE,""
"exp3","exp3_093","8_Ide_Red_Aff_1",100,"8","experimental","affirmative","ideophone","reduplication","manner","low",,FALSE,0,TRUE,""
"exp3","exp3_093","7_NonIde_Red_Neg_1",80,"7","experimental","negative","nonideophone","reduplication","manner","low",,FALSE,0,TRUE,""
"exp3","exp3_093","7_Ide_Red_Neg_1",63,"7","experimental","negative","ideophone","reduplication","manner","low",,FALSE,0,TRUE,""
"exp3","exp3_093","6_NonIde_RegMod_Aff_1",100,"6","experimental","affirmative","nonideophone","manner","manner",,,FALSE,0,TRUE,""
"exp3","exp3_093","6_Ide_RegMod_Aff_1",100,"6","experimental","affirmative","ideophone","manner","manner",,,FALSE,0,TRUE,""
"exp3","exp3_093","5_NonIde_RegMod_Neg_1",34,"5","experimental","negative","nonideophone","manner","manner",,,FALSE,0,TRUE,""
"exp3","exp3_093","5_Ide_RegMod_Neg_1",0,"5","experimental","negative","ideophone","manner","manner",,,FALSE,0,TRUE,""
"exp3","exp3_093","4_NonIde_Cont_Aff_1",100,"4","experimental","affirmative","nonideophone","temporal","temporal",,,FALSE,0,TRUE,""
"exp3","exp3_093","4_Ide_Cont_Aff_1",100,"4","experimental","affirmative","ideophone","temporal","temporal",,,FALSE,0,TRUE,""
"exp3","exp3_093","3_NonIde_Cont_Neg_1",100,"3","experimental","negative","nonideophone","temporal","temporal",,,FALSE,0,TRUE,""
"exp3","exp3_093","3_Ide_Cont_Neg_1",77,"3","experimental","negative","ideophone","temporal","temporal",,,FALSE,0,TRUE,""
"exp3","exp3_093","2_NonIde_Cvb_Aff_1",100,"2","experimental","affirmative","nonideophone","converbial","manner","high",,FALSE,0,TRUE,""
"exp3","exp3_093","2_Ide_Cvb_Aff_1",100,"2","experimental","affirmative","ideophone","converbial","manner","high",,FALSE,0,TRUE,""
"exp3","exp3_093","1_NonIde_Cvb_Neg_1",58,"1","experimental","negative","nonideophone","converbial","manner","high",,FALSE,0,TRUE,""
"exp3","exp3_093","1_Ide_Cvb_Neg_1",100,"1","experimental","negative","ideophone","converbial","manner","high",,FALSE,0,TRUE,""
"exp3","exp3_094","Filler_Neg_UnGr_1_3",0,,"catch","negative",,,,,"ungrammatical",FALSE,0,TRUE,""
"exp3","exp3_094","Filler_Neg_UnGr_1",0,,"catch","negative",,,,,"ungrammatical",FALSE,0,TRUE,""
"exp3","exp3_094","Filler_Neg_Gr_1_1",89,,"catch","negative",,,,,"grammatical",FALSE,0,TRUE,""
"exp3","exp3_094","Filler_Neg_Gr_1",90,,"catch","negative",,,,,"grammatical",FALSE,0,TRUE,""
"exp3","exp3_094","Filler_Aff_UnGr_1_2",0,,"catch","affirmative",,,,,"ungrammatical",FALSE,0,TRUE,""
"exp3","exp3_094","Filler_Aff_UnGr_1",0,,"catch","affirmative",,,,,"ungrammatical",FALSE,0,TRUE,""
"exp3","exp3_094","Filler_Aff_Gr_1_4",75,,"catch","affirmative",,,,,"grammatical",FALSE,0,TRUE,""
"exp3","exp3_094","Filler_Aff_Gr_1",100,,"catch","affirmative",,,,,"grammatical",FALSE,0,TRUE,""
"exp3","exp3_094","8_NonIde_Cont_Neg_1",100,"8","experimental","negative","nonideophone","temporal","temporal",,,FALSE,0,TRUE,""
"exp3","exp3_094","8_Ide_Cont_Neg_1",30,"8","experimental","negative","ideophone","temporal","temporal",,,FALSE,0,TRUE,""
"exp3","exp3_094","7_NonIde_Cvb_Aff_1",100,"7","experimental","affirmative","nonideophone","converbial","manner","high",,FALSE,0,TRUE,""
"exp3","exp3_094","7_Ide_Cvb_Aff_1",100,"7","experimental","affirmative","ideophone","converbial","manner","high",,FALSE,0,TRUE,""
"exp3","exp3_094","6_NonIde_Cvb_Neg_1",81,"6","experimental","negative","nonideophone","converbial","manner","high",,FALSE,0,TRUE,""
"exp3","exp3_094","6_Ide_Cvb_Neg_1",0,"6","experimental","negative","ideophone","converbial","manner","high",,FALSE,0,TRUE,""
"exp3","exp3_094","5_NonIde_Red_Aff_1",100,"5","experimental","affirmative","nonideophone","reduplication","manner","low",,FALSE,0,TRUE,""
"exp3","exp3_094","5_Ide_Red_Aff_1",100,"5","experimental","affirmative","ideophone","reduplication","manner","low",,FALSE,0,TRUE,""
"exp3","exp3_094","4_NonIde_Red_Neg_1",81,"4","experimental","negative","nonideophone","reduplication","manner","low",,FALSE,0,TRUE,""
"exp3","exp3_094","4_Ide_Red_Neg_1",65,"4","experimental","negative","ideophone","reduplication","manner","low",,FALSE,0,TRUE,""
"exp3","exp3_094","3_NonIde_RegMod_Aff_1",100,"3","experimental","affirmative","nonideophone","manner","manner",,,FALSE,0,TRUE,""
"exp3","exp3_094","3_Ide_RegMod_Aff_1",100,"3","experimental","affirmative","ideophone","manner","manner",,,FALSE,0,TRUE,""
"exp3","exp3_094","2_NonIde_RegMod_Neg_1",67,"2","experimental","negative","nonideophone","manner","manner",,,FALSE,0,TRUE,""
"exp3","exp3_094","2_Ide_RegMod_Neg_1",68,"2","experimental","negative","ideophone","manner","manner",,,FALSE,0,TRUE,""
"exp3","exp3_094","1_NonIde_Cont_Aff_1",100,"1","experimental","affirmative","nonideophone","temporal","temporal",,,FALSE,0,TRUE,""
"exp3","exp3_094","1_Ide_Cont_Aff_1",100,"1","experimental","affirmative","ideophone","temporal","temporal",,,FALSE,0,TRUE,""
"exp3","exp3_095","Filler_Neg_UnGr_1_18",0,,"catch","negative",,,,,"ungrammatical",FALSE,1,TRUE,""
"exp3","exp3_095","Filler_Neg_UnGr_1_13",80,,"catch","negative",,,,,"ungrammatical",FALSE,1,TRUE,""
"exp3","exp3_095","Filler_Neg_Gr_1_17",100,,"catch","negative",,,,,"grammatical",FALSE,1,TRUE,""
"exp3","exp3_095","Filler_Neg_Gr_1_15",100,,"catch","negative",,,,,"grammatical",FALSE,1,TRUE,""
"exp3","exp3_095","Filler_Aff_UnGr_1_19",0,,"catch","affirmative",,,,,"ungrammatical",FALSE,1,TRUE,""
"exp3","exp3_095","Filler_Aff_UnGr_1_16",95,,"catch","affirmative",,,,,"ungrammatical",TRUE,1,TRUE,""
"exp3","exp3_095","Filler_Aff_Gr_1_20",100,,"catch","affirmative",,,,,"grammatical",FALSE,1,TRUE,""
"exp3","exp3_095","Filler_Aff_Gr_1_14",100,,"catch","affirmative",,,,,"grammatical",FALSE,1,TRUE,""
"exp3","exp3_095","8_NonIde_Cvb_Neg_1",100,"8","experimental","negative","nonideophone","converbial","manner","high",,FALSE,1,TRUE,""
"exp3","exp3_095","8_Ide_Cvb_Neg_1",100,"8","experimental","negative","ideophone","converbial","manner","high",,FALSE,1,TRUE,""
"exp3","exp3_095","7_NonIde_Red_Aff_1",100,"7","experimental","affirmative","nonideophone","reduplication","manner","low",,FALSE,1,TRUE,""
"exp3","exp3_095","7_Ide_Red_Aff_1",100,"7","experimental","affirmative","ideophone","reduplication","manner","low",,FALSE,1,TRUE,""
"exp3","exp3_095","6_NonIde_Red_Neg_1",100,"6","experimental","negative","nonideophone","reduplication","manner","low",,FALSE,1,TRUE,""
"exp3","exp3_095","6_Ide_Red_Neg_1",95,"6","experimental","negative","ideophone","reduplication","manner","low",,FALSE,1,TRUE,""
"exp3","exp3_095","5_NonIde_RegMod_Aff_1",100,"5","experimental","affirmative","nonideophone","manner","manner",,,FALSE,1,TRUE,""
"exp3","exp3_095","5_Ide_RegMod_Aff_1",100,"5","experimental","affirmative","ideophone","manner","manner",,,FALSE,1,TRUE,""
"exp3","exp3_095","4_NonIde_RegMod_Neg_1",100,"4","experimental","negative","nonideophone","manner","manner",,,FALSE,1,TRUE,""
"exp3","exp3_095","4_Ide_RegMod_Neg_1",100,"4","experimental","negative","ideophone","manner","manner",,,FALSE,1,TRUE,""
"exp3","exp3_095","3_NonIde_Cont_Aff_1",100,"3","experimental","affirmative","nonideophone","temporal","temporal",,,FALSE,1,TRUE,""
"exp3","exp3_095","3_Ide_Cont_Aff_1",100,"3","experimental","affirmative","ideophone","temporal","temporal",,,FALSE,1,TRUE,""
"exp3","exp3_095","2_NonIde_Cont_Neg_1",100,"2","experimental","negative","nonideophone","temporal","temporal",,,FALSE,1,TRUE,""
"exp3","exp3_095","2_Ide_Cont_Neg_1",100,"2","experimental","negative","ideophone","temporal","temporal",,,FALSE,1,TRUE,""
"exp3","exp3_095","1_NonIde_Cvb_Aff_1",0,"1","experimental","affirmative","nonideophone","converbial","manner","high",,FALSE,1,TRUE,""
"exp3","exp3_095","1_Ide_Cvb_Aff_1",90,"1","experimental","affirmative","ideophone","converbial","manner","high",,FALSE,1,TRUE,""
"exp3","exp3_096","Filler_Neg_UnGr_1_27",0,,"catch","negative",,,,,"ungrammatical",FALSE,0,TRUE,""
"exp3","exp3_096","Filler_Neg_UnGr_1_24",0,,"catch","negative",,,,,"ungrammatical",FALSE,0,TRUE,""
"exp3","exp3_096","Filler_Neg_Gr_1_28",100,,"catch","negative",,,,,"grammatical",FALSE,0,TRUE,""
"exp3","exp3_096","Filler_Neg_Gr_1_21",100,,"catch","negative",,,,,"grammatical",FALSE,0,TRUE,""
"exp3","exp3_096","Filler_Aff_UnGr_1_26",0,,"catch","affirmative",,,,,"ungrammatical",FALSE,0,TRUE,""
"exp3","exp3_096","Filler_Aff_UnGr_1_22",0,,"catch","affirmative",,,,,"ungrammatical",FALSE,0,TRUE,""
"exp3","exp3_096","Filler_Aff_Gr_1_25",100,,"catch","affirmative",,,,,"grammatical",FALSE,0,TRUE,""
"exp3","exp3_096","Filler_Aff_Gr_1_23",100,,"catch","affirmative",,,,,"grammatical",FALSE,0,TRUE,""
"exp3","exp3_096","8_NonIde_Red_Aff_1",100,"8","experimental","affirmative","nonideophone","reduplication","manner","low",,FALSE,0,TRUE,""
"exp3","exp3_096","8_Ide_Red_Aff_1",100,"8","experimental","affirmative","ideophone","reduplication","manner","low",,FALSE,0,TRUE,""
"exp3","exp3_096","7_NonIde_Red_Neg_1",100,"7","experimental","negative","nonideophone","reduplication","manner","low",,FALSE,0,TRUE,""
"exp3","exp3_096","7_Ide_Red_Neg_1",100,"7","experimental","negative","ideophone","reduplication","manner","low",,FALSE,0,TRUE,""
"exp3","exp3_096","6_NonIde_RegMod_Aff_1",100,"6","experimental","affirmative","nonideophone","manner","manner",,,FALSE,0,TRUE,""
"exp3","exp3_096","6_Ide_RegMod_Aff_1",100,"6","experimental","affirmative","ideophone","manner","manner",,,FALSE,0,TRUE,""
"exp3","exp3_096","5_NonIde_RegMod_Neg_1",100,"5","experimental","negative","nonideophone","manner","manner",,,FALSE,0,TRUE,""
"exp3","exp3_096","5_Ide_RegMod_Neg_1",100,"5","experimental","negative","ideophone","manner","manner",,,FALSE,0,TRUE,""
"exp3","exp3_096","4_NonIde_Cont_Aff_1",100,"4","experimental","affirmative","nonideophone","temporal","temporal",,,FALSE,0,TRUE,""
"exp3","exp3_096","4_Ide_Cont_Aff_1",100,"4","experimental","affirmative","ideophone","temporal","temporal",,,FALSE,0,TRUE,""
"exp3","exp3_096","3_NonIde_Cont_Neg_1",100,"3","experimental","negative","nonideophone","temporal","temporal",,,FALSE,0,TRUE,""
"exp3","exp3_096","3_Ide_Cont_Neg_1",100,"3","experimental","negative","ideophone","temporal","temporal",,,FALSE,0,TRUE,""
"exp3","exp3_096","2_NonIde_Cvb_Aff_1",100,"2","experimental","affirmative","nonideophone","converbial","manner","high",,FALSE,0,TRUE,""
"exp3","exp3_096","2_Ide_Cvb_Aff_1",100,"2","experimental","affirmative","ideophone","converbial","manner","high",,FALSE,0,TRUE,""
"exp3","exp3_096","1_NonIde_Cvb_Neg_1",100,"1","experimental","negative","nonideophone","converbial","manner","high",,FALSE,0,TRUE,""
"exp3","exp3_096","1_Ide_Cvb_Neg_1",100,"1","experimental","negative","ideophone","converbial","manner","high",,FALSE,0,TRUE,""
"exp3","exp3_097","Filler_Neg_UnGr_1_18",0,,"catch","negative",,,,,"ungrammatical",FALSE,0,TRUE,""
"exp3","exp3_097","Filler_Neg_UnGr_1_13",0,,"catch","negative",,,,,"ungrammatical",FALSE,0,TRUE,""
"exp3","exp3_097","Filler_Neg_Gr_1_17",100,,"catch","negative",,,,,"grammatical",FALSE,0,TRUE,""
"exp3","exp3_097","Filler_Neg_Gr_1_15",100,,"catch","negative",,,,,"grammatical",FALSE,0,TRUE,""
"exp3","exp3_097","Filler_Aff_UnGr_1_19",0,,"catch","affirmative",,,,,"ungrammatical",FALSE,0,TRUE,""
"exp3","exp3_097","Filler_Aff_UnGr_1_16",0,,"catch","affirmative",,,,,"ungrammatical",FALSE,0,TRUE,""
"exp3","exp3_097","Filler_Aff_Gr_1_20",100,,"catch","affirmative",,,,,"grammatical",FALSE,0,TRUE,""
"exp3","exp3_097","Filler_Aff_Gr_1_14",100,,"catch","affirmative",,,,,"grammatical",FALSE,0,TRUE,""
"exp3","exp3_097","8_NonIde_Cvb_Neg_1",100,"8","experimental","negative","nonideophone","converbial","manner","high",,FALSE,0,TRUE,""
"exp3","exp3_097","8_Ide_Cvb_Neg_1",100,"8","experimental","negative","ideophone","converbial","manner","high",,FALSE,0,TRUE,""
"exp3","exp3_097","7_NonIde_Red_Aff_1",100,"7","experimental","affirmative","nonideophone","reduplication","manner","low",,FALSE,0,TRUE,""
"exp3","exp3_097","7_Ide_Red_Aff_1",100,"7","experimental","affirmative","ideophone","reduplication","manner","low",,FALSE,0,TRUE,""
"exp3","exp3_097","6_NonIde_Red_Neg_1",100,"6","experimental","negative","nonideophone","reduplication","manner","low",,FALSE,0,TRUE,""
"exp3","exp3_097","6_Ide_Red_Neg_1",86,"6","experimental","negative","ideophone","reduplication","manner","low",,FALSE,0,TRUE,""
"exp3","exp3_097","5_NonIde_RegMod_Aff_1",100,"5","experimental","affirmative","nonideophone","manner","manner",,,FALSE,0,TRUE,""
"exp3","exp3_097","5_Ide_RegMod_Aff_1",100,"5","experimental","affirmative","ideophone","manner","manner",,,FALSE,0,TRUE,""
"exp3","exp3_097","4_NonIde_RegMod_Neg_1",100,"4","experimental","negative","nonideophone","manner","manner",,,FALSE,0,TRUE,""
"exp3","exp3_097","4_Ide_RegMod_Neg_1",100,"4","experimental","negative","ideophone","manner","manner",,,FALSE,0,TRUE,""
"exp3","exp3_097","3_NonIde_Cont_Aff_1",95,"3","experimental","affirmative","nonideophone","temporal","temporal",,,FALSE,0,TRUE,""
"exp3","exp3_097","3_Ide_Cont_Aff_1",100,"3","experimental","affirmative","ideophone","temporal","temporal",,,FALSE,0,TRUE,""
"exp3","exp3_097","2_NonIde_Cont_Neg_1",100,"2","experimental","negative","nonideophone","temporal","temporal",,,FALSE,0,TRUE,""
"exp3","exp3_097","2_Ide_Cont_Neg_1",100,"2","experimental","negative","ideophone","temporal","temporal",,,FALSE,0,TRUE,""
"exp3","exp3_097","1_NonIde_Cvb_Aff_1",89,"1","experimental","affirmative","nonideophone","converbial","manner","high",,FALSE,0,TRUE,""
"exp3","exp3_097","1_Ide_Cvb_Aff_1",0,"1","experimental","affirmative","ideophone","converbial","manner","high",,FALSE,0,TRUE,""
"exp3","exp3_098","Filler_Neg_UnGr_1_59",0,,"catch","negative",,,,,"ungrammatical",FALSE,0,TRUE,""
"exp3","exp3_098","Filler_Neg_UnGr_1_56",0,,"catch","negative",,,,,"ungrammatical",FALSE,0,TRUE,""
"exp3","exp3_098","Filler_Neg_Gr_1_60",100,,"catch","negative",,,,,"grammatical",FALSE,0,TRUE,""
"exp3","exp3_098","Filler_Neg_Gr_1_53",100,,"catch","negative",,,,,"grammatical",FALSE,0,TRUE,""
"exp3","exp3_098","Filler_Aff_UnGr_1_58",0,,"catch","affirmative",,,,,"ungrammatical",FALSE,0,TRUE,""
"exp3","exp3_098","Filler_Aff_UnGr_1_54",0,,"catch","affirmative",,,,,"ungrammatical",FALSE,0,TRUE,""
"exp3","exp3_098","Filler_Aff_Gr_1_57",100,,"catch","affirmative",,,,,"grammatical",FALSE,0,TRUE,""
"exp3","exp3_098","Filler_Aff_Gr_1_55",100,,"catch","affirmative",,,,,"grammatical",FALSE,0,TRUE,""
"exp3","exp3_098","8_NonIde_Cont_Aff_1",100,"8","experimental","affirmative","nonideophone","temporal","temporal",,,FALSE,0,TRUE,""
"exp3","exp3_098","8_Ide_Cont_Aff_1",100,"8","experimental","affirmative","ideophone","temporal","temporal",,,FALSE,0,TRUE,""
"exp3","exp3_098","7_NonIde_Cont_Neg_1",100,"7","experimental","negative","nonideophone","temporal","temporal",,,FALSE,0,TRUE,""
"exp3","exp3_098","7_Ide_Cont_Neg_1",90,"7","experimental","negative","ideophone","temporal","temporal",,,FALSE,0,TRUE,""
"exp3","exp3_098","6_NonIde_Cvb_Aff_1",100,"6","experimental","affirmative","nonideophone","converbial","manner","high",,FALSE,0,TRUE,""
"exp3","exp3_098","6_Ide_Cvb_Aff_1",100,"6","experimental","affirmative","ideophone","converbial","manner","high",,FALSE,0,TRUE,""
"exp3","exp3_098","5_NonIde_Cvb_Neg_1",85,"5","experimental","negative","nonideophone","converbial","manner","high",,FALSE,0,TRUE,""
"exp3","exp3_098","5_Ide_Cvb_Neg_1",65,"5","experimental","negative","ideophone","converbial","manner","high",,FALSE,0,TRUE,""
"exp3","exp3_098","4_NonIde_Red_Aff_1",100,"4","experimental","affirmative","nonideophone","reduplication","manner","low",,FALSE,0,TRUE,""
"exp3","exp3_098","4_Ide_Red_Aff_1",85,"4","experimental","affirmative","ideophone","reduplication","manner","low",,FALSE,0,TRUE,""
"exp3","exp3_098","3_NonIde_Red_Neg_1",100,"3","experimental","negative","nonideophone","reduplication","manner","low",,FALSE,0,TRUE,""
"exp3","exp3_098","3_Ide_Red_Neg_1",100,"3","experimental","negative","ideophone","reduplication","manner","low",,FALSE,0,TRUE,""
"exp3","exp3_098","2_NonIde_RegMod_Aff_1",100,"2","experimental","affirmative","nonideophone","manner","manner",,,FALSE,0,TRUE,""
"exp3","exp3_098","2_Ide_RegMod_Aff_1",100,"2","experimental","affirmative","ideophone","manner","manner",,,FALSE,0,TRUE,""
"exp3","exp3_098","1_NonIde_RegMod_Neg_1",100,"1","experimental","negative","nonideophone","manner","manner",,,FALSE,0,TRUE,""
"exp3","exp3_098","1_Ide_RegMod_Neg_1",100,"1","experimental","negative","ideophone","manner","manner",,,FALSE,0,TRUE,""
"exp3","exp3_099","Filler_Neg_UnGr_1_34",0,,"catch","negative",,,,,"ungrammatical",FALSE,0,TRUE,""
"exp3","exp3_099","Filler_Neg_UnGr_1_30",0,,"catch","negative",,,,,"ungrammatical",FALSE,0,TRUE,""
"exp3","exp3_099","Filler_Neg_Gr_1_33",100,,"catch","negative",,,,,"grammatical",FALSE,0,TRUE,""
"exp3","exp3_099","Filler_Neg_Gr_1_31",100,,"catch","negative",,,,,"grammatical",FALSE,0,TRUE,""
"exp3","exp3_099","Filler_Aff_UnGr_1_35",0,,"catch","affirmative",,,,,"ungrammatical",FALSE,0,TRUE,""
"exp3","exp3_099","Filler_Aff_UnGr_1_32",0,,"catch","affirmative",,,,,"ungrammatical",FALSE,0,TRUE,""
"exp3","exp3_099","Filler_Aff_Gr_1_36",100,,"catch","affirmative",,,,,"grammatical",FALSE,0,TRUE,""
"exp3","exp3_099","Filler_Aff_Gr_1_29",100,,"catch","affirmative",,,,,"grammatical",FALSE,0,TRUE,""
"exp3","exp3_099","8_NonIde_Red_Neg_1",15,"8","experimental","negative","nonideophone","reduplication","manner","low",,FALSE,0,TRUE,""
"exp3","exp3_099","8_Ide_Red_Neg_1",69,"8","experimental","negative","ideophone","reduplication","manner","low",,FALSE,0,TRUE,""
"exp3","exp3_099","7_NonIde_RegMod_Aff_1",100,"7","experimental","affirmative","nonideophone","manner","manner",,,FALSE,0,TRUE,""
"exp3","exp3_099","7_Ide_RegMod_Aff_1",100,"7","experimental","affirmative","ideophone","manner","manner",,,FALSE,0,TRUE,""
"exp3","exp3_099","6_NonIde_RegMod_Neg_1",0,"6","experimental","negative","nonideophone","manner","manner",,,FALSE,0,TRUE,""
"exp3","exp3_099","6_Ide_RegMod_Neg_1",0,"6","experimental","negative","ideophone","manner","manner",,,FALSE,0,TRUE,""
"exp3","exp3_099","5_NonIde_Cont_Aff_1",100,"5","experimental","affirmative","nonideophone","temporal","temporal",,,FALSE,0,TRUE,""
"exp3","exp3_099","5_Ide_Cont_Aff_1",77,"5","experimental","affirmative","ideophone","temporal","temporal",,,FALSE,0,TRUE,""
"exp3","exp3_099","4_NonIde_Cont_Neg_1",19,"4","experimental","negative","nonideophone","temporal","temporal",,,FALSE,0,TRUE,""
"exp3","exp3_099","4_Ide_Cont_Neg_1",100,"4","experimental","negative","ideophone","temporal","temporal",,,FALSE,0,TRUE,""
"exp3","exp3_099","3_NonIde_Cvb_Aff_1",75,"3","experimental","affirmative","nonideophone","converbial","manner","high",,FALSE,0,TRUE,""
"exp3","exp3_099","3_Ide_Cvb_Aff_1",100,"3","experimental","affirmative","ideophone","converbial","manner","high",,FALSE,0,TRUE,""
"exp3","exp3_099","2_NonIde_Cvb_Neg_1",66,"2","experimental","negative","nonideophone","converbial","manner","high",,FALSE,0,TRUE,""
"exp3","exp3_099","2_Ide_Cvb_Neg_1",0,"2","experimental","negative","ideophone","converbial","manner","high",,FALSE,0,TRUE,""
"exp3","exp3_099","1_NonIde_Red_Aff_1",60,"1","experimental","affirmative","nonideophone","reduplication","manner","low",,FALSE,0,TRUE,""
"exp3","exp3_099","1_Ide_Red_Aff_1",100,"1","experimental","affirmative","ideophone","reduplication","manner","low",,FALSE,0,TRUE,""
"exp3","exp3_100","Filler_Neg_UnGr_1_43",0,,"catch","negative",,,,,"ungrammatical",FALSE,0,TRUE,""
"exp3","exp3_100","Filler_Neg_UnGr_1_40",0,,"catch","negative",,,,,"ungrammatical",FALSE,0,TRUE,""
"exp3","exp3_100","Filler_Neg_Gr_1_44",100,,"catch","negative",,,,,"grammatical",FALSE,0,TRUE,""
"exp3","exp3_100","Filler_Neg_Gr_1_38",80,,"catch","negative",,,,,"grammatical",FALSE,0,TRUE,""
"exp3","exp3_100","Filler_Aff_UnGr_1_42",0,,"catch","affirmative",,,,,"ungrammatical",FALSE,0,TRUE,""
"exp3","exp3_100","Filler_Aff_UnGr_1_37",0,,"catch","affirmative",,,,,"ungrammatical",FALSE,0,TRUE,""
"exp3","exp3_100","Filler_Aff_Gr_1_41",100,,"catch","affirmative",,,,,"grammatical",FALSE,0,TRUE,""
"exp3","exp3_100","Filler_Aff_Gr_1_39",100,,"catch","affirmative",,,,,"grammatical",FALSE,0,TRUE,""
"exp3","exp3_100","8_NonIde_RegMod_Aff_1",100,"8","experimental","affirmative","nonideophone","manner","manner",,,FALSE,0,TRUE,""
"exp3","exp3_100","8_Ide_RegMod_Aff_1",100,"8","experimental","affirmative","ideophone","manner","manner",,,FALSE,0,TRUE,""
"exp3","exp3_100","7_NonIde_RegMod_Neg_1",92,"7","experimental","negative","nonideophone","manner","manner",,,FALSE,0,TRUE,""
"exp3","exp3_100","7_Ide_RegMod_Neg_1",91,"7","experimental","negative","ideophone","manner","manner",,,FALSE,0,TRUE,""
"exp3","exp3_100","6_NonIde_Cont_Aff_1",100,"6","experimental","affirmative","nonideophone","temporal","temporal",,,FALSE,0,TRUE,""
"exp3","exp3_100","6_Ide_Cont_Aff_1",100,"6","experimental","affirmative","ideophone","temporal","temporal",,,FALSE,0,TRUE,""
"exp3","exp3_100","5_NonIde_Cont_Neg_1",87,"5","experimental","negative","nonideophone","temporal","temporal",,,FALSE,0,TRUE,""
"exp3","exp3_100","5_Ide_Cont_Neg_1",92,"5","experimental","negative","ideophone","temporal","temporal",,,FALSE,0,TRUE,""
"exp3","exp3_100","4_NonIde_Cvb_Aff_1",100,"4","experimental","affirmative","nonideophone","converbial","manner","high",,FALSE,0,TRUE,""
"exp3","exp3_100","4_Ide_Cvb_Aff_1",100,"4","experimental","affirmative","ideophone","converbial","manner","high",,FALSE,0,TRUE,""
"exp3","exp3_100","3_NonIde_Cvb_Neg_1",75,"3","experimental","negative","nonideophone","converbial","manner","high",,FALSE,0,TRUE,""
"exp3","exp3_100","3_Ide_Cvb_Neg_1",86,"3","experimental","negative","ideophone","converbial","manner","high",,FALSE,0,TRUE,""
"exp3","exp3_100","2_NonIde_Red_Aff_1",100,"2","experimental","affirmative","nonideophone","reduplication","manner","low",,FALSE,0,TRUE,""
"exp3","exp3_100","2_Ide_Red_Aff_1",100,"2","experimental","affirmative","ideophone","reduplication","manner","low",,FALSE,0,TRUE,""
"exp3","exp3_100","1_NonIde_Red_Neg_1",93,"1","experimental","negative","nonideophone","reduplication","manner","low",,FALSE,0,TRUE,""
"exp3","exp3_100","1_Ide_Red_Neg_1",36,"1","experimental","negative","ideophone","reduplication","manner","low",,FALSE,0,TRUE,""
"exp3","exp3_101","Filler_Neg_UnGr_1_34",0,,"catch","negative",,,,,"ungrammatical",FALSE,0,TRUE,""
"exp3","exp3_101","Filler_Neg_UnGr_1_30",0,,"catch","negative",,,,,"ungrammatical",FALSE,0,TRUE,""
"exp3","exp3_101","Filler_Neg_Gr_1_33",12,,"catch","negative",,,,,"grammatical",FALSE,0,TRUE,""
"exp3","exp3_101","Filler_Neg_Gr_1_31",13,,"catch","negative",,,,,"grammatical",FALSE,0,TRUE,""
"exp3","exp3_101","Filler_Aff_UnGr_1_35",7,,"catch","affirmative",,,,,"ungrammatical",FALSE,0,TRUE,""
"exp3","exp3_101","Filler_Aff_UnGr_1_32",0,,"catch","affirmative",,,,,"ungrammatical",FALSE,0,TRUE,""
"exp3","exp3_101","Filler_Aff_Gr_1_36",87,,"catch","affirmative",,,,,"grammatical",FALSE,0,TRUE,""
"exp3","exp3_101","Filler_Aff_Gr_1_29",79,,"catch","affirmative",,,,,"grammatical",FALSE,0,TRUE,""
"exp3","exp3_101","8_NonIde_Red_Neg_1",11,"8","experimental","negative","nonideophone","reduplication","manner","low",,FALSE,0,TRUE,""
"exp3","exp3_101","8_Ide_Red_Neg_1",18,"8","experimental","negative","ideophone","reduplication","manner","low",,FALSE,0,TRUE,""
"exp3","exp3_101","7_NonIde_RegMod_Aff_1",83,"7","experimental","affirmative","nonideophone","manner","manner",,,FALSE,0,TRUE,""
"exp3","exp3_101","7_Ide_RegMod_Aff_1",95,"7","experimental","affirmative","ideophone","manner","manner",,,FALSE,0,TRUE,""
"exp3","exp3_101","6_NonIde_RegMod_Neg_1",64,"6","experimental","negative","nonideophone","manner","manner",,,FALSE,0,TRUE,""
"exp3","exp3_101","6_Ide_RegMod_Neg_1",8,"6","experimental","negative","ideophone","manner","manner",,,FALSE,0,TRUE,""
"exp3","exp3_101","5_NonIde_Cont_Aff_1",100,"5","experimental","affirmative","nonideophone","temporal","temporal",,,FALSE,0,TRUE,""
"exp3","exp3_101","5_Ide_Cont_Aff_1",100,"5","experimental","affirmative","ideophone","temporal","temporal",,,FALSE,0,TRUE,""
"exp3","exp3_101","4_NonIde_Cont_Neg_1",12,"4","experimental","negative","nonideophone","temporal","temporal",,,FALSE,0,TRUE,""
"exp3","exp3_101","4_Ide_Cont_Neg_1",20,"4","experimental","negative","ideophone","temporal","temporal",,,FALSE,0,TRUE,""
"exp3","exp3_101","3_NonIde_Cvb_Aff_1",100,"3","experimental","affirmative","nonideophone","converbial","manner","high",,FALSE,0,TRUE,""
"exp3","exp3_101","3_Ide_Cvb_Aff_1",100,"3","experimental","affirmative","ideophone","converbial","manner","high",,FALSE,0,TRUE,""
"exp3","exp3_101","2_NonIde_Cvb_Neg_1",13,"2","experimental","negative","nonideophone","converbial","manner","high",,FALSE,0,TRUE,""
"exp3","exp3_101","2_Ide_Cvb_Neg_1",0,"2","experimental","negative","ideophone","converbial","manner","high",,FALSE,0,TRUE,""
"exp3","exp3_101","1_NonIde_Red_Aff_1",81,"1","experimental","affirmative","nonideophone","reduplication","manner","low",,FALSE,0,TRUE,""
"exp3","exp3_101","1_Ide_Red_Aff_1",83,"1","experimental","affirmative","ideophone","reduplication","manner","low",,FALSE,0,TRUE,""
"exp3","exp3_102","Filler_Neg_UnGr_1_3",0,,"catch","negative",,,,,"ungrammatical",FALSE,0,TRUE,""
"exp3","exp3_102","Filler_Neg_UnGr_1",0,,"catch","negative",,,,,"ungrammatical",FALSE,0,TRUE,""
"exp3","exp3_102","Filler_Neg_Gr_1_1",100,,"catch","negative",,,,,"grammatical",FALSE,0,TRUE,""
"exp3","exp3_102","Filler_Neg_Gr_1",100,,"catch","negative",,,,,"grammatical",FALSE,0,TRUE,""
"exp3","exp3_102","Filler_Aff_UnGr_1_2",0,,"catch","affirmative",,,,,"ungrammatical",FALSE,0,TRUE,""
"exp3","exp3_102","Filler_Aff_UnGr_1",0,,"catch","affirmative",,,,,"ungrammatical",FALSE,0,TRUE,""
"exp3","exp3_102","Filler_Aff_Gr_1_4",100,,"catch","affirmative",,,,,"grammatical",FALSE,0,TRUE,""
"exp3","exp3_102","Filler_Aff_Gr_1",100,,"catch","affirmative",,,,,"grammatical",FALSE,0,TRUE,""
"exp3","exp3_102","8_NonIde_Cont_Neg_1",0,"8","experimental","negative","nonideophone","temporal","temporal",,,FALSE,0,TRUE,""
"exp3","exp3_102","8_Ide_Cont_Neg_1",100,"8","experimental","negative","ideophone","temporal","temporal",,,FALSE,0,TRUE,""
"exp3","exp3_102","7_NonIde_Cvb_Aff_1",100,"7","experimental","affirmative","nonideophone","converbial","manner","high",,FALSE,0,TRUE,""
"exp3","exp3_102","7_Ide_Cvb_Aff_1",100,"7","experimental","affirmative","ideophone","converbial","manner","high",,FALSE,0,TRUE,""
"exp3","exp3_102","6_NonIde_Cvb_Neg_1",0,"6","experimental","negative","nonideophone","converbial","manner","high",,FALSE,0,TRUE,""
"exp3","exp3_102","6_Ide_Cvb_Neg_1",0,"6","experimental","negative","ideophone","converbial","manner","high",,FALSE,0,TRUE,""
"exp3","exp3_102","5_NonIde_Red_Aff_1",100,"5","experimental","affirmative","nonideophone","reduplication","manner","low",,FALSE,0,TRUE,""
"exp3","exp3_102","5_Ide_Red_Aff_1",100,"5","experimental","affirmative","ideophone","reduplication","manner","low",,FALSE,0,TRUE,""
"exp3","exp3_102","4_NonIde_Red_Neg_1",0,"4","experimental","negative","nonideophone","reduplication","manner","low",,FALSE,0,TRUE,""
"exp3","exp3_102","4_Ide_Red_Neg_1",0,"4","experimental","negative","ideophone","reduplication","manner","low",,FALSE,0,TRUE,""
"exp3","exp3_102","3_NonIde_RegMod_Aff_1",100,"3","experimental","affirmative","nonideophone","manner","manner",,,FALSE,0,TRUE,""
"exp3","exp3_102","3_Ide_RegMod_Aff_1",100,"3","experimental","affirmative","ideophone","manner","manner",,,FALSE,0,TRUE,""
"exp3","exp3_102","2_NonIde_RegMod_Neg_1",0,"2","experimental","negative","nonideophone","manner","manner",,,FALSE,0,TRUE,""
"exp3","exp3_102","2_Ide_RegMod_Neg_1",100,"2","experimental","negative","ideophone","manner","manner",,,FALSE,0,TRUE,""
"exp3","exp3_102","1_NonIde_Cont_Aff_1",0,"1","experimental","affirmative","nonideophone","temporal","temporal",,,FALSE,0,TRUE,""
"exp3","exp3_102","1_Ide_Cont_Aff_1",100,"1","experimental","affirmative","ideophone","temporal","temporal",,,FALSE,0,TRUE,""
"exp3","exp3_103","Filler_Neg_UnGr_1_50",0,,"catch","negative",,,,,"ungrammatical",FALSE,0,TRUE,""
"exp3","exp3_103","Filler_Neg_UnGr_1_45",0,,"catch","negative",,,,,"ungrammatical",FALSE,0,TRUE,""
"exp3","exp3_103","Filler_Neg_Gr_1_49",80,,"catch","negative",,,,,"grammatical",FALSE,0,TRUE,""
"exp3","exp3_103","Filler_Neg_Gr_1_47",80,,"catch","negative",,,,,"grammatical",FALSE,0,TRUE,""
"exp3","exp3_103","Filler_Aff_UnGr_1_51",0,,"catch","affirmative",,,,,"ungrammatical",FALSE,0,TRUE,""
"exp3","exp3_103","Filler_Aff_UnGr_1_48",0,,"catch","affirmative",,,,,"ungrammatical",FALSE,0,TRUE,""
"exp3","exp3_103","Filler_Aff_Gr_1_52",60,,"catch","affirmative",,,,,"grammatical",FALSE,0,TRUE,""
"exp3","exp3_103","Filler_Aff_Gr_1_46",90,,"catch","affirmative",,,,,"grammatical",FALSE,0,TRUE,""
"exp3","exp3_103","8_NonIde_RegMod_Neg_1",40,"8","experimental","negative","nonideophone","manner","manner",,,FALSE,0,TRUE,""
"exp3","exp3_103","8_Ide_RegMod_Neg_1",0,"8","experimental","negative","ideophone","manner","manner",,,FALSE,0,TRUE,""
"exp3","exp3_103","7_NonIde_Cont_Aff_1",100,"7","experimental","affirmative","nonideophone","temporal","temporal",,,FALSE,0,TRUE,""
"exp3","exp3_103","7_Ide_Cont_Aff_1",70,"7","experimental","affirmative","ideophone","temporal","temporal",,,FALSE,0,TRUE,""
"exp3","exp3_103","6_NonIde_Cont_Neg_1",90,"6","experimental","negative","nonideophone","temporal","temporal",,,FALSE,0,TRUE,""
"exp3","exp3_103","6_Ide_Cont_Neg_1",10,"6","experimental","negative","ideophone","temporal","temporal",,,FALSE,0,TRUE,""
"exp3","exp3_103","5_NonIde_Cvb_Aff_1",75,"5","experimental","affirmative","nonideophone","converbial","manner","high",,FALSE,0,TRUE,""
"exp3","exp3_103","5_Ide_Cvb_Aff_1",85,"5","experimental","affirmative","ideophone","converbial","manner","high",,FALSE,0,TRUE,""
"exp3","exp3_103","4_NonIde_Cvb_Neg_1",20,"4","experimental","negative","nonideophone","converbial","manner","high",,FALSE,0,TRUE,""
"exp3","exp3_103","4_Ide_Cvb_Neg_1",50,"4","experimental","negative","ideophone","converbial","manner","high",,FALSE,0,TRUE,""
"exp3","exp3_103","3_NonIde_Red_Aff_1",100,"3","experimental","affirmative","nonideophone","reduplication","manner","low",,FALSE,0,TRUE,""
"exp3","exp3_103","3_Ide_Red_Aff_1",100,"3","experimental","affirmative","ideophone","reduplication","manner","low",,FALSE,0,TRUE,""
"exp3","exp3_103","2_NonIde_Red_Neg_1",40,"2","experimental","negative","nonideophone","reduplication","manner","low",,FALSE,0,TRUE,""
"exp3","exp3_103","2_Ide_Red_Neg_1",20,"2","experimental","negative","ideophone","reduplication","manner","low",,FALSE,0,TRUE,""
"exp3","exp3_103","1_NonIde_RegMod_Aff_1",100,"1","experimental","affirmative","nonideophone","manner","manner",,,FALSE,0,TRUE,""
"exp3","exp3_103","1_Ide_RegMod_Aff_1",100,"1","experimental","affirmative","ideophone","manner","manner",,,FALSE,0,TRUE,""
"exp3","exp3_104","Filler_Neg_UnGr_1_43",12,,"catch","negative",,,,,"ungrammatical",FALSE,0,TRUE,""
"exp3","exp3_104","Filler_Neg_UnGr_1_40",3,,"catch","negative",,,,,"ungrammatical",FALSE,0,TRUE,""
"exp3","exp3_104","Filler_Neg_Gr_1_44",100,,"catch","negative",,,,,"grammatical",FALSE,0,TRUE,""
"exp3","exp3_104","Filler_Neg_Gr_1_38",100,,"catch","negative",,,,,"grammatical",FALSE,0,TRUE,""
"exp3","exp3_104","Filler_Aff_UnGr_1_42",4,,"catch","affirmative",,,,,"ungrammatical",FALSE,0,TRUE,""
"exp3","exp3_104","Filler_Aff_UnGr_1_37",7,,"catch","affirmative",,,,,"ungrammatical",FALSE,0,TRUE,""
"exp3","exp3_104","Filler_Aff_Gr_1_41",100,,"catch","affirmative",,,,,"grammatical",FALSE,0,TRUE,""
"exp3","exp3_104","Filler_Aff_Gr_1_39",100,,"catch","affirmative",,,,,"grammatical",FALSE,0,TRUE,""
"exp3","exp3_104","8_NonIde_RegMod_Aff_1",100,"8","experimental","affirmative","nonideophone","manner","manner",,,FALSE,0,TRUE,""
"exp3","exp3_104","8_Ide_RegMod_Aff_1",93,"8","experimental","affirmative","ideophone","manner","manner",,,FALSE,0,TRUE,""
"exp3","exp3_104","7_NonIde_RegMod_Neg_1",100,"7","experimental","negative","nonideophone","manner","manner",,,FALSE,0,TRUE,""
"exp3","exp3_104","7_Ide_RegMod_Neg_1",100,"7","experimental","negative","ideophone","manner","manner",,,FALSE,0,TRUE,""
"exp3","exp3_104","6_NonIde_Cont_Aff_1",100,"6","experimental","affirmative","nonideophone","temporal","temporal",,,FALSE,0,TRUE,""
"exp3","exp3_104","6_Ide_Cont_Aff_1",100,"6","experimental","affirmative","ideophone","temporal","temporal",,,FALSE,0,TRUE,""
"exp3","exp3_104","5_NonIde_Cont_Neg_1",100,"5","experimental","negative","nonideophone","temporal","temporal",,,FALSE,0,TRUE,""
"exp3","exp3_104","5_Ide_Cont_Neg_1",100,"5","experimental","negative","ideophone","temporal","temporal",,,FALSE,0,TRUE,""
"exp3","exp3_104","4_NonIde_Cvb_Aff_1",100,"4","experimental","affirmative","nonideophone","converbial","manner","high",,FALSE,0,TRUE,""
"exp3","exp3_104","4_Ide_Cvb_Aff_1",100,"4","experimental","affirmative","ideophone","converbial","manner","high",,FALSE,0,TRUE,""
"exp3","exp3_104","3_NonIde_Cvb_Neg_1",100,"3","experimental","negative","nonideophone","converbial","manner","high",,FALSE,0,TRUE,""
"exp3","exp3_104","3_Ide_Cvb_Neg_1",100,"3","experimental","negative","ideophone","converbial","manner","high",,FALSE,0,TRUE,""
"exp3","exp3_104","2_NonIde_Red_Aff_1",100,"2","experimental","affirmative","nonideophone","reduplication","manner","low",,FALSE,0,TRUE,""
"exp3","exp3_104","2_Ide_Red_Aff_1",100,"2","experimental","affirmative","ideophone","reduplication","manner","low",,FALSE,0,TRUE,""
"exp3","exp3_104","1_NonIde_Red_Neg_1",100,"1","experimental","negative","nonideophone","reduplication","manner","low",,FALSE,0,TRUE,""
"exp3","exp3_104","1_Ide_Red_Neg_1",79,"1","experimental","negative","ideophone","reduplication","manner","low",,FALSE,0,TRUE,""
"exp3","exp3_105","Filler_Neg_UnGr_1_11",0,,"catch","negative",,,,,"ungrammatical",FALSE,0,TRUE,""
"exp3","exp3_105","Filler_Neg_UnGr_1_10",0,,"catch","negative",,,,,"ungrammatical",FALSE,0,TRUE,""
"exp3","exp3_105","Filler_Neg_Gr_1_7",0,,"catch","negative",,,,,"grammatical",FALSE,0,TRUE,""
"exp3","exp3_105","Filler_Neg_Gr_1_12",91,,"catch","negative",,,,,"grammatical",FALSE,0,TRUE,""
"exp3","exp3_105","Filler_Aff_UnGr_1_9",0,,"catch","affirmative",,,,,"ungrammatical",FALSE,0,TRUE,""
"exp3","exp3_105","Filler_Aff_UnGr_1_6",0,,"catch","affirmative",,,,,"ungrammatical",FALSE,0,TRUE,""
"exp3","exp3_105","Filler_Aff_Gr_1_8",100,,"catch","affirmative",,,,,"grammatical",FALSE,0,TRUE,""
"exp3","exp3_105","Filler_Aff_Gr_1_5",96,,"catch","affirmative",,,,,"grammatical",FALSE,0,TRUE,""
"exp3","exp3_105","8_NonIde_Cvb_Aff_1",0,"8","experimental","affirmative","nonideophone","converbial","manner","high",,FALSE,0,TRUE,""
"exp3","exp3_105","8_Ide_Cvb_Aff_1",80,"8","experimental","affirmative","ideophone","converbial","manner","high",,FALSE,0,TRUE,""
"exp3","exp3_105","7_NonIde_Cvb_Neg_1",61,"7","experimental","negative","nonideophone","converbial","manner","high",,FALSE,0,TRUE,""
"exp3","exp3_105","7_Ide_Cvb_Neg_1",0,"7","experimental","negative","ideophone","converbial","manner","high",,FALSE,0,TRUE,""
"exp3","exp3_105","6_NonIde_Red_Aff_1",0,"6","experimental","affirmative","nonideophone","reduplication","manner","low",,FALSE,0,TRUE,""
"exp3","exp3_105","6_Ide_Red_Aff_1",0,"6","experimental","affirmative","ideophone","reduplication","manner","low",,FALSE,0,TRUE,""
"exp3","exp3_105","5_NonIde_Red_Neg_1",59,"5","experimental","negative","nonideophone","reduplication","manner","low",,FALSE,0,TRUE,""
"exp3","exp3_105","5_Ide_Red_Neg_1",0,"5","experimental","negative","ideophone","reduplication","manner","low",,FALSE,0,TRUE,""
"exp3","exp3_105","4_NonIde_RegMod_Aff_1",100,"4","experimental","affirmative","nonideophone","manner","manner",,,FALSE,0,TRUE,""
"exp3","exp3_105","4_Ide_RegMod_Aff_1",3,"4","experimental","affirmative","ideophone","manner","manner",,,FALSE,0,TRUE,""
"exp3","exp3_105","3_NonIde_RegMod_Neg_1",3,"3","experimental","negative","nonideophone","manner","manner",,,FALSE,0,TRUE,""
"exp3","exp3_105","3_Ide_RegMod_Neg_1",0,"3","experimental","negative","ideophone","manner","manner",,,FALSE,0,TRUE,""
"exp3","exp3_105","2_NonIde_Cont_Aff_1",67,"2","experimental","affirmative","nonideophone","temporal","temporal",,,FALSE,0,TRUE,""
"exp3","exp3_105","2_Ide_Cont_Aff_1",0,"2","experimental","affirmative","ideophone","temporal","temporal",,,FALSE,0,TRUE,""
"exp3","exp3_105","1_NonIde_Cont_Neg_1",9,"1","experimental","negative","nonideophone","temporal","temporal",,,FALSE,0,TRUE,""
"exp3","exp3_105","1_Ide_Cont_Neg_1",0,"1","experimental","negative","ideophone","temporal","temporal",,,FALSE,0,TRUE,""
"exp3","exp3_106","Filler_Neg_UnGr_1_18",0,,"catch","negative",,,,,"ungrammatical",FALSE,0,TRUE,""
"exp3","exp3_106","Filler_Neg_UnGr_1_13",0,,"catch","negative",,,,,"ungrammatical",FALSE,0,TRUE,""
"exp3","exp3_106","Filler_Neg_Gr_1_17",100,,"catch","negative",,,,,"grammatical",FALSE,0,TRUE,""
"exp3","exp3_106","Filler_Neg_Gr_1_15",100,,"catch","negative",,,,,"grammatical",FALSE,0,TRUE,""
"exp3","exp3_106","Filler_Aff_UnGr_1_19",0,,"catch","affirmative",,,,,"ungrammatical",FALSE,0,TRUE,""
"exp3","exp3_106","Filler_Aff_UnGr_1_16",0,,"catch","affirmative",,,,,"ungrammatical",FALSE,0,TRUE,""
"exp3","exp3_106","Filler_Aff_Gr_1_20",100,,"catch","affirmative",,,,,"grammatical",FALSE,0,TRUE,""
"exp3","exp3_106","Filler_Aff_Gr_1_14",85,,"catch","affirmative",,,,,"grammatical",FALSE,0,TRUE,""
"exp3","exp3_106","8_NonIde_Cvb_Neg_1",100,"8","experimental","negative","nonideophone","converbial","manner","high",,FALSE,0,TRUE,""
"exp3","exp3_106","8_Ide_Cvb_Neg_1",92,"8","experimental","negative","ideophone","converbial","manner","high",,FALSE,0,TRUE,""
"exp3","exp3_106","7_NonIde_Red_Aff_1",100,"7","experimental","affirmative","nonideophone","reduplication","manner","low",,FALSE,0,TRUE,""
"exp3","exp3_106","7_Ide_Red_Aff_1",100,"7","experimental","affirmative","ideophone","reduplication","manner","low",,FALSE,0,TRUE,""
"exp3","exp3_106","6_NonIde_Red_Neg_1",81,"6","experimental","negative","nonideophone","reduplication","manner","low",,FALSE,0,TRUE,""
"exp3","exp3_106","6_Ide_Red_Neg_1",88,"6","experimental","negative","ideophone","reduplication","manner","low",,FALSE,0,TRUE,""
"exp3","exp3_106","5_NonIde_RegMod_Aff_1",100,"5","experimental","affirmative","nonideophone","manner","manner",,,FALSE,0,TRUE,""
"exp3","exp3_106","5_Ide_RegMod_Aff_1",100,"5","experimental","affirmative","ideophone","manner","manner",,,FALSE,0,TRUE,""
"exp3","exp3_106","4_NonIde_RegMod_Neg_1",89,"4","experimental","negative","nonideophone","manner","manner",,,FALSE,0,TRUE,""
"exp3","exp3_106","4_Ide_RegMod_Neg_1",68,"4","experimental","negative","ideophone","manner","manner",,,FALSE,0,TRUE,""
"exp3","exp3_106","3_NonIde_Cont_Aff_1",100,"3","experimental","affirmative","nonideophone","temporal","temporal",,,FALSE,0,TRUE,""
"exp3","exp3_106","3_Ide_Cont_Aff_1",100,"3","experimental","affirmative","ideophone","temporal","temporal",,,FALSE,0,TRUE,""
"exp3","exp3_106","2_NonIde_Cont_Neg_1",86,"2","experimental","negative","nonideophone","temporal","temporal",,,FALSE,0,TRUE,""
"exp3","exp3_106","2_Ide_Cont_Neg_1",85,"2","experimental","negative","ideophone","temporal","temporal",,,FALSE,0,TRUE,""
"exp3","exp3_106","1_NonIde_Cvb_Aff_1",100,"1","experimental","affirmative","nonideophone","converbial","manner","high",,FALSE,0,TRUE,""
"exp3","exp3_106","1_Ide_Cvb_Aff_1",69,"1","experimental","affirmative","ideophone","converbial","manner","high",,FALSE,0,TRUE,""
"exp3","exp3_107","Filler_Neg_UnGr_1_50",0,,"catch","negative",,,,,"ungrammatical",FALSE,1,TRUE,""
"exp3","exp3_107","Filler_Neg_UnGr_1_45",0,,"catch","negative",,,,,"ungrammatical",FALSE,1,TRUE,""
"exp3","exp3_107","Filler_Neg_Gr_1_49",100,,"catch","negative",,,,,"grammatical",FALSE,1,TRUE,""
"exp3","exp3_107","Filler_Neg_Gr_1_47",100,,"catch","negative",,,,,"grammatical",FALSE,1,TRUE,""
"exp3","exp3_107","Filler_Aff_UnGr_1_51",0,,"catch","affirmative",,,,,"ungrammatical",FALSE,1,TRUE,""
"exp3","exp3_107","Filler_Aff_UnGr_1_48",0,,"catch","affirmative",,,,,"ungrammatical",FALSE,1,TRUE,""
"exp3","exp3_107","Filler_Aff_Gr_1_52",30,,"catch","affirmative",,,,,"grammatical",TRUE,1,TRUE,""
"exp3","exp3_107","Filler_Aff_Gr_1_46",100,,"catch","affirmative",,,,,"grammatical",FALSE,1,TRUE,""
"exp3","exp3_107","8_NonIde_RegMod_Neg_1",0,"8","experimental","negative","nonideophone","manner","manner",,,FALSE,1,TRUE,""
"exp3","exp3_107","8_Ide_RegMod_Neg_1",0,"8","experimental","negative","ideophone","manner","manner",,,FALSE,1,TRUE,""
"exp3","exp3_107","7_NonIde_Cont_Aff_1",100,"7","experimental","affirmative","nonideophone","temporal","temporal",,,FALSE,1,TRUE,""
"exp3","exp3_107","7_Ide_Cont_Aff_1",100,"7","experimental","affirmative","ideophone","temporal","temporal",,,FALSE,1,TRUE,""
"exp3","exp3_107","6_NonIde_Cont_Neg_1",100,"6","experimental","negative","nonideophone","temporal","temporal",,,FALSE,1,TRUE,""
"exp3","exp3_107","6_Ide_Cont_Neg_1",23,"6","experimental","negative","ideophone","temporal","temporal",,,FALSE,1,TRUE,""
"exp3","exp3_107","5_NonIde_Cvb_Aff_1",100,"5","experimental","affirmative","nonideophone","converbial","manner","high",,FALSE,1,TRUE,""
"exp3","exp3_107","5_Ide_Cvb_Aff_1",100,"5","experimental","affirmative","ideophone","converbial","manner","high",,FALSE,1,TRUE,""
"exp3","exp3_107","4_NonIde_Cvb_Neg_1",0,"4","experimental","negative","nonideophone","converbial","manner","high",,FALSE,1,TRUE,""
"exp3","exp3_107","4_Ide_Cvb_Neg_1",30,"4","experimental","negative","ideophone","converbial","manner","high",,FALSE,1,TRUE,""
"exp3","exp3_107","3_NonIde_Red_Aff_1",100,"3","experimental","affirmative","nonideophone","reduplication","manner","low",,FALSE,1,TRUE,""
"exp3","exp3_107","3_Ide_Red_Aff_1",100,"3","experimental","affirmative","ideophone","reduplication","manner","low",,FALSE,1,TRUE,""
"exp3","exp3_107","2_NonIde_Red_Neg_1",0,"2","experimental","negative","nonideophone","reduplication","manner","low",,FALSE,1,TRUE,""
"exp3","exp3_107","2_Ide_Red_Neg_1",17,"2","experimental","negative","ideophone","reduplication","manner","low",,FALSE,1,TRUE,""
"exp3","exp3_107","1_NonIde_RegMod_Aff_1",100,"1","experimental","affirmative","nonideophone","manner","manner",,,FALSE,1,TRUE,""
"exp3","exp3_107","1_Ide_RegMod_Aff_1",100,"1","experimental","affirmative","ideophone","manner","manner",,,FALSE,1,TRUE,""
"exp3","exp3_108","Filler_Neg_UnGr_1_18",0,,"catch","negative",,,,,"ungrammatical",FALSE,0,TRUE,""
"exp3","exp3_108","Filler_Neg_UnGr_1_13",0,,"catch","negative",,,,,"ungrammatical",FALSE,0,TRUE,""
"exp3","exp3_108","Filler_Neg_Gr_1_17",60,,"catch","negative",,,,,"grammatical",FALSE,0,TRUE,""
"exp3","exp3_108","Filler_Neg_Gr_1_15",90,,"catch","negative",,,,,"grammatical",FALSE,0,TRUE,""
"exp3","exp3_108","Filler_Aff_UnGr_1_19",0,,"catch","affirmative",,,,,"ungrammatical",FALSE,0,TRUE,""
"exp3","exp3_108","Filler_Aff_UnGr_1_16",0,,"catch","affirmative",,,,,"ungrammatical",FALSE,0,TRUE,""
"exp3","exp3_108","Filler_Aff_Gr_1_20",100,,"catch","affirmative",,,,,"grammatical",FALSE,0,TRUE,""
"exp3","exp3_108","Filler_Aff_Gr_1_14",100,,"catch","affirmative",,,,,"grammatical",FALSE,0,TRUE,""
"exp3","exp3_108","8_NonIde_Cvb_Neg_1",30,"8","experimental","negative","nonideophone","converbial","manner","high",,FALSE,0,TRUE,""
"exp3","exp3_108","8_Ide_Cvb_Neg_1",30,"8","experimental","negative","ideophone","converbial","manner","high",,FALSE,0,TRUE,""
"exp3","exp3_108","7_NonIde_Red_Aff_1",80,"7","experimental","affirmative","nonideophone","reduplication","manner","low",,FALSE,0,TRUE,""
"exp3","exp3_108","7_Ide_Red_Aff_1",100,"7","experimental","affirmative","ideophone","reduplication","manner","low",,FALSE,0,TRUE,""
"exp3","exp3_108","6_NonIde_Red_Neg_1",0,"6","experimental","negative","nonideophone","reduplication","manner","low",,FALSE,0,TRUE,""
"exp3","exp3_108","6_Ide_Red_Neg_1",40,"6","experimental","negative","ideophone","reduplication","manner","low",,FALSE,0,TRUE,""
"exp3","exp3_108","5_NonIde_RegMod_Aff_1",100,"5","experimental","affirmative","nonideophone","manner","manner",,,FALSE,0,TRUE,""
"exp3","exp3_108","5_Ide_RegMod_Aff_1",100,"5","experimental","affirmative","ideophone","manner","manner",,,FALSE,0,TRUE,""
"exp3","exp3_108","4_NonIde_RegMod_Neg_1",62,"4","experimental","negative","nonideophone","manner","manner",,,FALSE,0,TRUE,""
"exp3","exp3_108","4_Ide_RegMod_Neg_1",88,"4","experimental","negative","ideophone","manner","manner",,,FALSE,0,TRUE,""
"exp3","exp3_108","3_NonIde_Cont_Aff_1",90,"3","experimental","affirmative","nonideophone","temporal","temporal",,,FALSE,0,TRUE,""
"exp3","exp3_108","3_Ide_Cont_Aff_1",100,"3","experimental","affirmative","ideophone","temporal","temporal",,,FALSE,0,TRUE,""
"exp3","exp3_108","2_NonIde_Cont_Neg_1",81,"2","experimental","negative","nonideophone","temporal","temporal",,,FALSE,0,TRUE,""
"exp3","exp3_108","2_Ide_Cont_Neg_1",100,"2","experimental","negative","ideophone","temporal","temporal",,,FALSE,0,TRUE,""
"exp3","exp3_108","1_NonIde_Cvb_Aff_1",0,"1","experimental","affirmative","nonideophone","converbial","manner","high",,FALSE,0,TRUE,""
"exp3","exp3_108","1_Ide_Cvb_Aff_1",100,"1","experimental","affirmative","ideophone","converbial","manner","high",,FALSE,0,TRUE,""
"exp3","exp3_109","Filler_Neg_UnGr_1_34",18,,"catch","negative",,,,,"ungrammatical",FALSE,0,TRUE,""
"exp3","exp3_109","Filler_Neg_UnGr_1_30",19,,"catch","negative",,,,,"ungrammatical",FALSE,0,TRUE,""
"exp3","exp3_109","Filler_Neg_Gr_1_33",85,,"catch","negative",,,,,"grammatical",FALSE,0,TRUE,""
"exp3","exp3_109","Filler_Neg_Gr_1_31",66,,"catch","negative",,,,,"grammatical",FALSE,0,TRUE,""
"exp3","exp3_109","Filler_Aff_UnGr_1_35",12,,"catch","affirmative",,,,,"ungrammatical",FALSE,0,TRUE,""
"exp3","exp3_109","Filler_Aff_UnGr_1_32",16,,"catch","affirmative",,,,,"ungrammatical",FALSE,0,TRUE,""
"exp3","exp3_109","Filler_Aff_Gr_1_36",69,,"catch","affirmative",,,,,"grammatical",FALSE,0,TRUE,""
"exp3","exp3_109","Filler_Aff_Gr_1_29",84,,"catch","affirmative",,,,,"grammatical",FALSE,0,TRUE,""
"exp3","exp3_109","8_NonIde_Red_Neg_1",42,"8","experimental","negative","nonideophone","reduplication","manner","low",,FALSE,0,TRUE,""
"exp3","exp3_109","8_Ide_Red_Neg_1",38,"8","experimental","negative","ideophone","reduplication","manner","low",,FALSE,0,TRUE,""
"exp3","exp3_109","7_NonIde_RegMod_Aff_1",93,"7","experimental","affirmative","nonideophone","manner","manner",,,FALSE,0,TRUE,""
"exp3","exp3_109","7_Ide_RegMod_Aff_1",98,"7","experimental","affirmative","ideophone","manner","manner",,,FALSE,0,TRUE,""
"exp3","exp3_109","6_NonIde_RegMod_Neg_1",16,"6","experimental","negative","nonideophone","manner","manner",,,FALSE,0,TRUE,""
"exp3","exp3_109","6_Ide_RegMod_Neg_1",28,"6","experimental","negative","ideophone","manner","manner",,,FALSE,0,TRUE,""
"exp3","exp3_109","5_NonIde_Cont_Aff_1",87,"5","experimental","affirmative","nonideophone","temporal","temporal",,,FALSE,0,TRUE,""
"exp3","exp3_109","5_Ide_Cont_Aff_1",97,"5","experimental","affirmative","ideophone","temporal","temporal",,,FALSE,0,TRUE,""
"exp3","exp3_109","4_NonIde_Cont_Neg_1",63,"4","experimental","negative","nonideophone","temporal","temporal",,,FALSE,0,TRUE,""
"exp3","exp3_109","4_Ide_Cont_Neg_1",70,"4","experimental","negative","ideophone","temporal","temporal",,,FALSE,0,TRUE,""
"exp3","exp3_109","3_NonIde_Cvb_Aff_1",90,"3","experimental","affirmative","nonideophone","converbial","manner","high",,FALSE,0,TRUE,""
"exp3","exp3_109","3_Ide_Cvb_Aff_1",95,"3","experimental","affirmative","ideophone","converbial","manner","high",,FALSE,0,TRUE,""
"exp3","exp3_109","2_NonIde_Cvb_Neg_1",65,"2","experimental","negative","nonideophone","converbial","manner","high",,FALSE,0,TRUE,""
"exp3","exp3_109","2_Ide_Cvb_Neg_1",20,"2","experimental","negative","ideophone","converbial","manner","high",,FALSE,0,TRUE,""
"exp3","exp3_109","1_NonIde_Red_Aff_1",95,"1","experimental","affirmative","nonideophone","reduplication","manner","low",,FALSE,0,TRUE,""
"exp3","exp3_109","1_Ide_Red_Aff_1",85,"1","experimental","affirmative","ideophone","reduplication","manner","low",,FALSE,0,TRUE,""
"exp3","exp3_110","Filler_Neg_UnGr_1_27",0,,"catch","negative",,,,,"ungrammatical",FALSE,0,TRUE,""
"exp3","exp3_110","Filler_Neg_UnGr_1_24",0,,"catch","negative",,,,,"ungrammatical",FALSE,0,TRUE,""
"exp3","exp3_110","Filler_Neg_Gr_1_28",86,,"catch","negative",,,,,"grammatical",FALSE,0,TRUE,""
"exp3","exp3_110","Filler_Neg_Gr_1_21",22,,"catch","negative",,,,,"grammatical",FALSE,0,TRUE,""
"exp3","exp3_110","Filler_Aff_UnGr_1_26",0,,"catch","affirmative",,,,,"ungrammatical",FALSE,0,TRUE,""
"exp3","exp3_110","Filler_Aff_UnGr_1_22",0,,"catch","affirmative",,,,,"ungrammatical",FALSE,0,TRUE,""
"exp3","exp3_110","Filler_Aff_Gr_1_25",100,,"catch","affirmative",,,,,"grammatical",FALSE,0,TRUE,""
"exp3","exp3_110","Filler_Aff_Gr_1_23",100,,"catch","affirmative",,,,,"grammatical",FALSE,0,TRUE,""
"exp3","exp3_110","8_NonIde_Red_Aff_1",89,"8","experimental","affirmative","nonideophone","reduplication","manner","low",,FALSE,0,TRUE,""
"exp3","exp3_110","8_Ide_Red_Aff_1",91,"8","experimental","affirmative","ideophone","reduplication","manner","low",,FALSE,0,TRUE,""
"exp3","exp3_110","7_NonIde_Red_Neg_1",61,"7","experimental","negative","nonideophone","reduplication","manner","low",,FALSE,0,TRUE,""
"exp3","exp3_110","7_Ide_Red_Neg_1",17,"7","experimental","negative","ideophone","reduplication","manner","low",,FALSE,0,TRUE,""
"exp3","exp3_110","6_NonIde_RegMod_Aff_1",94,"6","experimental","affirmative","nonideophone","manner","manner",,,FALSE,0,TRUE,""
"exp3","exp3_110","6_Ide_RegMod_Aff_1",100,"6","experimental","affirmative","ideophone","manner","manner",,,FALSE,0,TRUE,""
"exp3","exp3_110","5_NonIde_RegMod_Neg_1",61,"5","experimental","negative","nonideophone","manner","manner",,,FALSE,0,TRUE,""
"exp3","exp3_110","5_Ide_RegMod_Neg_1",0,"5","experimental","negative","ideophone","manner","manner",,,FALSE,0,TRUE,""
"exp3","exp3_110","4_NonIde_Cont_Aff_1",100,"4","experimental","affirmative","nonideophone","temporal","temporal",,,FALSE,0,TRUE,""
"exp3","exp3_110","4_Ide_Cont_Aff_1",100,"4","experimental","affirmative","ideophone","temporal","temporal",,,FALSE,0,TRUE,""
"exp3","exp3_110","3_NonIde_Cont_Neg_1",62,"3","experimental","negative","nonideophone","temporal","temporal",,,FALSE,0,TRUE,""
"exp3","exp3_110","3_Ide_Cont_Neg_1",36,"3","experimental","negative","ideophone","temporal","temporal",,,FALSE,0,TRUE,""
"exp3","exp3_110","2_NonIde_Cvb_Aff_1",97,"2","experimental","affirmative","nonideophone","converbial","manner","high",,FALSE,0,TRUE,""
"exp3","exp3_110","2_Ide_Cvb_Aff_1",67,"2","experimental","affirmative","ideophone","converbial","manner","high",,FALSE,0,TRUE,""
"exp3","exp3_110","1_NonIde_Cvb_Neg_1",12,"1","experimental","negative","nonideophone","converbial","manner","high",,FALSE,0,TRUE,""
"exp3","exp3_110","1_Ide_Cvb_Neg_1",6,"1","experimental","negative","ideophone","converbial","manner","high",,FALSE,0,TRUE,""
"exp3","exp3_111","Filler_Neg_UnGr_1_50",0,,"catch","negative",,,,,"ungrammatical",FALSE,0,TRUE,""
"exp3","exp3_111","Filler_Neg_UnGr_1_45",0,,"catch","negative",,,,,"ungrammatical",FALSE,0,TRUE,""
"exp3","exp3_111","Filler_Neg_Gr_1_49",100,,"catch","negative",,,,,"grammatical",FALSE,0,TRUE,""
"exp3","exp3_111","Filler_Neg_Gr_1_47",100,,"catch","negative",,,,,"grammatical",FALSE,0,TRUE,""
"exp3","exp3_111","Filler_Aff_UnGr_1_51",0,,"catch","affirmative",,,,,"ungrammatical",FALSE,0,TRUE,""
"exp3","exp3_111","Filler_Aff_UnGr_1_48",0,,"catch","affirmative",,,,,"ungrammatical",FALSE,0,TRUE,""
"exp3","exp3_111","Filler_Aff_Gr_1_52",90,,"catch","affirmative",,,,,"grammatical",FALSE,0,TRUE,""
"exp3","exp3_111","Filler_Aff_Gr_1_46",100,,"catch","affirmative",,,,,"grammatical",FALSE,0,TRUE,""
"exp3","exp3_111","8_NonIde_RegMod_Neg_1",90,"8","experimental","negative","nonideophone","manner","manner",,,FALSE,0,TRUE,""
"exp3","exp3_111","8_Ide_RegMod_Neg_1",80,"8","experimental","negative","ideophone","manner","manner",,,FALSE,0,TRUE,""
"exp3","exp3_111","7_NonIde_Cont_Aff_1",100,"7","experimental","affirmative","nonideophone","temporal","temporal",,,FALSE,0,TRUE,""
"exp3","exp3_111","7_Ide_Cont_Aff_1",100,"7","experimental","affirmative","ideophone","temporal","temporal",,,FALSE,0,TRUE,""
"exp3","exp3_111","6_NonIde_Cont_Neg_1",100,"6","experimental","negative","nonideophone","temporal","temporal",,,FALSE,0,TRUE,""
"exp3","exp3_111","6_Ide_Cont_Neg_1",80,"6","experimental","negative","ideophone","temporal","temporal",,,FALSE,0,TRUE,""
"exp3","exp3_111","5_NonIde_Cvb_Aff_1",100,"5","experimental","affirmative","nonideophone","converbial","manner","high",,FALSE,0,TRUE,""
"exp3","exp3_111","5_Ide_Cvb_Aff_1",100,"5","experimental","affirmative","ideophone","converbial","manner","high",,FALSE,0,TRUE,""
"exp3","exp3_111","4_NonIde_Cvb_Neg_1",80,"4","experimental","negative","nonideophone","converbial","manner","high",,FALSE,0,TRUE,""
"exp3","exp3_111","4_Ide_Cvb_Neg_1",100,"4","experimental","negative","ideophone","converbial","manner","high",,FALSE,0,TRUE,""
"exp3","exp3_111","3_NonIde_Red_Aff_1",100,"3","experimental","affirmative","nonideophone","reduplication","manner","low",,FALSE,0,TRUE,""
"exp3","exp3_111","3_Ide_Red_Aff_1",100,"3","experimental","affirmative","ideophone","reduplication","manner","low",,FALSE,0,TRUE,""
"exp3","exp3_111","2_NonIde_Red_Neg_1",90,"2","experimental","negative","nonideophone","reduplication","manner","low",,FALSE,0,TRUE,""
"exp3","exp3_111","2_Ide_Red_Neg_1",90,"2","experimental","negative","ideophone","reduplication","manner","low",,FALSE,0,TRUE,""
"exp3","exp3_111","1_NonIde_RegMod_Aff_1",100,"1","experimental","affirmative","nonideophone","manner","manner",,,FALSE,0,TRUE,""
"exp3","exp3_111","1_Ide_RegMod_Aff_1",100,"1","experimental","affirmative","ideophone","manner","manner",,,FALSE,0,TRUE,""
"exp3","exp3_112","Filler_Neg_UnGr_1_27",0,,"catch","negative",,,,,"ungrammatical",FALSE,0,TRUE,""
"exp3","exp3_112","Filler_Neg_UnGr_1_24",0,,"catch","negative",,,,,"ungrammatical",FALSE,0,TRUE,""
"exp3","exp3_112","Filler_Neg_Gr_1_28",100,,"catch","negative",,,,,"grammatical",FALSE,0,TRUE,""
"exp3","exp3_112","Filler_Neg_Gr_1_21",27,,"catch","negative",,,,,"grammatical",FALSE,0,TRUE,""
"exp3","exp3_112","Filler_Aff_UnGr_1_26",0,,"catch","affirmative",,,,,"ungrammatical",FALSE,0,TRUE,""
"exp3","exp3_112","Filler_Aff_UnGr_1_22",0,,"catch","affirmative",,,,,"ungrammatical",FALSE,0,TRUE,""
"exp3","exp3_112","Filler_Aff_Gr_1_25",100,,"catch","affirmative",,,,,"grammatical",FALSE,0,TRUE,""
"exp3","exp3_112","Filler_Aff_Gr_1_23",100,,"catch","affirmative",,,,,"grammatical",FALSE,0,TRUE,""
"exp3","exp3_112","8_NonIde_Red_Aff_1",100,"8","experimental","affirmative","nonideophone","reduplication","manner","low",,FALSE,0,TRUE,""
"exp3","exp3_112","8_Ide_Red_Aff_1",100,"8","experimental","affirmative","ideophone","reduplication","manner","low",,FALSE,0,TRUE,""
"exp3","exp3_112","7_NonIde_Red_Neg_1",100,"7","experimental","negative","nonideophone","reduplication","manner","low",,FALSE,0,TRUE,""
"exp3","exp3_112","7_Ide_Red_Neg_1",11,"7","experimental","negative","ideophone","reduplication","manner","low",,FALSE,0,TRUE,""
"exp3","exp3_112","6_NonIde_RegMod_Aff_1",100,"6","experimental","affirmative","nonideophone","manner","manner",,,FALSE,0,TRUE,""
"exp3","exp3_112","6_Ide_RegMod_Aff_1",100,"6","experimental","affirmative","ideophone","manner","manner",,,FALSE,0,TRUE,""
"exp3","exp3_112","5_NonIde_RegMod_Neg_1",22,"5","experimental","negative","nonideophone","manner","manner",,,FALSE,0,TRUE,""
"exp3","exp3_112","5_Ide_RegMod_Neg_1",0,"5","experimental","negative","ideophone","manner","manner",,,FALSE,0,TRUE,""
"exp3","exp3_112","4_NonIde_Cont_Aff_1",100,"4","experimental","affirmative","nonideophone","temporal","temporal",,,FALSE,0,TRUE,""
"exp3","exp3_112","4_Ide_Cont_Aff_1",100,"4","experimental","affirmative","ideophone","temporal","temporal",,,FALSE,0,TRUE,""
"exp3","exp3_112","3_NonIde_Cont_Neg_1",100,"3","experimental","negative","nonideophone","temporal","temporal",,,FALSE,0,TRUE,""
"exp3","exp3_112","3_Ide_Cont_Neg_1",100,"3","experimental","negative","ideophone","temporal","temporal",,,FALSE,0,TRUE,""
"exp3","exp3_112","2_NonIde_Cvb_Aff_1",100,"2","experimental","affirmative","nonideophone","converbial","manner","high",,FALSE,0,TRUE,""
"exp3","exp3_112","2_Ide_Cvb_Aff_1",100,"2","experimental","affirmative","ideophone","converbial","manner","high",,FALSE,0,TRUE,""
"exp3","exp3_112","1_NonIde_Cvb_Neg_1",25,"1","experimental","negative","nonideophone","converbial","manner","high",,FALSE,0,TRUE,""
"exp3","exp3_112","1_Ide_Cvb_Neg_1",29,"1","experimental","negative","ideophone","converbial","manner","high",,FALSE,0,TRUE,""
"exp3","exp3_113","Filler_Neg_UnGr_1_27",4,,"catch","negative",,,,,"ungrammatical",FALSE,0,TRUE,""
"exp3","exp3_113","Filler_Neg_UnGr_1_24",0,,"catch","negative",,,,,"ungrammatical",FALSE,0,TRUE,""
"exp3","exp3_113","Filler_Neg_Gr_1_28",82,,"catch","negative",,,,,"grammatical",FALSE,0,TRUE,""
"exp3","exp3_113","Filler_Neg_Gr_1_21",100,,"catch","negative",,,,,"grammatical",FALSE,0,TRUE,""
"exp3","exp3_113","Filler_Aff_UnGr_1_26",11,,"catch","affirmative",,,,,"ungrammatical",FALSE,0,TRUE,""
"exp3","exp3_113","Filler_Aff_UnGr_1_22",0,,"catch","affirmative",,,,,"ungrammatical",FALSE,0,TRUE,""
"exp3","exp3_113","Filler_Aff_Gr_1_25",100,,"catch","affirmative",,,,,"grammatical",FALSE,0,TRUE,""
"exp3","exp3_113","Filler_Aff_Gr_1_23",100,,"catch","affirmative",,,,,"grammatical",FALSE,0,TRUE,""
"exp3","exp3_113","8_NonIde_Red_Aff_1",100,"8","experimental","affirmative","nonideophone","reduplication","manner","low",,FALSE,0,TRUE,""
"exp3","exp3_113","8_Ide_Red_Aff_1",96,"8","experimental","affirmative","ideophone","reduplication","manner","low",,FALSE,0,TRUE,""
"exp3","exp3_113","7_NonIde_Red_Neg_1",77,"7","experimental","negative","nonideophone","reduplication","manner","low",,FALSE,0,TRUE,""
"exp3","exp3_113","7_Ide_Red_Neg_1",79,"7","experimental","negative","ideophone","reduplication","manner","low",,FALSE,0,TRUE,""
"exp3","exp3_113","6_NonIde_RegMod_Aff_1",100,"6","experimental","affirmative","nonideophone","manner","manner",,,FALSE,0,TRUE,""
"exp3","exp3_113","6_Ide_RegMod_Aff_1",100,"6","experimental","affirmative","ideophone","manner","manner",,,FALSE,0,TRUE,""
"exp3","exp3_113","5_NonIde_RegMod_Neg_1",91,"5","experimental","negative","nonideophone","manner","manner",,,FALSE,0,TRUE,""
"exp3","exp3_113","5_Ide_RegMod_Neg_1",92,"5","experimental","negative","ideophone","manner","manner",,,FALSE,0,TRUE,""
"exp3","exp3_113","4_NonIde_Cont_Aff_1",96,"4","experimental","affirmative","nonideophone","temporal","temporal",,,FALSE,0,TRUE,""
"exp3","exp3_113","4_Ide_Cont_Aff_1",100,"4","experimental","affirmative","ideophone","temporal","temporal",,,FALSE,0,TRUE,""
"exp3","exp3_113","3_NonIde_Cont_Neg_1",98,"3","experimental","negative","nonideophone","temporal","temporal",,,FALSE,0,TRUE,""
"exp3","exp3_113","3_Ide_Cont_Neg_1",86,"3","experimental","negative","ideophone","temporal","temporal",,,FALSE,0,TRUE,""
"exp3","exp3_113","2_NonIde_Cvb_Aff_1",100,"2","experimental","affirmative","nonideophone","converbial","manner","high",,FALSE,0,TRUE,""
"exp3","exp3_113","2_Ide_Cvb_Aff_1",100,"2","experimental","affirmative","ideophone","converbial","manner","high",,FALSE,0,TRUE,""
"exp3","exp3_113","1_NonIde_Cvb_Neg_1",32,"1","experimental","negative","nonideophone","converbial","manner","high",,FALSE,0,TRUE,""
"exp3","exp3_113","1_Ide_Cvb_Neg_1",87,"1","experimental","negative","ideophone","converbial","manner","high",,FALSE,0,TRUE,""
"exp3","exp3_114","Filler_Neg_UnGr_1_43",0,,"catch","negative",,,,,"ungrammatical",FALSE,0,TRUE,""
"exp3","exp3_114","Filler_Neg_UnGr_1_40",0,,"catch","negative",,,,,"ungrammatical",FALSE,0,TRUE,""
"exp3","exp3_114","Filler_Neg_Gr_1_44",100,,"catch","negative",,,,,"grammatical",FALSE,0,TRUE,""
"exp3","exp3_114","Filler_Neg_Gr_1_38",100,,"catch","negative",,,,,"grammatical",FALSE,0,TRUE,""
"exp3","exp3_114","Filler_Aff_UnGr_1_42",0,,"catch","affirmative",,,,,"ungrammatical",FALSE,0,TRUE,""
"exp3","exp3_114","Filler_Aff_UnGr_1_37",0,,"catch","affirmative",,,,,"ungrammatical",FALSE,0,TRUE,""
"exp3","exp3_114","Filler_Aff_Gr_1_41",100,,"catch","affirmative",,,,,"grammatical",FALSE,0,TRUE,""
"exp3","exp3_114","Filler_Aff_Gr_1_39",100,,"catch","affirmative",,,,,"grammatical",FALSE,0,TRUE,""
"exp3","exp3_114","8_NonIde_RegMod_Aff_1",100,"8","experimental","affirmative","nonideophone","manner","manner",,,FALSE,0,TRUE,""
"exp3","exp3_114","8_Ide_RegMod_Aff_1",100,"8","experimental","affirmative","ideophone","manner","manner",,,FALSE,0,TRUE,""
"exp3","exp3_114","7_NonIde_RegMod_Neg_1",100,"7","experimental","negative","nonideophone","manner","manner",,,FALSE,0,TRUE,""
"exp3","exp3_114","7_Ide_RegMod_Neg_1",100,"7","experimental","negative","ideophone","manner","manner",,,FALSE,0,TRUE,""
"exp3","exp3_114","6_NonIde_Cont_Aff_1",100,"6","experimental","affirmative","nonideophone","temporal","temporal",,,FALSE,0,TRUE,""
"exp3","exp3_114","6_Ide_Cont_Aff_1",100,"6","experimental","affirmative","ideophone","temporal","temporal",,,FALSE,0,TRUE,""
"exp3","exp3_114","5_NonIde_Cont_Neg_1",91,"5","experimental","negative","nonideophone","temporal","temporal",,,FALSE,0,TRUE,""
"exp3","exp3_114","5_Ide_Cont_Neg_1",81,"5","experimental","negative","ideophone","temporal","temporal",,,FALSE,0,TRUE,""
"exp3","exp3_114","4_NonIde_Cvb_Aff_1",100,"4","experimental","affirmative","nonideophone","converbial","manner","high",,FALSE,0,TRUE,""
"exp3","exp3_114","4_Ide_Cvb_Aff_1",100,"4","experimental","affirmative","ideophone","converbial","manner","high",,FALSE,0,TRUE,""
"exp3","exp3_114","3_NonIde_Cvb_Neg_1",100,"3","experimental","negative","nonideophone","converbial","manner","high",,FALSE,0,TRUE,""
"exp3","exp3_114","3_Ide_Cvb_Neg_1",100,"3","experimental","negative","ideophone","converbial","manner","high",,FALSE,0,TRUE,""
"exp3","exp3_114","2_NonIde_Red_Aff_1",100,"2","experimental","affirmative","nonideophone","reduplication","manner","low",,FALSE,0,TRUE,""
"exp3","exp3_114","2_Ide_Red_Aff_1",100,"2","experimental","affirmative","ideophone","reduplication","manner","low",,FALSE,0,TRUE,""
"exp3","exp3_114","1_NonIde_Red_Neg_1",90,"1","experimental","negative","nonideophone","reduplication","manner","low",,FALSE,0,TRUE,""
"exp3","exp3_114","1_Ide_Red_Neg_1",100,"1","experimental","negative","ideophone","reduplication","manner","low",,FALSE,0,TRUE,""
"exp3","exp3_115","Filler_Neg_UnGr_1_34",0,,"catch","negative",,,,,"ungrammatical",FALSE,0,TRUE,""
"exp3","exp3_115","Filler_Neg_UnGr_1_30",0,,"catch","negative",,,,,"ungrammatical",FALSE,0,TRUE,""
"exp3","exp3_115","Filler_Neg_Gr_1_33",100,,"catch","negative",,,,,"grammatical",FALSE,0,TRUE,""
"exp3","exp3_115","Filler_Neg_Gr_1_31",100,,"catch","negative",,,,,"grammatical",FALSE,0,TRUE,""
"exp3","exp3_115","Filler_Aff_UnGr_1_35",0,,"catch","affirmative",,,,,"ungrammatical",FALSE,0,TRUE,""
"exp3","exp3_115","Filler_Aff_UnGr_1_32",0,,"catch","affirmative",,,,,"ungrammatical",FALSE,0,TRUE,""
"exp3","exp3_115","Filler_Aff_Gr_1_36",100,,"catch","affirmative",,,,,"grammatical",FALSE,0,TRUE,""
"exp3","exp3_115","Filler_Aff_Gr_1_29",100,,"catch","affirmative",,,,,"grammatical",FALSE,0,TRUE,""
"exp3","exp3_115","8_NonIde_Red_Neg_1",81,"8","experimental","negative","nonideophone","reduplication","manner","low",,FALSE,0,TRUE,""
"exp3","exp3_115","8_Ide_Red_Neg_1",93,"8","experimental","negative","ideophone","reduplication","manner","low",,FALSE,0,TRUE,""
"exp3","exp3_115","7_NonIde_RegMod_Aff_1",79,"7","experimental","affirmative","nonideophone","manner","manner",,,FALSE,0,TRUE,""
"exp3","exp3_115","7_Ide_RegMod_Aff_1",100,"7","experimental","affirmative","ideophone","manner","manner",,,FALSE,0,TRUE,""
"exp3","exp3_115","6_NonIde_RegMod_Neg_1",30,"6","experimental","negative","nonideophone","manner","manner",,,FALSE,0,TRUE,""
"exp3","exp3_115","6_Ide_RegMod_Neg_1",80,"6","experimental","negative","ideophone","manner","manner",,,FALSE,0,TRUE,""
"exp3","exp3_115","5_NonIde_Cont_Aff_1",100,"5","experimental","affirmative","nonideophone","temporal","temporal",,,FALSE,0,TRUE,""
"exp3","exp3_115","5_Ide_Cont_Aff_1",100,"5","experimental","affirmative","ideophone","temporal","temporal",,,FALSE,0,TRUE,""
"exp3","exp3_115","4_NonIde_Cont_Neg_1",82,"4","experimental","negative","nonideophone","temporal","temporal",,,FALSE,0,TRUE,""
"exp3","exp3_115","4_Ide_Cont_Neg_1",100,"4","experimental","negative","ideophone","temporal","temporal",,,FALSE,0,TRUE,""
"exp3","exp3_115","3_NonIde_Cvb_Aff_1",100,"3","experimental","affirmative","nonideophone","converbial","manner","high",,FALSE,0,TRUE,""
"exp3","exp3_115","3_Ide_Cvb_Aff_1",100,"3","experimental","affirmative","ideophone","converbial","manner","high",,FALSE,0,TRUE,""
"exp3","exp3_115","2_NonIde_Cvb_Neg_1",100,"2","experimental","negative","nonideophone","converbial","manner","high",,FALSE,0,TRUE,""
"exp3","exp3_115","2_Ide_Cvb_Neg_1",80,"2","experimental","negative","ideophone","converbial","manner","high",,FALSE,0,TRUE,""
"exp3","exp3_115","1_NonIde_Red_Aff_1",100,"1","experimental","affirmative","nonideophone","reduplication","manner","low",,FALSE,0,TRUE,""
"exp3","exp3_115","1_Ide_Red_Aff_1",100,"1","experimental","affirmative","ideophone","reduplication","manner","low",,FALSE,0,TRUE,""
"exp3","exp3_116","Filler_Neg_UnGr_1_50",0,,"catch","negative",,,,,"ungrammatical",FALSE,0,TRUE,""
"exp3","exp3_116","Filler_Neg_UnGr_1_45",0,,"catch","negative",,,,,"ungrammatical",FALSE,0,TRUE,""
"exp3","exp3_116","Filler_Neg_Gr_1_49",100,,"catch","negative",,,,,"grammatical",FALSE,0,TRUE,""
"exp3","exp3_116","Filler_Neg_Gr_1_47",90,,"catch","negative",,,,,"grammatical",FALSE,0,TRUE,""
"exp3","exp3_116","Filler_Aff_UnGr_1_51",0,,"catch","affirmative",,,,,"ungrammatical",FALSE,0,TRUE,""
"exp3","exp3_116","Filler_Aff_UnGr_1_48",0,,"catch","affirmative",,,,,"ungrammatical",FALSE,0,TRUE,""
"exp3","exp3_116","Filler_Aff_Gr_1_52",100,,"catch","affirmative",,,,,"grammatical",FALSE,0,TRUE,""
"exp3","exp3_116","Filler_Aff_Gr_1_46",100,,"catch","affirmative",,,,,"grammatical",FALSE,0,TRUE,""
"exp3","exp3_116","8_NonIde_RegMod_Neg_1",20,"8","experimental","negative","nonideophone","manner","manner",,,FALSE,0,TRUE,""
"exp3","exp3_116","8_Ide_RegMod_Neg_1",20,"8","experimental","negative","ideophone","manner","manner",,,FALSE,0,TRUE,""
"exp3","exp3_116","7_NonIde_Cont_Aff_1",100,"7","experimental","affirmative","nonideophone","temporal","temporal",,,FALSE,0,TRUE,""
"exp3","exp3_116","7_Ide_Cont_Aff_1",90,"7","experimental","affirmative","ideophone","temporal","temporal",,,FALSE,0,TRUE,""
"exp3","exp3_116","6_NonIde_Cont_Neg_1",100,"6","experimental","negative","nonideophone","temporal","temporal",,,FALSE,0,TRUE,""
"exp3","exp3_116","6_Ide_Cont_Neg_1",20,"6","experimental","negative","ideophone","temporal","temporal",,,FALSE,0,TRUE,""
"exp3","exp3_116","5_NonIde_Cvb_Aff_1",100,"5","experimental","affirmative","nonideophone","converbial","manner","high",,FALSE,0,TRUE,""
"exp3","exp3_116","5_Ide_Cvb_Aff_1",100,"5","experimental","affirmative","ideophone","converbial","manner","high",,FALSE,0,TRUE,""
"exp3","exp3_116","4_NonIde_Cvb_Neg_1",0,"4","experimental","negative","nonideophone","converbial","manner","high",,FALSE,0,TRUE,""
"exp3","exp3_116","4_Ide_Cvb_Neg_1",30,"4","experimental","negative","ideophone","converbial","manner","high",,FALSE,0,TRUE,""
"exp3","exp3_116","3_NonIde_Red_Aff_1",89,"3","experimental","affirmative","nonideophone","reduplication","manner","low",,FALSE,0,TRUE,""
"exp3","exp3_116","3_Ide_Red_Aff_1",100,"3","experimental","affirmative","ideophone","reduplication","manner","low",,FALSE,0,TRUE,""
"exp3","exp3_116","2_NonIde_Red_Neg_1",30,"2","experimental","negative","nonideophone","reduplication","manner","low",,FALSE,0,TRUE,""
"exp3","exp3_116","2_Ide_Red_Neg_1",20,"2","experimental","negative","ideophone","reduplication","manner","low",,FALSE,0,TRUE,""
"exp3","exp3_116","1_NonIde_RegMod_Aff_1",100,"1","experimental","affirmative","nonideophone","manner","manner",,,FALSE,0,TRUE,""
"exp3","exp3_116","1_Ide_RegMod_Aff_1",100,"1","experimental","affirmative","ideophone","manner","manner",,,FALSE,0,TRUE,""
